price,total_volume,buy_volume,sell_volume,buy_value,sell_value,node_type
90969.10000000,12.16300000,12.05700000,0.10600000,1096815.64380000,9642.72830000,HIGH_VOLUME_NODE
90980.60000000,13.16500000,2.32900000,10.83600000,211894.04770000,985865.78420000,HIGH_VOLUME_NODE
90982.10000000,12.69600000,0.91200000,11.78400000,82975.70310000,1072134.24000000,HIGH_VOLUME_NODE
90989.20000000,12.70500000,10.95900000,1.74600000,997151.73870000,158867.31780000,HIGH_VOLUME_NODE
90992.80000000,12.20100000,1.07900000,11.12200000,98181.33910000,1012023.03380000,HIGH_VOLUME_NODE
90999.90000000,28.17800000,7.40200000,20.77600000,673582.00000000,1890616.00000000,HIGH_VOLUME_NODE
91001.60000000,15.54000000,14.53800000,1.00200000,1322982.68810000,91183.69710000,HIGH_VOLUME_NODE
91003.30000000,13.76600000,7.99200000,5.77400000,727299.17280000,525453.63160000,HIGH_VOLUME_NODE
91011.40000000,16.65800000,16.65000000,0.00800000,1515341.47500000,728.09200000,HIGH_VOLUME_NODE
91030.10000000,24.64300000,12.30700000,12.33600000,1120308.29880000,1122947.32510000,HIGH_VOLUME_NODE
91032.60000000,14.68000000,0.86600000,13.81400000,78834.28670000,1257524.33740000,HIGH_VOLUME_NODE
91043.60000000,19.62400000,0.33600000,19.28800000,30590.65300000,1756048.96450000,HIGH_VOLUME_NODE
91073.10000000,19.98800000,19.56500000,0.42300000,1781847.15740000,38523.92310000,HIGH_VOLUME_NODE
91091.60000000,13.23800000,12.22600000,1.01200000,1113687.11520000,92184.78280000,HIGH_VOLUME_NODE
91110.40000000,15.40800000,0.09500000,15.31300000,8655.49750000,1395175.08650000,HIGH_VOLUME_NODE
91117.40000000,16.22300000,0.25100000,15.97200000,22870.49250000,1455328.71000000,HIGH_VOLUME_NODE
91118.10000000,16.89200000,1.08800000,15.80400000,99136.59530000,1440030.45970000,HIGH_VOLUME_NODE
91130.10000000,25.90100000,22.40900000,3.49200000,2042134.56910000,318226.31910000,HIGH_VOLUME_NODE
91179.90000000,14.28900000,13.64100000,0.64800000,1243786.38000000,59084.64000000,HIGH_VOLUME_NODE
91199.90000000,20.31100000,14.91500000,5.39600000,1360248.00000000,492115.20000000,HIGH_VOLUME_NODE
91208.10000000,12.47700000,12.46500000,0.01200000,1136908.97130000,1094.49800000,HIGH_VOLUME_NODE
91224.90000000,14.16500000,1.09500000,13.07000000,99891.37500000,1192310.75000000,HIGH_VOLUME_NODE
91238.60000000,14.22600000,14.17000000,0.05600000,1292850.96390000,5109.36720000,HIGH_VOLUME_NODE
91264.60000000,13.81000000,0.18700000,13.62300000,17066.48280000,1243298.96950000,HIGH_VOLUME_NODE
91268.70000000,13.51700000,13.51400000,0.00300000,1233406.56320000,273.80640000,HIGH_VOLUME_NODE
91299.90000000,16.98700000,9.61500000,7.37200000,877849.50000000,673063.60000000,HIGH_VOLUME_NODE
91308.10000000,17.63700000,1.30600000,16.33100000,119248.38100000,1491154.17630000,HIGH_VOLUME_NODE
91314.90000000,13.31200000,1.20300000,12.10900000,109851.94500000,1105733.33500000,HIGH_VOLUME_NODE
91315.10000000,15.19000000,6.46000000,8.73000000,589895.91610000,797180.87620000,HIGH_VOLUME_NODE
91335.10000000,18.94000000,2.41900000,16.52100000,220939.84260000,1508947.19380000,HIGH_VOLUME_NODE
91347.20000000,15.00200000,7.41500000,7.58700000,677340.22950000,693051.96510000,HIGH_VOLUME_NODE
91350.30000000,13.31200000,1.68500000,11.62700000,153925.42400000,1062131.10080000,HIGH_VOLUME_NODE
91362.10000000,12.56800000,7.68800000,4.88000000,702392.54700000,445847.08830000,HIGH_VOLUME_NODE
91362.70000000,17.76000000,0.99500000,16.76500000,90905.98600000,1531697.34200000,HIGH_VOLUME_NODE
91371.60000000,20.59000000,8.78200000,11.80800000,802425.45500000,1078916.87650000,HIGH_VOLUME_NODE
91384.90000000,13.06800000,4.28200000,8.78600000,391310.57000000,802908.61000000,HIGH_VOLUME_NODE
91389.60000000,15.76900000,12.77900000,2.99000000,1167867.72000000,273254.90570000,HIGH_VOLUME_NODE
91400.10000000,12.37900000,5.12000000,7.25900000,467968.77360000,663473.35190000,HIGH_VOLUME_NODE
91439.60000000,15.49600000,0.74200000,14.75400000,67848.21940000,1349101.31410000,HIGH_VOLUME_NODE
91442.30000000,14.98100000,3.87000000,11.11100000,353882.08800000,1016016.50640000,HIGH_VOLUME_NODE
91459.60000000,14.64800000,10.26400000,4.38400000,938742.19530000,400959.00170000,HIGH_VOLUME_NODE
91461.90000000,18.64100000,8.68900000,9.95200000,794713.31800000,910229.82400000,HIGH_VOLUME_NODE
91464.60000000,13.04900000,9.29400000,3.75500000,850072.90380000,343449.87070000,HIGH_VOLUME_NODE
91468.60000000,12.46900000,11.24300000,1.22600000,1028382.36080000,112140.58660000,HIGH_VOLUME_NODE
91468.90000000,15.24600000,0.03200000,15.21400000,2927.00800000,1391609.36600000,HIGH_VOLUME_NODE
91497.20000000,12.87200000,1.46700000,11.40500000,134226.53910000,1043526.70650000,HIGH_VOLUME_NODE
91499.90000000,16.42800000,11.06700000,5.36100000,1012630.50000000,490531.50000000,HIGH_VOLUME_NODE
91506.60000000,12.29800000,10.11200000,2.18600000,925315.70760000,200033.44460000,HIGH_VOLUME_NODE
91529.40000000,13.28900000,2.62400000,10.66500000,240173.40800000,976162.11750000,HIGH_VOLUME_NODE
91534.60000000,17.13400000,16.35700000,0.77700000,1497232.23270000,71122.39290000,HIGH_VOLUME_NODE
91540.80000000,13.26400000,11.55900000,1.70500000,1058121.26310000,156077.23450000,HIGH_VOLUME_NODE
91542.60000000,12.80900000,12.29900000,0.51000000,1125882.48650000,46686.77140000,HIGH_VOLUME_NODE
91550.10000000,15.30000000,11.28600000,4.01400000,1033234.66150000,367482.10730000,HIGH_VOLUME_NODE
91574.90000000,14.16000000,0.32500000,13.83500000,29761.87500000,1266940.12500000,HIGH_VOLUME_NODE
91575.10000000,15.83700000,10.75800000,5.07900000,985165.48180000,465109.94810000,HIGH_VOLUME_NODE
91578.40000000,14.51400000,14.51100000,0.00300000,1328895.61350000,274.73550000,HIGH_VOLUME_NODE
91599.90000000,17.01000000,12.33300000,4.67700000,1129702.80000000,428413.20000000,HIGH_VOLUME_NODE
91619.20000000,16.43800000,0.28200000,16.15600000,25836.64260000,1480201.41080000,HIGH_VOLUME_NODE
91649.90000000,18.31900000,6.03700000,12.28200000,553291.05000000,1125645.30000000,HIGH_VOLUME_NODE
91650.10000000,15.09100000,10.71600000,4.37500000,982122.70190000,400969.21200000,HIGH_VOLUME_NODE
91662.10000000,21.80300000,0.10600000,21.69700000,9716.18840000,1988792.59440000,HIGH_VOLUME_NODE
91687.90000000,14.18400000,0.96600000,13.21800000,88570.60800000,1211931.98400000,HIGH_VOLUME_NODE
91689.90000000,21.40800000,0.90800000,20.50000000,83254.52000000,1879645.00000000,HIGH_VOLUME_NODE
91695.10000000,12.39500000,7.26200000,5.13300000,665890.53920000,470670.99310000,HIGH_VOLUME_NODE
91698.60000000,17.45100000,3.24200000,14.20900000,297287.08250000,1302946.76780000,HIGH_VOLUME_NODE
91699.90000000,43.77300000,35.74400000,8.02900000,3277724.80000000,736259.30000000,HIGH_VOLUME_NODE
91702.60000000,13.11300000,9.57600000,3.53700000,878144.29590000,324352.44570000,HIGH_VOLUME_NODE
91705.30000000,12.56300000,0.12300000,12.44000000,11279.76420000,1140815.17600000,HIGH_VOLUME_NODE
91705.60000000,30.93300000,0.77100000,30.16200000,70705.08100000,2766026.04020000,HIGH_VOLUME_NODE
91706.10000000,26.88100000,2.45700000,24.42400000,225322.13040000,2239830.15930000,HIGH_VOLUME_NODE
91710.80000000,12.96300000,12.77700000,0.18600000,1171790.16930000,17058.22740000,HIGH_VOLUME_NODE
91718.10000000,17.59000000,3.62300000,13.96700000,332294.69130000,1281027.06730000,HIGH_VOLUME_NODE
91721.60000000,13.03100000,7.65400000,5.37700000,702037.41040000,493187.24290000,HIGH_VOLUME_NODE
91722.10000000,14.60700000,13.28200000,1.32500000,1218252.95000000,121531.89980000,HIGH_VOLUME_NODE
91722.60000000,19.44400000,12.21200000,7.23200000,1120117.35440000,663337.93980000,HIGH_VOLUME_NODE
91723.10000000,16.34000000,4.34700000,11.99300000,398720.70770000,1100035.88180000,HIGH_VOLUME_NODE
91723.20000000,30.39100000,21.68900000,8.70200000,1989386.65370000,798176.15660000,HIGH_VOLUME_NODE
91723.40000000,17.96900000,11.51200000,6.45700000,1055920.93200000,592258.63950000,HIGH_VOLUME_NODE
91728.60000000,12.34900000,2.25200000,10.09700000,206572.96130000,926183.87960000,HIGH_VOLUME_NODE
91732.60000000,15.38900000,0.14000000,15.24900000,12842.57540000,1398830.41970000,HIGH_VOLUME_NODE
91736.60000000,16.68000000,0.07800000,16.60200000,7155.46080000,1523012.42100000,HIGH_VOLUME_NODE
91737.30000000,13.21800000,6.35900000,6.85900000,583358.12660000,629226.82660000,HIGH_VOLUME_NODE
91737.60000000,24.30100000,20.52800000,3.77300000,1883190.32100000,346126.03030000,HIGH_VOLUME_NODE
91743.60000000,13.98500000,4.65900000,9.32600000,427433.78910000,855600.84940000,HIGH_VOLUME_NODE
91749.90000000,25.40400000,9.13100000,16.27300000,837769.25000000,1493047.75000000,HIGH_VOLUME_NODE
91752.60000000,17.27000000,4.14700000,13.12300000,380498.43980000,1204069.65530000,HIGH_VOLUME_NODE
91753.10000000,12.79000000,1.23200000,11.55800000,113039.83160000,1060483.39110000,HIGH_VOLUME_NODE
91753.60000000,14.50100000,9.82800000,4.67300000,901754.58730000,428764.94910000,HIGH_VOLUME_NODE
91754.10000000,12.23500000,0.75700000,11.47800000,69457.90720000,1053153.63570000,HIGH_VOLUME_NODE
91757.10000000,23.74200000,15.26000000,8.48200000,1400214.71320000,778284.10660000,HIGH_VOLUME_NODE
91764.30000000,16.69000000,10.05500000,6.63500000,922691.04200000,608856.79400000,HIGH_VOLUME_NODE
91767.80000000,13.69600000,0.03800000,13.65800000,3487.18020000,1253365.97820000,HIGH_VOLUME_NODE
91767.90000000,14.80700000,1.30500000,13.50200000,119757.24000000,1239051.53600000,HIGH_VOLUME_NODE
91769.90000000,14.17300000,1.35200000,12.82100000,124073.04000000,1176583.17000000,HIGH_VOLUME_NODE
91770.10000000,14.25100000,9.34100000,4.91000000,857224.56940000,450591.29780000,HIGH_VOLUME_NODE
91772.10000000,13.48000000,0.30000000,13.18000000,27531.64940000,1209557.42270000,HIGH_VOLUME_NODE
91774.60000000,21.84300000,13.23700000,8.60600000,1214821.07890000,789812.53520000,HIGH_VOLUME_NODE
91780.90000000,25.05000000,0.05700000,24.99300000,5231.51700000,2293882.53300000,HIGH_VOLUME_NODE
91781.90000000,13.54800000,6.52100000,7.02700000,598510.42200000,644952.11400000,HIGH_VOLUME_NODE
91787.90000000,23.17500000,14.48300000,8.69200000,1329365.60400000,797821.29600000,HIGH_VOLUME_NODE
91790.10000000,15.84800000,10.54500000,5.30300000,967926.69680000,486763.01050000,HIGH_VOLUME_NODE
91791.10000000,17.55100000,7.25000000,10.30100000,665485.66270000,945540.93790000,HIGH_VOLUME_NODE
91791.90000000,19.29500000,16.67100000,2.62400000,1530264.43200000,240862.20800000,HIGH_VOLUME_NODE
91793.10000000,14.58300000,3.82000000,10.76300000,350650.01730000,987970.05490000,HIGH_VOLUME_NODE
91793.20000000,16.58400000,12.27400000,4.31000000,1126670.96420000,395629.12300000,HIGH_VOLUME_NODE
91794.80000000,16.96400000,9.10000000,7.86400000,835333.59000000,721875.09360000,HIGH_VOLUME_NODE
91797.60000000,41.38600000,6.23800000,35.14800000,572633.92950000,3226502.11000000,HIGH_VOLUME_NODE
91798.10000000,25.95600000,7.93000000,18.02600000,727959.46710000,1654753.49050000,HIGH_VOLUME_NODE
91799.80000000,18.46400000,4.10800000,14.35600000,377113.98920000,1317879.36440000,HIGH_VOLUME_NODE
91799.90000000,457.84000000,232.47700000,225.36300000,21341388.60000000,20688323.40000000,HIGH_VOLUME_NODE
91800.10000000,28.38000000,22.10100000,6.27900000,2028874.01750000,576412.85960000,HIGH_VOLUME_NODE
91800.60000000,12.47200000,1.24300000,11.22900000,114108.24720000,1030830.01860000,HIGH_VOLUME_NODE
91800.70000000,13.25400000,11.79900000,1.45500000,1083157.63920000,133570.16400000,HIGH_VOLUME_NODE
91806.60000000,13.13900000,5.65600000,7.48300000,519258.33380000,686988.89420000,HIGH_VOLUME_NODE
91809.60000000,15.35300000,1.38100000,13.97200000,126789.19290000,1282765.09780000,HIGH_VOLUME_NODE
91809.90000000,26.15900000,8.88200000,17.27700000,815456.42000000,1586201.37000000,HIGH_VOLUME_NODE
91813.10000000,14.62900000,7.19700000,7.43200000,660778.91600000,682355.62020000,HIGH_VOLUME_NODE
91813.60000000,21.50700000,15.24100000,6.26600000,1399331.23240000,575304.13510000,HIGH_VOLUME_NODE
91814.10000000,19.35100000,15.58100000,3.77000000,1430555.56110000,346139.36490000,HIGH_VOLUME_NODE
91814.90000000,13.95900000,8.27300000,5.68600000,759585.49500000,522060.09000000,HIGH_VOLUME_NODE
91819.10000000,18.77400000,8.03400000,10.74000000,737675.17620000,986137.29270000,HIGH_VOLUME_NODE
91821.40000000,22.77900000,6.44700000,16.33200000,591973.21050000,1499628.73800000,HIGH_VOLUME_NODE
91821.60000000,12.81800000,4.34400000,8.47400000,398873.39640000,778096.30340000,HIGH_VOLUME_NODE
91823.10000000,13.11600000,4.42500000,8.69100000,406317.59430000,798034.88510000,HIGH_VOLUME_NODE
91825.10000000,14.36800000,6.79000000,7.57800000,623492.59000000,695850.67670000,HIGH_VOLUME_NODE
91827.10000000,16.13900000,5.43300000,10.70600000,498896.71630000,983101.80270000,HIGH_VOLUME_NODE
91829.10000000,15.39500000,8.06000000,7.33500000,740143.32300000,673566.83070000,HIGH_VOLUME_NODE
91831.30000000,14.30500000,9.27000000,5.03500000,851277.07800000,462371.09900000,HIGH_VOLUME_NODE
91831.80000000,22.46500000,0.51800000,21.94700000,47568.92420000,2015434.70930000,HIGH_VOLUME_NODE
91831.90000000,18.08400000,17.10000000,0.98400000,1570327.20000000,90362.68800000,HIGH_VOLUME_NODE
91833.30000000,13.90500000,3.20300000,10.70200000,294142.38020000,982801.04680000,HIGH_VOLUME_NODE
91834.40000000,20.50600000,19.64200000,0.86400000,1803813.24900000,79345.00800000,HIGH_VOLUME_NODE
91834.60000000,21.24100000,19.20000000,2.04100000,1763224.38770000,187434.54850000,HIGH_VOLUME_NODE
91834.90000000,16.19200000,5.81000000,10.38200000,533561.35000000,953430.97000000,HIGH_VOLUME_NODE
91835.10000000,13.98800000,9.74700000,4.24100000,895117.31570000,389472.73370000,HIGH_VOLUME_NODE
91835.90000000,26.33600000,17.40700000,8.92900000,1598589.25200000,820003.64400000,HIGH_VOLUME_NODE
91837.10000000,18.01800000,12.18100000,5.83700000,1118667.98710000,536053.36040000,HIGH_VOLUME_NODE
91838.10000000,20.06600000,11.41000000,8.65600000,1047873.06760000,794950.97660000,HIGH_VOLUME_NODE
91839.60000000,18.93600000,6.18200000,12.75400000,567752.59870000,1171322.68630000,HIGH_VOLUME_NODE
91839.90000000,35.26700000,32.90900000,2.35800000,3022362.56000000,216558.72000000,HIGH_VOLUME_NODE
91840.90000000,12.71500000,1.20000000,11.51500000,110209.20000000,1057549.11500000,HIGH_VOLUME_NODE
91841.30000000,23.82300000,20.51600000,3.30700000,1884218.16240000,303719.50980000,HIGH_VOLUME_NODE
91842.40000000,16.80500000,15.06600000,1.73900000,1383699.10500000,159714.10750000,HIGH_VOLUME_NODE
91843.60000000,25.83300000,4.27600000,21.55700000,392723.43520000,1979874.07890000,HIGH_VOLUME_NODE
91843.90000000,13.86000000,9.97600000,3.88400000,916235.74400000,356722.09600000,HIGH_VOLUME_NODE
91845.10000000,16.02700000,4.43600000,11.59100000,407425.13300000,1064577.56330000,HIGH_VOLUME_NODE
91847.60000000,37.67300000,9.95800000,27.71500000,914619.18940000,2545558.30300000,HIGH_VOLUME_NODE
91847.90000000,36.55500000,2.99700000,33.55800000,275268.45600000,3082235.18400000,HIGH_VOLUME_NODE
91848.10000000,25.75300000,4.11900000,21.63400000,378322.51300000,1987042.85930000,HIGH_VOLUME_NODE
91848.60000000,15.06600000,6.12600000,8.94000000,562664.92200000,821127.19070000,HIGH_VOLUME_NODE
91849.40000000,17.17100000,3.40200000,13.76900000,312471.99900000,1264675.76550000,HIGH_VOLUME_NODE
91849.60000000,12.29100000,9.68900000,2.60200000,889930.91930000,238992.76240000,HIGH_VOLUME_NODE
91849.90000000,33.93000000,8.98300000,24.94700000,825088.55000000,2291381.95000000,HIGH_VOLUME_NODE
91850.10000000,17.38500000,11.64800000,5.73700000,1069870.17970000,526944.46680000,HIGH_VOLUME_NODE
91851.10000000,12.80000000,3.81500000,8.98500000,350412.01780000,825282.85190000,HIGH_VOLUME_NODE
91853.10000000,18.64200000,12.69600000,5.94600000,1166168.10740000,546158.68920000,HIGH_VOLUME_NODE
91853.20000000,12.65200000,4.52600000,8.12600000,415728.03580000,746399.91580000,HIGH_VOLUME_NODE
91853.60000000,25.19500000,16.61100000,8.58400000,1525781.34220000,788471.64920000,HIGH_VOLUME_NODE
91853.80000000,18.53900000,2.09900000,16.44000000,192801.33610000,1510078.11600000,HIGH_VOLUME_NODE
91854.60000000,30.08000000,22.13800000,7.94200000,2033479.02860000,729509.46820000,HIGH_VOLUME_NODE
91855.10000000,20.47000000,12.32200000,8.14800000,1131838.56730000,748435.89590000,HIGH_VOLUME_NODE
91855.40000000,14.31900000,2.11100000,12.20800000,193906.96050000,1121371.94400000,HIGH_VOLUME_NODE
91856.10000000,21.34600000,9.07300000,12.27300000,833410.99890000,1127350.14200000,HIGH_VOLUME_NODE
91858.40000000,19.64600000,3.06500000,16.58100000,281546.30250000,1523105.78850000,HIGH_VOLUME_NODE
91858.60000000,16.79100000,8.24700000,8.54400000,757558.53320000,784840.07700000,HIGH_VOLUME_NODE
91859.10000000,12.63600000,1.96300000,10.67300000,180319.58450000,980412.70100000,HIGH_VOLUME_NODE
91859.60000000,20.24700000,13.88600000,6.36100000,1275562.77820000,584318.95780000,HIGH_VOLUME_NODE
91859.90000000,13.27600000,7.94600000,5.33000000,729919.56000000,489613.80000000,HIGH_VOLUME_NODE
91860.10000000,29.89600000,10.83500000,19.06100000,995304.44370000,1750945.57720000,HIGH_VOLUME_NODE
91860.40000000,13.79300000,5.68300000,8.11000000,522043.22150000,744988.65500000,HIGH_VOLUME_NODE
91861.10000000,13.96300000,6.38400000,7.57900000,586441.49890000,696215.48590000,HIGH_VOLUME_NODE
91862.40000000,12.22000000,1.38100000,10.83900000,126862.11250000,995697.63750000,HIGH_VOLUME_NODE
91862.80000000,16.76000000,1.76600000,14.99400000,162229.88140000,1377392.32260000,HIGH_VOLUME_NODE
91863.10000000,20.26800000,8.24000000,12.02800000,756952.45000000,1104929.60090000,HIGH_VOLUME_NODE
91864.60000000,17.77000000,3.76500000,14.00500000,345870.50080000,1286564.31820000,HIGH_VOLUME_NODE
91864.90000000,13.63400000,7.49900000,6.13500000,688895.63500000,563591.77500000,HIGH_VOLUME_NODE
91866.10000000,24.26700000,15.33700000,8.93000000,1408950.87680000,820364.72120000,HIGH_VOLUME_NODE
91866.20000000,23.26600000,5.60400000,17.66200000,514818.74520000,1622542.59060000,HIGH_VOLUME_NODE
91866.30000000,21.55800000,1.16500000,20.39300000,107024.35600000,1873431.49520000,HIGH_VOLUME_NODE
91866.60000000,27.06100000,13.36600000,13.69500000,1227890.06440000,1258114.08150000,HIGH_VOLUME_NODE
91869.90000000,13.40500000,3.71400000,9.69100000,341205.18000000,890312.17000000,HIGH_VOLUME_NODE
91870.10000000,29.83700000,23.19400000,6.64300000,2130835.74850000,610293.62380000,HIGH_VOLUME_NODE
91870.60000000,17.86500000,11.54500000,6.32000000,1060647.12170000,580622.63320000,HIGH_VOLUME_NODE
91872.40000000,13.40800000,1.72700000,11.68100000,158663.80750000,1073162.67250000,HIGH_VOLUME_NODE
91872.60000000,15.39300000,14.91000000,0.48300000,1369820.51350000,44374.47690000,HIGH_VOLUME_NODE
91873.60000000,12.21400000,6.89400000,5.32000000,633377.05050000,488767.67800000,HIGH_VOLUME_NODE
91874.60000000,13.15300000,3.79300000,9.36000000,348480.67960000,859946.81210000,HIGH_VOLUME_NODE
91875.10000000,24.56200000,15.20300000,9.35900000,1396777.80440000,859859.34030000,HIGH_VOLUME_NODE
91877.60000000,24.00300000,4.33600000,19.66700000,398381.35540000,1806956.89590000,HIGH_VOLUME_NODE
91878.10000000,13.85500000,2.88200000,10.97300000,264792.84880000,1008179.37640000,HIGH_VOLUME_NODE
91878.90000000,17.03300000,2.85900000,14.17400000,262682.06100000,1302292.94600000,HIGH_VOLUME_NODE
91879.10000000,19.61100000,5.62800000,13.98300000,517095.85510000,1284745.91130000,HIGH_VOLUME_NODE
91879.60000000,14.54000000,9.68800000,4.85200000,890129.63310000,445799.94040000,HIGH_VOLUME_NODE
91879.70000000,22.56700000,0.38500000,22.18200000,35373.72300000,2038077.72360000,HIGH_VOLUME_NODE
91879.80000000,14.90900000,4.87600000,10.03300000,448006.39240000,921831.03670000,HIGH_VOLUME_NODE
91879.90000000,28.24900000,14.96400000,13.28500000,1374892.32000000,1220625.80000000,HIGH_VOLUME_NODE
91880.10000000,34.08900000,23.32100000,10.76800000,2142736.02760000,989365.15500000,HIGH_VOLUME_NODE
91880.80000000,17.32700000,3.62400000,13.70300000,332976.38160000,1259043.97270000,HIGH_VOLUME_NODE
91880.90000000,16.32300000,2.54700000,13.77600000,234020.90700000,1265752.65600000,HIGH_VOLUME_NODE
91882.10000000,14.49300000,0.90000000,13.59300000,82693.91460000,1248953.62140000,HIGH_VOLUME_NODE
91882.90000000,15.30800000,1.21300000,14.09500000,111454.07900000,1295090.88500000,HIGH_VOLUME_NODE
91884.10000000,16.35400000,4.53300000,11.82100000,416510.93320000,1086162.72090000,HIGH_VOLUME_NODE
91884.30000000,12.21200000,1.52100000,10.69100000,139756.17240000,982336.12040000,HIGH_VOLUME_NODE
91884.60000000,16.10400000,8.61100000,7.49300000,791218.79620000,688491.58450000,HIGH_VOLUME_NODE
91884.80000000,19.51200000,6.17400000,13.33800000,567297.37260000,1225560.79620000,HIGH_VOLUME_NODE
91884.90000000,14.01800000,2.94700000,11.07100000,270785.09500000,1017258.83500000,HIGH_VOLUME_NODE
91885.60000000,16.92800000,11.27400000,5.65400000,1035918.92350000,519521.52210000,HIGH_VOLUME_NODE
91886.10000000,14.28400000,11.33400000,2.95000000,1041437.46180000,271064.04730000,HIGH_VOLUME_NODE
91886.80000000,14.33700000,1.46300000,12.87400000,134430.53470000,1182951.95060000,HIGH_VOLUME_NODE
91887.10000000,20.08100000,3.84900000,16.23200000,353673.59090000,1491512.76710000,HIGH_VOLUME_NODE
91887.60000000,20.08800000,12.12500000,7.96300000,1114138.28730000,731701.57350000,HIGH_VOLUME_NODE
91887.90000000,37.40900000,19.91300000,17.49600000,1829765.74400000,1607672.44800000,HIGH_VOLUME_NODE
91888.90000000,14.85400000,0.93300000,13.92100000,85732.43700000,1279186.76900000,HIGH_VOLUME_NODE
91889.10000000,40.00400000,27.53000000,12.47400000,2529707.15160000,1146225.17710000,HIGH_VOLUME_NODE
91889.60000000,17.01200000,4.09600000,12.91600000,376380.05380000,1186846.63580000,HIGH_VOLUME_NODE
91889.90000000,33.88900000,4.19400000,29.69500000,385386.66000000,2728673.55000000,HIGH_VOLUME_NODE
91893.10000000,14.95900000,8.19100000,6.76800000,752697.01350000,621932.62560000,HIGH_VOLUME_NODE
91893.40000000,30.91400000,11.59000000,19.32400000,1065045.66500000,1775749.99400000,HIGH_VOLUME_NODE
91893.60000000,19.90100000,13.28900000,6.61200000,1221174.90710000,607600.54560000,HIGH_VOLUME_NODE
91894.10000000,30.86300000,11.89200000,18.97100000,1092805.55870000,1743323.53560000,HIGH_VOLUME_NODE
91894.20000000,14.57000000,5.24200000,9.32800000,481709.92060000,857190.03040000,HIGH_VOLUME_NODE
91897.10000000,14.24100000,10.64000000,3.60100000,977786.00580000,330921.47260000,HIGH_VOLUME_NODE
91897.30000000,23.76900000,13.32000000,10.44900000,1224073.36800000,960235.93260000,HIGH_VOLUME_NODE
91897.40000000,15.28900000,14.95900000,0.33000000,1374694.70250000,30326.17500000,HIGH_VOLUME_NODE
91899.10000000,21.09100000,18.71600000,2.37500000,1719984.01320000,218260.52090000,HIGH_VOLUME_NODE
91899.70000000,13.77900000,10.00100000,3.77800000,919089.89980000,347197.44440000,HIGH_VOLUME_NODE
91899.80000000,23.73700000,6.54900000,17.18800000,601852.44510000,1579575.48120000,HIGH_VOLUME_NODE
91899.90000000,174.61900000,39.84300000,134.77600000,3661571.70000000,12385914.40000000,HIGH_VOLUME_NODE
91900.10000000,34.35400000,27.44600000,6.90800000,2522290.28370000,634846.03200000,HIGH_VOLUME_NODE
91900.90000000,12.37100000,1.83300000,10.53800000,168454.53300000,968452.73800000,HIGH_VOLUME_NODE
91901.60000000,31.05100000,16.42300000,14.62800000,1509301.41600000,1344336.70890000,HIGH_VOLUME_NODE
91902.10000000,14.01700000,10.82500000,3.19200000,994840.26180000,293351.69950000,HIGH_VOLUME_NODE
91904.20000000,21.45800000,5.90100000,15.55700000,542327.27430000,1429755.19510000,HIGH_VOLUME_NODE
91904.30000000,15.36200000,14.47900000,0.88300000,1330683.80760000,81151.58520000,HIGH_VOLUME_NODE
91905.60000000,14.44800000,3.96600000,10.48200000,364497.98110000,963354.91390000,HIGH_VOLUME_NODE
91906.30000000,19.45500000,6.31300000,13.14200000,580205.10320000,1207833.90880000,HIGH_VOLUME_NODE
91906.40000000,36.42600000,36.01900000,0.40700000,3310380.22350000,37405.94550000,HIGH_VOLUME_NODE
91907.10000000,13.14900000,4.34000000,8.80900000,398876.92640000,809610.31730000,HIGH_VOLUME_NODE
91907.90000000,15.54500000,6.51600000,9.02900000,598872.52800000,829837.33200000,HIGH_VOLUME_NODE
91909.70000000,15.00300000,7.83400000,7.16900000,720021.37320000,658901.35620000,HIGH_VOLUME_NODE
91909.90000000,15.54200000,3.71900000,11.82300000,341813.29000000,1086651.93000000,HIGH_VOLUME_NODE
91911.60000000,22.56000000,12.84500000,9.71500000,1180605.22590000,892921.74100000,HIGH_VOLUME_NODE
91913.30000000,13.96700000,2.45600000,11.51100000,225739.31040000,1058015.14740000,HIGH_VOLUME_NODE
91913.60000000,13.25400000,6.24200000,7.01200000,573725.22610000,644498.20740000,HIGH_VOLUME_NODE
91913.80000000,29.98600000,11.82500000,18.16100000,1086881.86750000,1669248.33790000,HIGH_VOLUME_NODE
91917.10000000,18.13900000,11.66500000,6.47400000,1072213.72450000,595071.52180000,HIGH_VOLUME_NODE
91919.90000000,17.75400000,12.94600000,4.80800000,1189996.32000000,441951.36000000,HIGH_VOLUME_NODE
91920.10000000,12.85900000,4.49800000,8.36100000,413456.90640000,768544.05120000,HIGH_VOLUME_NODE
91920.60000000,12.70900000,2.99600000,9.71300000,275394.33200000,892825.49340000,HIGH_VOLUME_NODE
91925.10000000,25.24000000,13.85400000,11.38600000,1273530.79420000,1046659.37380000,HIGH_VOLUME_NODE
91927.60000000,41.51600000,14.88500000,26.63100000,1368342.73280000,2448124.91040000,HIGH_VOLUME_NODE
91927.90000000,14.84400000,2.13200000,12.71200000,195990.49600000,1168588.73600000,HIGH_VOLUME_NODE
91928.10000000,17.57400000,14.79000000,2.78400000,1359617.37530000,255928.01430000,HIGH_VOLUME_NODE
91928.20000000,19.78900000,6.93000000,12.85900000,637063.11900000,1182106.00970000,HIGH_VOLUME_NODE
91928.60000000,13.10400000,2.41800000,10.68600000,222283.58110000,982350.04850000,HIGH_VOLUME_NODE
91929.40000000,14.41100000,10.36000000,4.05100000,952389.62000000,372406.40450000,HIGH_VOLUME_NODE
91930.60000000,26.89800000,10.60800000,16.29000000,975200.45720000,1497549.97640000,HIGH_VOLUME_NODE
91931.10000000,13.16800000,7.79400000,5.37400000,716511.50960000,494037.79660000,HIGH_VOLUME_NODE
91931.60000000,21.82700000,7.72100000,14.10600000,709803.94840000,1296788.11320000,HIGH_VOLUME_NODE
91931.90000000,14.21400000,1.48300000,12.73100000,136335.15600000,1170386.29200000,HIGH_VOLUME_NODE
91932.10000000,16.01800000,14.99000000,1.02800000,1378062.24650000,94506.23950000,HIGH_VOLUME_NODE
91933.30000000,13.50500000,1.28300000,12.22200000,117950.55220000,1123610.01480000,HIGH_VOLUME_NODE
91933.60000000,15.48900000,4.27200000,11.21700000,392740.56780000,1031220.22770000,HIGH_VOLUME_NODE
91935.10000000,13.84000000,6.83800000,7.00200000,628652.54820000,643729.90970000,HIGH_VOLUME_NODE
91936.30000000,18.94000000,17.30800000,1.63200000,1591235.21120000,150040.20480000,HIGH_VOLUME_NODE
91937.90000000,18.19400000,2.76300000,15.43100000,254024.69400000,1418695.27800000,HIGH_VOLUME_NODE
91938.10000000,25.15500000,7.63300000,17.52200000,701764.20360000,1610939.51260000,HIGH_VOLUME_NODE
91938.60000000,12.84200000,5.90800000,6.93400000,543173.41170000,637502.58480000,HIGH_VOLUME_NODE
91939.80000000,19.11600000,1.46000000,17.65600000,134232.25400000,1623290.87440000,HIGH_VOLUME_NODE
91939.90000000,14.76800000,11.04900000,3.71900000,1015845.06000000,341924.86000000,HIGH_VOLUME_NODE
91942.30000000,22.69300000,4.43200000,18.26100000,407488.71680000,1678960.16640000,HIGH_VOLUME_NODE
91943.60000000,12.79000000,0.44200000,12.34800000,40639.08050000,1135320.64240000,HIGH_VOLUME_NODE
91943.90000000,18.45100000,15.05200000,3.39900000,1383941.08800000,312517.65600000,HIGH_VOLUME_NODE
91944.10000000,18.13900000,3.21700000,14.92200000,295784.41800000,1371990.90720000,HIGH_VOLUME_NODE
91946.70000000,14.38000000,6.39300000,7.98700000,587815.89240000,734379.09160000,HIGH_VOLUME_NODE
91949.90000000,30.21800000,18.91500000,11.30300000,1739234.25000000,1039310.85000000,HIGH_VOLUME_NODE
91951.80000000,12.65000000,8.30000000,4.35000000,763200.77000000,399990.76500000,HIGH_VOLUME_NODE
91953.30000000,13.73100000,4.58500000,9.14600000,421606.33900000,841005.79640000,HIGH_VOLUME_NODE
91953.60000000,27.83800000,9.00100000,18.83700000,827675.24330000,1732131.22240000,HIGH_VOLUME_NODE
91953.70000000,38.07600000,21.86500000,16.21100000,2010569.83700000,1490663.05180000,HIGH_VOLUME_NODE
91954.80000000,13.26900000,12.68900000,0.58000000,1166815.72610000,53333.84200000,HIGH_VOLUME_NODE
91959.10000000,18.53200000,5.05900000,13.47300000,465221.18230000,1238966.21930000,HIGH_VOLUME_NODE
91959.60000000,18.37700000,11.80900000,6.56800000,1085950.98040000,603990.88020000,HIGH_VOLUME_NODE
91959.90000000,38.82100000,17.16900000,21.65200000,1578861.24000000,1991117.92000000,HIGH_VOLUME_NODE
91960.10000000,14.54100000,9.94600000,4.59500000,914635.75630000,422556.90020000,HIGH_VOLUME_NODE
91960.60000000,12.70900000,5.64500000,7.06400000,519118.12890000,649610.06830000,HIGH_VOLUME_NODE
91960.90000000,16.01000000,14.17500000,1.83500000,1303547.17500000,168748.43500000,HIGH_VOLUME_NODE
91963.10000000,12.60000000,4.09900000,8.50100000,376956.99480000,781778.58660000,HIGH_VOLUME_NODE
91963.60000000,20.08100000,2.98700000,17.09400000,274695.50690000,1572026.17880000,HIGH_VOLUME_NODE
91964.10000000,18.29700000,9.72600000,8.57100000,894443.65510000,788224.53330000,HIGH_VOLUME_NODE
91967.30000000,19.67400000,7.74400000,11.93000000,712195.54560000,1097171.08200000,HIGH_VOLUME_NODE
91970.40000000,20.96700000,2.04000000,18.92700000,187619.82000000,1740725.65350000,HIGH_VOLUME_NODE
91971.60000000,34.97700000,5.65600000,29.32100000,520191.88910000,2696699.40560000,HIGH_VOLUME_NODE
91972.10000000,16.57400000,11.93800000,4.63600000,1097964.07320000,426382.66860000,HIGH_VOLUME_NODE
91973.60000000,12.99200000,1.40800000,11.58400000,129498.91920000,1065422.29610000,HIGH_VOLUME_NODE
91978.40000000,17.19400000,7.52000000,9.67400000,691678.32000000,889800.00900000,HIGH_VOLUME_NODE
91979.80000000,20.80900000,6.31700000,14.49200000,581037.02830000,1332972.71080000,HIGH_VOLUME_NODE
91979.90000000,30.79800000,13.82200000,16.97600000,1271347.56000000,1561452.48000000,HIGH_VOLUME_NODE
91980.10000000,23.35600000,14.30700000,9.04900000,1315959.68750000,832328.68000000,HIGH_VOLUME_NODE
91982.10000000,16.06500000,7.10900000,8.95600000,653901.44440000,823792.26650000,HIGH_VOLUME_NODE
91987.10000000,12.67200000,11.62400000,1.04800000,1069258.14890000,96402.55340000,HIGH_VOLUME_NODE
91990.60000000,16.36000000,7.24100000,9.11900000,666104.28840000,838862.95010000,HIGH_VOLUME_NODE
91992.60000000,14.24400000,0.73600000,13.50800000,67706.60410000,1242636.99960000,HIGH_VOLUME_NODE
91994.60000000,19.69300000,10.10500000,9.58800000,929605.96890000,882044.43170000,HIGH_VOLUME_NODE
91996.60000000,22.67300000,16.15300000,6.52000000,1486021.83960000,599817.93050000,HIGH_VOLUME_NODE
91997.80000000,14.11600000,0.74100000,13.37500000,68170.44390000,1230471.91250000,HIGH_VOLUME_NODE
91998.10000000,29.43300000,8.52900000,20.90400000,784652.41970000,1923128.84660000,HIGH_VOLUME_NODE
91998.90000000,13.23900000,10.04500000,3.19400000,924129.95500000,293844.80600000,HIGH_VOLUME_NODE
91999.80000000,77.85500000,50.35400000,27.50100000,4632562.96460000,2530089.24990000,HIGH_VOLUME_NODE
91999.90000000,639.94800000,302.80100000,337.14700000,27857692.00000000,31017524.00000000,HIGH_VOLUME_NODE
92000.10000000,53.83700000,6.72600000,47.11100000,618792.67870000,4334216.94590000,HIGH_VOLUME_NODE
92003.60000000,30.92800000,27.17500000,3.75300000,2500199.79900000,345289.52330000,HIGH_VOLUME_NODE
92005.70000000,15.82500000,1.16600000,14.65900000,107278.76280000,1348713.02220000,HIGH_VOLUME_NODE
92008.80000000,12.70200000,11.11100000,1.59100000,1022310.88790000,146386.15990000,HIGH_VOLUME_NODE
92018.80000000,13.63000000,7.25000000,6.38000000,667137.02500000,587080.58200000,HIGH_VOLUME_NODE
92022.80000000,12.95600000,0.09200000,12.86400000,8466.10680000,1183782.58560000,HIGH_VOLUME_NODE
92023.70000000,13.91700000,5.54200000,8.37500000,509995.89960000,770699.32500000,HIGH_VOLUME_NODE
92038.10000000,12.48900000,12.14900000,0.34000000,1118172.08570000,31292.95870000,HIGH_VOLUME_NODE
92041.60000000,12.40500000,7.51900000,4.88600000,692061.45310000,449715.72900000,HIGH_VOLUME_NODE
92046.60000000,12.16400000,2.85800000,9.30600000,263069.31950000,856585.82940000,HIGH_VOLUME_NODE
92049.90000000,31.75800000,4.12200000,27.63600000,379430.10000000,2543893.80000000,HIGH_VOLUME_NODE
92050.10000000,13.90800000,11.52500000,2.38300000,1060877.99750000,219355.54600000,HIGH_VOLUME_NODE
92050.20000000,18.05200000,0.07500000,17.97700000,6903.77250000,1654788.24310000,HIGH_VOLUME_NODE
92050.60000000,13.33000000,1.41200000,11.91800000,129975.44930000,1097059.86810000,HIGH_VOLUME_NODE
92054.90000000,87.21500000,84.96900000,2.24600000,7821821.29500000,206755.53000000,HIGH_VOLUME_NODE
92058.70000000,12.91100000,3.18700000,9.72400000,293391.39560000,895179.77120000,HIGH_VOLUME_NODE
92061.40000000,12.97900000,3.01500000,9.96400000,277565.42250000,917300.78600000,HIGH_VOLUME_NODE
92063.10000000,19.54800000,17.53100000,2.01700000,1613959.92150000,185691.29710000,HIGH_VOLUME_NODE
92066.10000000,25.23500000,20.47400000,4.76100000,1884963.35050000,438326.76720000,HIGH_VOLUME_NODE
92069.90000000,40.42800000,12.54200000,27.88600000,1154741.94000000,2567464.02000000,HIGH_VOLUME_NODE
92072.60000000,15.64300000,14.45400000,1.18900000,1330817.84960000,109474.33380000,HIGH_VOLUME_NODE
92073.60000000,17.44800000,14.22900000,3.21900000,1310116.10080000,296385.01820000,HIGH_VOLUME_NODE
92074.90000000,25.82200000,11.65700000,14.16500000,1073318.27500000,1304242.37500000,HIGH_VOLUME_NODE
92076.60000000,17.29500000,12.13700000,5.15800000,1117534.21450000,474931.19420000,HIGH_VOLUME_NODE
92076.90000000,20.24600000,4.53000000,15.71600000,417108.81000000,1447082.13200000,HIGH_VOLUME_NODE
92080.20000000,42.44200000,2.27200000,40.17000000,209206.44160000,3698865.65100000,HIGH_VOLUME_NODE
92080.70000000,14.98500000,5.05600000,9.92900000,465560.52480000,914270.26320000,HIGH_VOLUME_NODE
92081.60000000,44.14500000,16.11500000,28.03000000,1483896.08080000,2581047.36300000,HIGH_VOLUME_NODE
92084.80000000,24.93900000,2.74000000,22.19900000,252312.62600000,2044192.69510000,HIGH_VOLUME_NODE
92085.60000000,16.96000000,6.43600000,10.52400000,592663.41740000,969109.07090000,HIGH_VOLUME_NODE
92087.90000000,15.90000000,12.13500000,3.76500000,1117487.88000000,346711.32000000,HIGH_VOLUME_NODE
92095.60000000,15.77400000,3.13600000,12.63800000,288812.03530000,1163904.56190000,HIGH_VOLUME_NODE
92096.60000000,12.22300000,2.16800000,10.05500000,199665.47790000,926032.23790000,HIGH_VOLUME_NODE
92097.10000000,18.55600000,10.32900000,8.22700000,951271.35250000,757683.44900000,HIGH_VOLUME_NODE
92098.60000000,26.84400000,18.16000000,8.68400000,1672511.04010000,799784.27780000,HIGH_VOLUME_NODE
92099.60000000,23.09600000,8.15600000,14.94000000,751165.11540000,1375968.29510000,HIGH_VOLUME_NODE
92099.70000000,16.87900000,0.97000000,15.90900000,89336.80600000,1465215.71820000,HIGH_VOLUME_NODE
92099.80000000,16.15900000,6.18500000,9.97400000,569637.88150000,918604.40260000,HIGH_VOLUME_NODE
92099.90000000,301.34900000,256.04700000,45.30200000,23581928.70000000,4172314.20000000,HIGH_VOLUME_NODE
92100.10000000,36.27700000,13.28600000,22.99100000,1223642.02360000,2117474.20820000,HIGH_VOLUME_NODE
92104.10000000,15.68500000,12.63000000,3.05500000,1163274.82370000,281378.29330000,HIGH_VOLUME_NODE
92105.10000000,13.40500000,4.61700000,8.78800000,425249.50030000,809419.70680000,HIGH_VOLUME_NODE
92106.10000000,17.65900000,3.61000000,14.04900000,332503.30870000,1293999.33900000,HIGH_VOLUME_NODE
92108.60000000,16.45200000,5.11200000,11.34000000,470859.22740000,1044512.61250000,HIGH_VOLUME_NODE
92109.10000000,13.83400000,9.46900000,4.36500000,872181.08360000,402056.31610000,HIGH_VOLUME_NODE
92109.90000000,13.11500000,2.38500000,10.73000000,219682.35000000,988340.30000000,HIGH_VOLUME_NODE
92110.10000000,12.77400000,2.07000000,10.70400000,190667.92930000,985946.90940000,HIGH_VOLUME_NODE
92110.90000000,16.37800000,1.23400000,15.14400000,113664.97400000,1394928.98400000,HIGH_VOLUME_NODE
92111.30000000,13.35100000,8.58300000,4.76800000,790592.14620000,439187.15520000,HIGH_VOLUME_NODE
92111.60000000,13.68200000,9.88700000,3.79500000,910708.02690000,349563.73810000,HIGH_VOLUME_NODE
92113.10000000,12.43200000,4.45700000,7.97500000,410548.41820000,734602.61590000,HIGH_VOLUME_NODE
92113.60000000,12.23000000,1.83400000,10.39600000,168936.39030000,957613.18490000,HIGH_VOLUME_NODE
92115.10000000,14.41700000,10.52300000,3.89400000,969327.38950000,358696.23810000,HIGH_VOLUME_NODE
92115.40000000,12.31000000,3.86900000,8.44100000,356394.86950000,777546.93550000,HIGH_VOLUME_NODE
92116.60000000,14.63100000,2.44600000,12.18500000,225317.42400000,1122441.26970000,HIGH_VOLUME_NODE
92116.80000000,18.48300000,10.37700000,8.10600000,955897.07130000,746699.59140000,HIGH_VOLUME_NODE
92117.40000000,14.31100000,9.73700000,4.57400000,896948.09750000,421345.44500000,HIGH_VOLUME_NODE
92119.10000000,19.39800000,12.08900000,7.30900000,1113628.70530000,673298.96760000,HIGH_VOLUME_NODE
92119.30000000,13.04700000,3.04000000,10.00700000,280042.97600000,921838.83580000,HIGH_VOLUME_NODE
92119.40000000,15.82700000,2.77000000,13.05700000,255171.01500000,1202804.31150000,HIGH_VOLUME_NODE
92119.60000000,15.87300000,11.55900000,4.31400000,1064811.05030000,397404.07070000,HIGH_VOLUME_NODE
92119.90000000,45.45100000,7.21200000,38.23900000,664369.44000000,3522576.68000000,HIGH_VOLUME_NODE
92120.10000000,45.68700000,11.72700000,33.96000000,1080292.77300000,3128398.81330000,HIGH_VOLUME_NODE
92122.20000000,14.23500000,4.53000000,9.70500000,417314.01900000,894046.92150000,HIGH_VOLUME_NODE
92122.40000000,14.23900000,0.65500000,13.58400000,60340.23750000,1251392.04000000,HIGH_VOLUME_NODE
92124.20000000,14.23800000,4.67000000,9.56800000,430220.48100000,881445.30240000,HIGH_VOLUME_NODE
92125.10000000,23.48700000,13.79600000,9.69100000,1270958.88300000,892784.70270000,HIGH_VOLUME_NODE
92125.60000000,21.14300000,8.00500000,13.13800000,737465.82110000,1210346.56040000,HIGH_VOLUME_NODE
92126.80000000,19.94100000,1.55800000,18.38300000,143533.71020000,1693568.80270000,HIGH_VOLUME_NODE
92127.10000000,22.02200000,11.38600000,10.63600000,1048960.28780000,979864.47890000,HIGH_VOLUME_NODE
92127.60000000,13.49100000,1.72400000,11.76700000,158828.02740000,1084066.38210000,HIGH_VOLUME_NODE
92128.10000000,12.31800000,6.69500000,5.62300000,616797.85840000,518036.70120000,HIGH_VOLUME_NODE
92128.60000000,17.67400000,5.39400000,12.28000000,496942.15160000,1131339.72410000,HIGH_VOLUME_NODE
92131.60000000,22.48400000,21.29300000,1.19100000,1961759.19510000,109728.82850000,HIGH_VOLUME_NODE
92132.10000000,18.02500000,7.07700000,10.94800000,652019.26770000,1008662.80690000,HIGH_VOLUME_NODE
92132.20000000,12.21700000,9.66600000,2.55100000,890550.81180000,235029.49730000,HIGH_VOLUME_NODE
92132.60000000,12.29000000,2.39400000,9.89600000,220565.51150000,911744.83760000,HIGH_VOLUME_NODE
92132.90000000,12.46000000,8.14300000,4.31700000,750239.01900000,397738.16100000,HIGH_VOLUME_NODE
92133.10000000,15.13900000,7.22000000,7.91900000,665201.15980000,729602.53000000,HIGH_VOLUME_NODE
92133.80000000,13.79400000,11.45800000,2.33600000,1055670.22620000,215224.79040000,HIGH_VOLUME_NODE
92134.10000000,22.36900000,11.88300000,10.48600000,1094829.87240000,966118.72250000,HIGH_VOLUME_NODE
92137.10000000,12.88200000,7.22500000,5.65700000,665690.91240000,521220.11540000,HIGH_VOLUME_NODE
92138.10000000,20.88200000,11.12300000,9.75900000,1024852.34280000,899175.84500000,HIGH_VOLUME_NODE
92138.60000000,22.12900000,1.46500000,20.66400000,134983.15320000,1903952.36280000,HIGH_VOLUME_NODE
92139.20000000,12.18900000,2.30100000,9.88800000,212012.52930000,911073.39840000,HIGH_VOLUME_NODE
92139.90000000,14.56500000,9.89000000,4.67500000,911264.60000000,430754.50000000,HIGH_VOLUME_NODE
92140.10000000,20.85000000,14.65600000,6.19400000,1350405.74800000,570716.32420000,HIGH_VOLUME_NODE
92140.60000000,14.31600000,7.78300000,6.53300000,717130.50820000,601954.73930000,HIGH_VOLUME_NODE
92141.90000000,18.66100000,15.55700000,3.10400000,1433453.09400000,286008.76800000,HIGH_VOLUME_NODE
92142.10000000,38.95100000,8.54900000,30.40200000,787722.98170000,2801304.44980000,HIGH_VOLUME_NODE
92142.60000000,40.89200000,13.38300000,27.50900000,1233144.82760000,2534751.63140000,HIGH_VOLUME_NODE
92142.70000000,13.75400000,7.81700000,5.93700000,720280.26760000,547051.80360000,HIGH_VOLUME_NODE
92143.10000000,17.09400000,10.59100000,6.50300000,975888.40870000,599206.73230000,HIGH_VOLUME_NODE
92143.40000000,19.13300000,18.26200000,0.87100000,1682724.59700000,80256.98850000,HIGH_VOLUME_NODE
92144.10000000,14.70200000,5.72200000,8.98000000,527248.99780000,827454.57560000,HIGH_VOLUME_NODE
92144.70000000,15.49200000,9.69300000,5.79900000,893159.54640000,534347.69520000,HIGH_VOLUME_NODE
92144.80000000,20.55900000,19.04000000,1.51900000,1754438.89600000,139968.10310000,HIGH_VOLUME_NODE
92145.10000000,16.76300000,13.29200000,3.47100000,1224792.79940000,319835.75910000,HIGH_VOLUME_NODE
92145.60000000,29.26700000,19.27700000,9.99000000,1776291.51400000,920534.78160000,HIGH_VOLUME_NODE
92146.60000000,23.00700000,7.96400000,15.04300000,733855.94780000,1386161.68790000,HIGH_VOLUME_NODE
92147.10000000,22.21100000,12.45000000,9.76100000,1147231.97620000,899448.19360000,HIGH_VOLUME_NODE
92147.60000000,23.28700000,15.00900000,8.27800000,1383043.80550000,762798.35300000,HIGH_VOLUME_NODE
92147.70000000,19.49500000,9.32400000,10.17100000,859186.08720000,937235.27380000,HIGH_VOLUME_NODE
92147.90000000,15.82100000,14.19200000,1.62900000,1307764.41600000,150109.09200000,HIGH_VOLUME_NODE
92148.30000000,19.26200000,13.83600000,5.42600000,1274965.26240000,499997.21840000,HIGH_VOLUME_NODE
92149.40000000,13.44300000,3.69800000,9.74500000,340768.85100000,897996.87750000,HIGH_VOLUME_NODE
92149.80000000,23.11200000,8.40600000,14.70600000,774612.05940000,1355156.42940000,HIGH_VOLUME_NODE
92149.90000000,48.55800000,24.67600000,23.88200000,2273893.40000000,2200726.30000000,HIGH_VOLUME_NODE
92150.10000000,26.79200000,14.46100000,12.33100000,1332582.70710000,1136303.48620000,HIGH_VOLUME_NODE
92150.60000000,18.79600000,5.72800000,13.06800000,527838.68610000,1204225.24990000,HIGH_VOLUME_NODE
92150.70000000,19.58600000,5.70400000,13.88200000,525628.16320000,1279237.40560000,HIGH_VOLUME_NODE
92150.80000000,17.77000000,7.80900000,9.96100000,719606.37810000,917915.11490000,HIGH_VOLUME_NODE
92151.10000000,16.90700000,10.13100000,6.77600000,933582.92190000,624416.23380000,HIGH_VOLUME_NODE
92151.40000000,12.87300000,3.55900000,9.31400000,327967.18850000,858299.07100000,HIGH_VOLUME_NODE
92151.60000000,13.08100000,8.26200000,4.81900000,761357.13360000,444078.75360000,HIGH_VOLUME_NODE
92151.80000000,20.26100000,11.92500000,8.33600000,1098911.40750000,768178.23840000,HIGH_VOLUME_NODE
92152.10000000,35.75900000,10.83800000,24.92100000,998744.66240000,2296524.56090000,HIGH_VOLUME_NODE
92152.20000000,25.03300000,5.09000000,19.94300000,469055.20700000,1837793.31890000,HIGH_VOLUME_NODE
92152.30000000,18.48800000,11.38300000,7.10500000,1048970.76920000,654742.80200000,HIGH_VOLUME_NODE
92152.90000000,18.24700000,15.59800000,2.64900000,1437402.49400000,244113.29700000,HIGH_VOLUME_NODE
92153.90000000,16.27900000,7.35700000,8.92200000,677976.97800000,822197.98800000,HIGH_VOLUME_NODE
92154.10000000,17.23000000,5.63000000,11.60000000,518827.85640000,1068987.59240000,HIGH_VOLUME_NODE
92154.30000000,17.51800000,1.42000000,16.09800000,130859.24800000,1483501.53120000,HIGH_VOLUME_NODE
92154.40000000,17.40600000,12.81300000,4.59300000,1180775.60850000,423265.61850000,HIGH_VOLUME_NODE
92154.90000000,14.60700000,4.40300000,10.20400000,405758.46500000,940349.62000000,HIGH_VOLUME_NODE
92155.30000000,25.56000000,14.83500000,10.72500000,1367125.35900000,988366.66500000,HIGH_VOLUME_NODE
92155.40000000,19.18200000,7.71500000,11.46700000,710979.68250000,1056747.11850000,HIGH_VOLUME_NODE
92156.20000000,15.28200000,1.90500000,13.37700000,175557.75150000,1232774.82510000,HIGH_VOLUME_NODE
92156.30000000,13.94600000,8.15000000,5.79600000,751074.66000000,534138.49440000,HIGH_VOLUME_NODE
92157.10000000,24.80700000,16.57400000,8.23300000,1527411.85220000,758729.94620000,HIGH_VOLUME_NODE
92157.20000000,13.21500000,9.77200000,3.44300000,900561.13560000,317297.58390000,HIGH_VOLUME_NODE
92157.90000000,22.02800000,7.31400000,14.71400000,674043.61200000,1356012.81200000,HIGH_VOLUME_NODE
92158.10000000,12.99800000,6.73400000,6.26400000,620592.76230000,577278.57840000,HIGH_VOLUME_NODE
92158.80000000,19.76800000,13.23700000,6.53100000,1219907.35930000,601889.77590000,HIGH_VOLUME_NODE
92159.10000000,32.41000000,11.76800000,20.64200000,1084528.95240000,1902348.67240000,HIGH_VOLUME_NODE
92159.60000000,14.11900000,8.00900000,6.11000000,738106.68680000,563095.55540000,HIGH_VOLUME_NODE
92159.80000000,28.24500000,7.59300000,20.65200000,699770.12070000,1903286.25480000,HIGH_VOLUME_NODE
92159.90000000,38.96600000,21.19500000,17.77100000,1953331.20000000,1637775.36000000,HIGH_VOLUME_NODE
92160.10000000,13.63500000,10.39200000,3.24300000,957727.81270000,298875.34330000,HIGH_VOLUME_NODE
92160.60000000,38.86500000,24.63000000,14.23500000,2269917.74110000,1311906.32710000,HIGH_VOLUME_NODE
92161.10000000,15.55700000,7.19900000,8.35800000,663468.13110000,770283.13840000,HIGH_VOLUME_NODE
92161.60000000,14.20100000,2.57000000,11.63100000,236855.46370000,1071931.80190000,HIGH_VOLUME_NODE
92161.90000000,45.00800000,4.03500000,40.97300000,371873.67000000,3776153.62600000,HIGH_VOLUME_NODE
92162.10000000,16.98200000,8.92000000,8.06200000,822085.96660000,743010.93430000,HIGH_VOLUME_NODE
92162.70000000,31.94100000,5.53000000,26.41100000,509660.28400000,2434111.71080000,HIGH_VOLUME_NODE
92164.10000000,14.05800000,11.68200000,2.37600000,1076661.51030000,218981.94530000,HIGH_VOLUME_NODE
92164.30000000,12.59300000,7.68100000,4.91200000,707914.75640000,452711.53280000,HIGH_VOLUME_NODE
92164.60000000,14.70200000,6.44300000,8.25900000,593816.93670000,761188.03320000,HIGH_VOLUME_NODE
92164.80000000,18.26800000,6.76900000,11.49900000,623864.20810000,1059804.18510000,HIGH_VOLUME_NODE
92164.90000000,18.43600000,15.79400000,2.64200000,1455654.01000000,243499.93000000,HIGH_VOLUME_NODE
92165.20000000,13.98900000,1.97000000,12.01900000,181565.64100000,1107734.74070000,HIGH_VOLUME_NODE
92165.60000000,26.92100000,18.83100000,8.09000000,1735571.63030000,745619.87170000,HIGH_VOLUME_NODE
92166.20000000,17.94900000,1.96100000,15.98800000,180738.11430000,1473554.80440000,HIGH_VOLUME_NODE
92166.80000000,14.39900000,3.41900000,10.98000000,315118.63110000,1011992.56200000,HIGH_VOLUME_NODE
92167.10000000,19.61900000,12.66800000,6.95100000,1167573.08670000,640653.63770000,HIGH_VOLUME_NODE
92167.90000000,14.72300000,5.79500000,8.92800000,534113.56000000,822875.90400000,HIGH_VOLUME_NODE
92168.10000000,27.32500000,18.65500000,8.67000000,1719396.12210000,799097.75370000,HIGH_VOLUME_NODE
92169.80000000,15.52200000,6.23900000,9.28300000,575048.00610000,855613.18170000,HIGH_VOLUME_NODE
92169.90000000,26.49700000,4.83900000,21.65800000,446010.63000000,1996217.86000000,HIGH_VOLUME_NODE
92170.10000000,27.90200000,9.39000000,18.51200000,865477.96400000,1706253.47680000,HIGH_VOLUME_NODE
92171.10000000,52.25000000,8.88500000,43.36500000,818940.77210000,3996999.87310000,HIGH_VOLUME_NODE
92171.60000000,30.23500000,5.53200000,24.70300000,509893.42990000,2276917.11920000,HIGH_VOLUME_NODE
92173.70000000,29.70000000,14.55300000,15.14700000,1341405.31140000,1396156.54860000,HIGH_VOLUME_NODE
92174.10000000,15.04000000,10.81200000,4.22800000,996586.82200000,389712.39580000,HIGH_VOLUME_NODE
92174.30000000,12.50200000,6.75700000,5.74500000,622822.42080000,529541.92800000,HIGH_VOLUME_NODE
92175.10000000,35.05600000,20.33200000,14.72400000,1874105.16900000,1357186.79200000,HIGH_VOLUME_NODE
92175.20000000,31.12800000,21.54900000,9.57900000,1986285.53970000,882947.19870000,HIGH_VOLUME_NODE
92175.30000000,16.57300000,14.47700000,2.09600000,1334423.26580000,193199.63840000,HIGH_VOLUME_NODE
92175.70000000,12.74100000,9.14900000,3.59200000,843316.39420000,331095.47360000,HIGH_VOLUME_NODE
92176.60000000,23.10300000,16.76000000,6.34300000,1544881.13670000,584676.41800000,HIGH_VOLUME_NODE
92176.70000000,12.90800000,2.60200000,10.30600000,239844.03360000,949974.10080000,HIGH_VOLUME_NODE
92176.90000000,14.50200000,11.93600000,2.56600000,1100224.67200000,236526.18200000,HIGH_VOLUME_NODE
92177.60000000,15.18900000,8.35000000,6.83900000,769683.03920000,630403.07410000,HIGH_VOLUME_NODE
92177.80000000,22.04500000,17.20500000,4.84000000,1585920.76950000,446141.03600000,HIGH_VOLUME_NODE
92178.20000000,12.78800000,4.59800000,8.19000000,423835.82340000,754940.27700000,HIGH_VOLUME_NODE
92178.60000000,25.03000000,10.54900000,14.48100000,972392.35790000,1334839.51150000,HIGH_VOLUME_NODE
92179.60000000,14.96100000,5.27600000,9.68500000,486339.86520000,892760.25570000,HIGH_VOLUME_NODE
92179.80000000,15.31000000,12.26300000,3.04700000,1130402.11370000,280872.15530000,HIGH_VOLUME_NODE
92179.90000000,34.63600000,15.41600000,19.22000000,1421046.88000000,1771699.60000000,HIGH_VOLUME_NODE
92180.10000000,27.20600000,8.40500000,18.80100000,774773.81130000,1733079.81460000,HIGH_VOLUME_NODE
92180.60000000,20.48300000,10.73400000,9.74900000,989467.37710000,898668.98690000,HIGH_VOLUME_NODE
92181.60000000,15.51800000,11.39300000,4.12500000,1050225.44350000,380249.29850000,HIGH_VOLUME_NODE
92182.60000000,22.41400000,12.08300000,10.33100000,1113843.42770000,952338.81990000,HIGH_VOLUME_NODE
92182.70000000,15.54100000,5.99800000,9.54300000,552912.43440000,879700.46040000,HIGH_VOLUME_NODE
92182.80000000,18.58500000,16.06600000,2.51900000,1481010.47140000,232208.72510000,HIGH_VOLUME_NODE
92183.10000000,20.68900000,8.20900000,12.48000000,756731.44930000,1150445.30470000,HIGH_VOLUME_NODE
92183.90000000,13.93500000,8.41300000,5.52200000,775543.99200000,509040.04800000,HIGH_VOLUME_NODE
92184.10000000,16.18500000,6.78800000,9.39700000,625745.86070000,866254.77160000,HIGH_VOLUME_NODE
92185.90000000,14.32700000,10.44100000,3.88600000,962514.02600000,358234.79600000,HIGH_VOLUME_NODE
92187.10000000,17.93600000,7.54500000,10.39100000,695552.13920000,957916.29550000,HIGH_VOLUME_NODE
92187.90000000,14.18500000,7.19300000,6.99200000,663108.28400000,644578.49600000,HIGH_VOLUME_NODE
92188.10000000,16.80700000,13.95700000,2.85000000,1286669.63780000,262736.21860000,HIGH_VOLUME_NODE
92188.60000000,14.61100000,4.63500000,9.97600000,427294.30980000,919673.68920000,HIGH_VOLUME_NODE
92189.10000000,17.73500000,9.35500000,8.38000000,862429.51630000,772544.79680000,HIGH_VOLUME_NODE
92189.60000000,19.46100000,3.62200000,15.83900000,333910.92370000,1460191.71490000,HIGH_VOLUME_NODE
92189.90000000,15.66700000,9.10900000,6.55800000,839758.71000000,604582.02000000,HIGH_VOLUME_NODE
92190.10000000,25.97000000,6.79300000,19.17700000,626247.52410000,1767930.29570000,HIGH_VOLUME_NODE
92190.60000000,30.31200000,8.67600000,21.63600000,799846.14440000,1994637.35280000,HIGH_VOLUME_NODE
92190.70000000,23.31400000,18.24800000,5.06600000,1682297.71840000,467038.59280000,HIGH_VOLUME_NODE
92191.60000000,16.19200000,12.25700000,3.93500000,1129993.36120000,362773.98640000,HIGH_VOLUME_NODE
92192.30000000,13.39200000,11.25800000,2.13400000,1037902.03920000,196738.58160000,HIGH_VOLUME_NODE
92192.60000000,17.57500000,8.23300000,9.34200000,759022.36750000,861263.84690000,HIGH_VOLUME_NODE
92193.10000000,27.11100000,9.69100000,17.42000000,893444.15970000,1606004.67280000,HIGH_VOLUME_NODE
92193.30000000,20.00900000,10.94500000,9.06400000,1009056.76300000,835640.97760000,HIGH_VOLUME_NODE
92194.10000000,18.11000000,11.56100000,6.54900000,1065856.30200000,603779.61790000,HIGH_VOLUME_NODE
92194.20000000,28.38900000,2.75500000,25.63400000,253995.29650000,2363308.68620000,HIGH_VOLUME_NODE
92194.40000000,14.95500000,7.35300000,7.60200000,677906.15850000,700862.58900000,HIGH_VOLUME_NODE
92194.60000000,15.41200000,9.13900000,6.27300000,842566.73540000,578336.91370000,HIGH_VOLUME_NODE
92194.90000000,13.29600000,7.64700000,5.64900000,705015.16500000,520809.55500000,HIGH_VOLUME_NODE
92195.30000000,14.29200000,5.36800000,8.92400000,494904.90720000,822751.74960000,HIGH_VOLUME_NODE
92195.60000000,16.87500000,10.70100000,6.17400000,986585.81820000,569215.90490000,HIGH_VOLUME_NODE
92195.70000000,29.16100000,0.95200000,28.20900000,87770.40160000,2600751.32220000,HIGH_VOLUME_NODE
92195.80000000,41.69100000,12.89000000,28.80100000,1188405.15100000,2655334.11590000,HIGH_VOLUME_NODE
92195.90000000,32.79600000,9.17200000,23.62400000,845621.71200000,2178038.30400000,HIGH_VOLUME_NODE
92196.40000000,17.54600000,7.24700000,10.29900000,668148.03550000,949531.75350000,HIGH_VOLUME_NODE
92196.60000000,14.57000000,12.24000000,2.33000000,1128486.83700000,214818.19920000,HIGH_VOLUME_NODE
92197.10000000,32.42100000,19.36500000,13.05600000,1785397.88980000,1203725.86330000,HIGH_VOLUME_NODE
92197.60000000,16.28900000,7.45500000,8.83400000,687333.58090000,814473.96970000,HIGH_VOLUME_NODE
92198.60000000,16.87100000,8.46200000,8.40900000,780185.25820000,775298.45920000,HIGH_VOLUME_NODE
92198.90000000,138.18100000,2.21800000,135.96300000,204497.38200000,12535652.63700000,HIGH_VOLUME_NODE
92199.10000000,46.51700000,20.84000000,25.67700000,1921430.64920000,2367397.66120000,HIGH_VOLUME_NODE
92199.60000000,13.32100000,4.25300000,9.06800000,392125.07830000,836066.44250000,HIGH_VOLUME_NODE
92199.80000000,26.95300000,11.57500000,15.37800000,1067213.84250000,1417850.06220000,HIGH_VOLUME_NODE
92199.90000000,347.78800000,233.65500000,114.13300000,21542991.00000000,10523062.60000000,HIGH_VOLUME_NODE
92200.10000000,51.28900000,39.58000000,11.70900000,3649280.30700000,1079571.57980000,HIGH_VOLUME_NODE
92200.70000000,12.68300000,1.44600000,11.23700000,133322.35680000,1036060.38960000,HIGH_VOLUME_NODE
92201.80000000,26.19300000,22.30300000,3.89000000,2056378.97570000,358665.39100000,HIGH_VOLUME_NODE
92201.90000000,17.25100000,9.91200000,7.33900000,913906.22400000,676670.47800000,HIGH_VOLUME_NODE
92202.10000000,21.73800000,15.74900000,5.98900000,1452091.46470000,552198.83140000,HIGH_VOLUME_NODE
92202.30000000,18.53900000,6.04800000,12.49100000,557640.11520000,1151700.17840000,HIGH_VOLUME_NODE
92203.10000000,12.77400000,2.75600000,10.01800000,254112.00060000,923690.81100000,HIGH_VOLUME_NODE
92204.10000000,14.67900000,6.45800000,8.22100000,595454.25010000,758010.03090000,HIGH_VOLUME_NODE
92204.60000000,21.59600000,9.61200000,11.98400000,886271.52480000,1104980.08370000,HIGH_VOLUME_NODE
92204.80000000,13.49900000,2.26000000,11.23900000,208383.07400000,1036290.87110000,HIGH_VOLUME_NODE
92205.10000000,28.26100000,10.27800000,17.98300000,947684.48920000,1658125.55510000,HIGH_VOLUME_NODE
92206.10000000,16.91000000,4.90600000,12.00400000,452363.36590000,1106842.63790000,HIGH_VOLUME_NODE
92206.60000000,13.24900000,5.87800000,7.37100000,541990.48670000,679655.32390000,HIGH_VOLUME_NODE
92206.90000000,20.91100000,6.75500000,14.15600000,622858.28500000,1305282.29200000,HIGH_VOLUME_NODE
92207.40000000,19.27400000,7.62200000,11.65200000,702805.56500000,1074401.79000000,HIGH_VOLUME_NODE
92207.60000000,24.03400000,18.18400000,5.85000000,1676704.02230000,539414.62450000,HIGH_VOLUME_NODE
92207.80000000,18.91600000,8.00900000,10.90700000,738493.07110000,1005711.56530000,HIGH_VOLUME_NODE
92208.90000000,14.12500000,11.49000000,2.63500000,1059481.41000000,242970.71500000,HIGH_VOLUME_NODE
92209.10000000,13.51900000,4.46000000,9.05900000,411252.85570000,835322.71560000,HIGH_VOLUME_NODE
92209.20000000,14.50700000,4.79100000,9.71600000,441774.75630000,895905.55880000,HIGH_VOLUME_NODE
92209.60000000,15.71200000,11.04200000,4.67000000,1018178.83810000,430619.05340000,HIGH_VOLUME_NODE
92209.90000000,40.85300000,23.09100000,17.76200000,2129221.11000000,1637834.02000000,HIGH_VOLUME_NODE
92210.10000000,15.25200000,9.97800000,5.27400000,920072.62330000,486316.32200000,HIGH_VOLUME_NODE
92210.20000000,19.31600000,3.76100000,15.55500000,346802.93830000,1434331.21650000,HIGH_VOLUME_NODE
92210.90000000,14.36400000,3.54200000,10.82200000,326611.36200000,997907.44200000,HIGH_VOLUME_NODE
92211.60000000,26.00500000,11.90600000,14.09900000,1097872.16460000,1300092.05580000,HIGH_VOLUME_NODE
92212.10000000,24.77600000,16.16200000,8.61400000,1490332.52730000,794315.50590000,HIGH_VOLUME_NODE
92212.20000000,15.01300000,6.65600000,8.35700000,613765.06880000,770618.19110000,HIGH_VOLUME_NODE
92213.10000000,35.07300000,16.01800000,19.05500000,1477070.59900000,1757120.92640000,HIGH_VOLUME_NODE
92213.20000000,17.03900000,5.03700000,12.00200000,464478.39210000,1106744.02660000,HIGH_VOLUME_NODE
92213.60000000,12.82300000,2.98600000,9.83700000,275349.99060000,907105.81360000,HIGH_VOLUME_NODE
92214.60000000,18.04900000,10.84000000,7.20900000,999607.31600000,664775.30100000,HIGH_VOLUME_NODE
92215.10000000,45.96300000,25.29700000,20.66600000,2332767.39870000,1905718.53590000,HIGH_VOLUME_NODE
92215.30000000,12.62700000,2.94800000,9.67900000,271850.99920000,892552.85660000,HIGH_VOLUME_NODE
92215.60000000,19.60500000,5.72500000,13.88000000,527934.71070000,1279952.87310000,HIGH_VOLUME_NODE
92215.70000000,16.12200000,8.39600000,7.72600000,774243.85680000,712459.27080000,HIGH_VOLUME_NODE
92216.10000000,21.92300000,8.12300000,13.80000000,749072.09410000,1272583.45450000,HIGH_VOLUME_NODE
92216.20000000,16.51000000,12.28100000,4.22900000,1132508.38030000,389982.73270000,HIGH_VOLUME_NODE
92216.40000000,12.60200000,2.64400000,9.95800000,243820.42600000,918291.90700000,HIGH_VOLUME_NODE
92216.60000000,24.11400000,11.21300000,12.90100000,1034025.30550000,1189686.65540000,HIGH_VOLUME_NODE
92216.70000000,15.14700000,5.28000000,9.86700000,486904.70400000,909903.16560000,HIGH_VOLUME_NODE
92216.80000000,16.20600000,13.49800000,2.70800000,1244743.71620000,249723.36520000,HIGH_VOLUME_NODE
92217.10000000,13.60300000,6.35200000,7.25100000,585763.27800000,668666.35780000,HIGH_VOLUME_NODE
92217.30000000,13.87700000,9.81100000,4.06600000,904744.91140000,374955.94840000,HIGH_VOLUME_NODE
92217.60000000,14.01800000,6.81000000,7.20800000,628002.14920000,664704.69270000,HIGH_VOLUME_NODE
92219.60000000,18.10700000,13.31200000,4.79500000,1227628.18660000,442193.12610000,HIGH_VOLUME_NODE
92219.90000000,26.98200000,9.40100000,17.58100000,866960.22000000,1621319.82000000,HIGH_VOLUME_NODE
92220.10000000,24.88200000,14.66000000,10.22200000,1351947.00040000,942674.18260000,HIGH_VOLUME_NODE
92220.40000000,18.74800000,13.10100000,5.64700000,1208180.77050000,520769.16350000,HIGH_VOLUME_NODE
92220.60000000,14.11100000,6.59200000,7.51900000,607918.73680000,693406.93240000,HIGH_VOLUME_NODE
92221.10000000,41.84700000,26.40200000,15.44500000,2434823.14280000,1424355.22120000,HIGH_VOLUME_NODE
92221.60000000,27.78400000,7.76100000,20.02300000,715732.13660000,1846554.65500000,HIGH_VOLUME_NODE
92221.90000000,33.57200000,19.46800000,14.10400000,1795377.89600000,1300699.08800000,HIGH_VOLUME_NODE
92222.10000000,12.65600000,7.49800000,5.15800000,691481.48590000,475682.01510000,HIGH_VOLUME_NODE
92222.60000000,19.27300000,8.10500000,11.16800000,747464.40730000,1029942.60820000,HIGH_VOLUME_NODE
92222.90000000,14.66400000,7.76900000,6.89500000,716480.48700000,635877.58500000,HIGH_VOLUME_NODE
92223.10000000,20.09100000,13.40300000,6.68800000,1236066.78150000,616788.35450000,HIGH_VOLUME_NODE
92223.60000000,15.98700000,3.13700000,12.85000000,289305.62560000,1185074.17710000,HIGH_VOLUME_NODE
92224.10000000,26.21600000,19.52200000,6.69400000,1800399.01520000,617348.55010000,HIGH_VOLUME_NODE
92224.90000000,26.26200000,6.37600000,19.88600000,588026.60000000,1833986.35000000,HIGH_VOLUME_NODE
92225.30000000,15.90300000,5.37100000,10.53200000,495342.62340000,971317.91280000,HIGH_VOLUME_NODE
92225.40000000,23.65600000,21.09200000,2.56400000,1945220.24600000,236466.18200000,HIGH_VOLUME_NODE
92225.60000000,15.51000000,8.32600000,7.18400000,767870.57770000,662548.90740000,HIGH_VOLUME_NODE
92226.10000000,14.01700000,5.86100000,8.15600000,540537.39150000,752196.40130000,HIGH_VOLUME_NODE
92227.10000000,19.75400000,11.40300000,8.35100000,1051666.55380000,770188.94020000,HIGH_VOLUME_NODE
92227.90000000,16.09200000,2.83900000,13.25300000,261835.29200000,1222297.68400000,HIGH_VOLUME_NODE
92228.10000000,14.22200000,3.45800000,10.76400000,318924.98190000,992743.66280000,HIGH_VOLUME_NODE
92228.20000000,13.64800000,5.54500000,8.10300000,511405.92350000,747325.91490000,HIGH_VOLUME_NODE
92228.30000000,15.72000000,8.88900000,6.83100000,819818.24760000,630012.20040000,HIGH_VOLUME_NODE
92228.60000000,12.66100000,3.65200000,9.00900000,336819.03510000,830888.27290000,HIGH_VOLUME_NODE
92229.10000000,15.63700000,7.12700000,8.51000000,657317.10890000,784869.92700000,HIGH_VOLUME_NODE
92229.60000000,18.28700000,4.32300000,13.96400000,398708.78100000,1287895.30650000,HIGH_VOLUME_NODE
92229.70000000,19.38200000,4.45200000,14.93000000,410607.06960000,1376990.91400000,HIGH_VOLUME_NODE
92229.90000000,20.32600000,9.21300000,11.11300000,849714.99000000,1024951.99000000,HIGH_VOLUME_NODE
92230.10000000,15.92000000,12.81700000,3.10300000,1182114.01770000,286190.12880000,HIGH_VOLUME_NODE
92231.10000000,23.03800000,10.85500000,12.18300000,1001169.09870000,1123651.79490000,HIGH_VOLUME_NODE
92232.60000000,17.73800000,10.67500000,7.06300000,984583.37400000,651439.35930000,HIGH_VOLUME_NODE
92232.90000000,29.83400000,1.88400000,27.95000000,173766.97200000,2577912.35000000,HIGH_VOLUME_NODE
92233.10000000,19.71000000,13.98100000,5.72900000,1289511.85800000,528403.50700000,HIGH_VOLUME_NODE
92234.10000000,16.83200000,9.37700000,7.45500000,864879.53800000,687605.26500000,HIGH_VOLUME_NODE
92234.60000000,18.88900000,11.34500000,7.54400000,1046402.00390000,695818.23610000,HIGH_VOLUME_NODE
92234.90000000,13.85600000,8.26400000,5.59200000,762230.04000000,515778.12000000,HIGH_VOLUME_NODE
92235.10000000,21.03200000,13.95100000,7.08100000,1286772.32900000,653116.83270000,HIGH_VOLUME_NODE
92235.60000000,29.75100000,6.62400000,23.12700000,610968.97120000,2133133.31670000,HIGH_VOLUME_NODE
92236.10000000,19.79900000,10.52100000,9.27800000,970416.67060000,855766.84550000,HIGH_VOLUME_NODE
92236.80000000,47.73400000,11.38200000,36.35200000,1049840.39580000,3352995.78880000,HIGH_VOLUME_NODE
92237.60000000,21.10700000,9.72800000,11.37900000,897288.02850000,1049571.81110000,HIGH_VOLUME_NODE
92238.10000000,29.00300000,16.18900000,12.81400000,1493243.13630000,1181939.07870000,HIGH_VOLUME_NODE
92239.10000000,13.05600000,5.70300000,7.35300000,526040.06200000,678234.48690000,HIGH_VOLUME_NODE
92239.20000000,21.06100000,5.21400000,15.84700000,480935.71020000,1461716.18710000,HIGH_VOLUME_NODE
92239.30000000,18.01900000,15.41600000,2.60300000,1421962.59040000,240099.15820000,HIGH_VOLUME_NODE
92239.60000000,17.32400000,8.37000000,8.95400000,772045.77770000,825913.84010000,HIGH_VOLUME_NODE
92240.10000000,13.19600000,7.67900000,5.51700000,708312.01420000,508889.02050000,HIGH_VOLUME_NODE
92240.90000000,16.66700000,5.80500000,10.86200000,535459.00500000,1001921.74200000,HIGH_VOLUME_NODE
92241.10000000,24.74000000,10.23500000,14.50500000,944087.92440000,1337957.56920000,HIGH_VOLUME_NODE
92241.60000000,16.67800000,10.54100000,6.13700000,972319.19060000,566086.87400000,HIGH_VOLUME_NODE
92242.60000000,17.20200000,13.20000000,4.00200000,1217603.42960000,369155.26290000,HIGH_VOLUME_NODE
92243.70000000,13.44200000,6.02100000,7.42100000,555399.91980000,684541.23980000,HIGH_VOLUME_NODE
92243.80000000,18.40200000,17.30100000,1.10100000,1595911.71390000,101560.53390000,HIGH_VOLUME_NODE
92244.60000000,20.45600000,6.00400000,14.45200000,553836.81530000,1333119.69400000,HIGH_VOLUME_NODE
92244.70000000,13.86300000,1.61800000,12.24500000,149252.08640000,1129537.57600000,HIGH_VOLUME_NODE
92244.90000000,17.09900000,6.27200000,10.82700000,578560.64000000,998736.61500000,HIGH_VOLUME_NODE
92245.10000000,13.60800000,8.57300000,5.03500000,790817.30730000,464454.35150000,HIGH_VOLUME_NODE
92246.10000000,14.49300000,8.85700000,5.63600000,817023.92460000,519899.31510000,HIGH_VOLUME_NODE
92246.60000000,16.65200000,5.42900000,11.22300000,500806.99600000,1035283.98420000,HIGH_VOLUME_NODE
92246.90000000,26.64800000,2.61500000,24.03300000,241225.90500000,2216972.15100000,HIGH_VOLUME_NODE
92247.10000000,15.86800000,8.07000000,7.79800000,744434.28380000,719343.26840000,HIGH_VOLUME_NODE
92247.80000000,20.64200000,14.40900000,6.23300000,1329199.99110000,574981.16070000,HIGH_VOLUME_NODE
92249.10000000,15.46400000,5.86400000,9.60000000,540949.02730000,885591.38360000,HIGH_VOLUME_NODE
92249.40000000,36.40800000,1.58500000,34.82300000,146215.45750000,3212404.33850000,HIGH_VOLUME_NODE
92249.80000000,30.21200000,20.13600000,10.07600000,1857543.98640000,929509.99240000,HIGH_VOLUME_NODE
92249.90000000,106.04000000,69.85900000,36.18100000,6444492.75000000,3337697.25000000,HIGH_VOLUME_NODE
92250.10000000,42.91600000,30.87300000,12.04300000,2848038.20370000,1110968.56600000,HIGH_VOLUME_NODE
92250.60000000,15.29100000,2.94600000,12.34500000,271770.36870000,1138834.21190000,HIGH_VOLUME_NODE
92252.10000000,22.69000000,8.83500000,13.85500000,815048.04010000,1278153.39990000,HIGH_VOLUME_NODE
92253.10000000,14.67800000,11.14100000,3.53700000,1027792.52030000,326299.26560000,HIGH_VOLUME_NODE
92253.60000000,22.42700000,17.64300000,4.78400000,1627631.53660000,441341.37370000,HIGH_VOLUME_NODE
92254.20000000,24.25300000,14.65400000,9.59900000,1351894.51220000,885549.02570000,HIGH_VOLUME_NODE
92254.60000000,12.37700000,7.80900000,4.56800000,720416.41630000,421419.40520000,HIGH_VOLUME_NODE
92254.80000000,23.43400000,1.93000000,21.50400000,178051.95700000,1983849.36960000,HIGH_VOLUME_NODE
92255.60000000,15.22400000,6.34700000,8.87700000,585546.67370000,818953.04530000,HIGH_VOLUME_NODE
92256.60000000,12.30700000,4.73100000,7.57600000,436466.10920000,698936.57270000,HIGH_VOLUME_NODE
92257.10000000,19.70700000,17.19600000,2.51100000,1586454.70880000,231657.64940000,HIGH_VOLUME_NODE
92257.60000000,12.39600000,9.65100000,2.74500000,890378.28800000,253247.34160000,HIGH_VOLUME_NODE
92257.90000000,15.38700000,12.50500000,2.88200000,1153686.29000000,265887.55600000,HIGH_VOLUME_NODE
92258.10000000,22.78100000,11.03300000,11.74800000,1017883.93030000,1083848.99360000,HIGH_VOLUME_NODE
92258.70000000,14.89700000,0.88200000,14.01500000,81372.26160000,1293007.08200000,HIGH_VOLUME_NODE
92259.90000000,14.52700000,5.96100000,8.56600000,549961.86000000,790299.16000000,HIGH_VOLUME_NODE
92261.60000000,22.23700000,11.20600000,11.03100000,1033883.82440000,1017738.10530000,HIGH_VOLUME_NODE
92262.60000000,12.29300000,5.41300000,6.88000000,499417.54000000,634766.90230000,HIGH_VOLUME_NODE
92262.80000000,14.62100000,1.96300000,12.65800000,181112.07270000,1167863.78820000,HIGH_VOLUME_NODE
92262.90000000,12.64800000,7.36700000,5.28100000,679701.52100000,487240.90300000,HIGH_VOLUME_NODE
92263.10000000,23.43600000,20.21800000,3.21800000,1865376.32450000,296902.75060000,HIGH_VOLUME_NODE
92264.10000000,36.35500000,17.84400000,18.51100000,1646361.10070000,1707900.96080000,HIGH_VOLUME_NODE
92265.10000000,39.64600000,31.43600000,8.21000000,2900448.50800000,757497.23480000,HIGH_VOLUME_NODE
92265.40000000,13.45500000,5.78800000,7.66700000,534032.71400000,707399.58850000,HIGH_VOLUME_NODE
92266.60000000,14.98400000,10.50300000,4.48100000,969076.33430000,413446.98460000,HIGH_VOLUME_NODE
92267.10000000,12.63800000,10.47100000,2.16700000,966129.77500000,199942.88000000,HIGH_VOLUME_NODE
92267.60000000,18.83700000,13.64300000,5.19400000,1258807.10530000,479238.29660000,HIGH_VOLUME_NODE
92267.90000000,23.88200000,3.03500000,20.84700000,280033.38000000,1923510.99600000,HIGH_VOLUME_NODE
92268.10000000,23.70100000,19.40600000,4.29500000,1790554.96990000,396291.65990000,HIGH_VOLUME_NODE
92268.60000000,28.40500000,9.46100000,18.94400000,872953.99900000,1747937.72490000,HIGH_VOLUME_NODE
92269.10000000,22.22700000,4.24000000,17.98700000,391221.15780000,1659645.95980000,HIGH_VOLUME_NODE
92269.20000000,12.41600000,6.57400000,5.84200000,606578.37820000,539037.25060000,HIGH_VOLUME_NODE
92269.30000000,35.90700000,17.52900000,18.37800000,1617390.31260000,1695727.03320000,HIGH_VOLUME_NODE
92269.40000000,25.87200000,25.63000000,0.24200000,2364867.28500000,22329.21900000,HIGH_VOLUME_NODE
92269.60000000,12.78900000,5.65600000,7.13300000,521877.10100000,658159.25390000,HIGH_VOLUME_NODE
92271.30000000,14.82400000,6.79200000,8.03200000,626707.34880000,741123.88480000,HIGH_VOLUME_NODE
92271.60000000,42.83300000,12.00400000,30.82900000,1107629.17020000,2844643.37360000,HIGH_VOLUME_NODE
92271.90000000,12.80600000,1.34300000,11.46300000,123921.29600000,1057713.93600000,HIGH_VOLUME_NODE
92272.40000000,16.26800000,3.68300000,12.58500000,339839.61750000,1161249.41250000,HIGH_VOLUME_NODE
92272.60000000,17.56900000,5.24800000,12.32100000,484246.65040000,1136891.48330000,HIGH_VOLUME_NODE
92273.60000000,12.77400000,10.60100000,2.17300000,978193.29380000,200510.63000000,HIGH_VOLUME_NODE
92274.10000000,20.15000000,8.06700000,12.08300000,744375.63390000,1114948.08510000,HIGH_VOLUME_NODE
92274.60000000,13.29300000,9.90800000,3.38500000,914257.60800000,312349.60110000,HIGH_VOLUME_NODE
92274.90000000,14.97900000,12.85800000,2.12100000,1186471.95000000,195715.27500000,HIGH_VOLUME_NODE
92276.90000000,35.60000000,4.09200000,31.50800000,377597.48400000,2907463.71600000,HIGH_VOLUME_NODE
92277.10000000,19.64900000,8.44500000,11.20400000,779280.42170000,1033872.83420000,HIGH_VOLUME_NODE
92277.60000000,22.45700000,7.08400000,15.37300000,653694.73380000,1418584.53100000,HIGH_VOLUME_NODE
92277.90000000,24.78100000,3.45900000,21.32200000,319189.60200000,1967551.51600000,HIGH_VOLUME_NODE
92278.10000000,23.83400000,14.34300000,9.49100000,1323545.04030000,875812.34690000,HIGH_VOLUME_NODE
92279.60000000,14.39100000,10.32100000,4.07000000,952418.18390000,375578.12160000,HIGH_VOLUME_NODE
92279.90000000,19.74200000,3.96700000,15.77500000,366074.76000000,1455717.00000000,HIGH_VOLUME_NODE
92280.10000000,22.05600000,14.11600000,7.94000000,1302627.03740000,732704.57920000,HIGH_VOLUME_NODE
92280.60000000,26.02400000,9.55800000,16.46600000,882018.37380000,1519492.64510000,HIGH_VOLUME_NODE
92282.10000000,16.24800000,14.21900000,2.02900000,1312160.32260000,187240.46910000,HIGH_VOLUME_NODE
92282.40000000,16.09000000,15.05400000,1.03600000,1389220.75500000,95604.67000000,HIGH_VOLUME_NODE
92282.60000000,24.12200000,7.43400000,16.68800000,686029.44200000,1540012.27060000,HIGH_VOLUME_NODE
92283.10000000,20.58000000,12.95500000,7.62500000,1195528.59940000,703659.15260000,HIGH_VOLUME_NODE
92283.60000000,16.59900000,2.20300000,14.39600000,203300.94460000,1328515.33660000,HIGH_VOLUME_NODE
92284.40000000,12.20400000,10.45900000,1.74500000,965203.58550000,161036.45250000,HIGH_VOLUME_NODE
92285.10000000,13.45000000,10.96000000,2.49000000,1011445.27190000,229790.01050000,HIGH_VOLUME_NODE
92285.20000000,18.48900000,6.06900000,12.42000000,560079.48570000,1146183.42600000,HIGH_VOLUME_NODE
92285.60000000,12.98500000,4.71800000,8.26700000,435403.79190000,762925.51670000,HIGH_VOLUME_NODE
92285.80000000,12.74700000,5.25400000,7.49300000,484870.11860000,691498.24870000,HIGH_VOLUME_NODE
92285.90000000,14.23600000,3.59100000,10.64500000,331399.02600000,982384.47000000,HIGH_VOLUME_NODE
92286.10000000,14.97200000,13.36300000,1.60900000,1233219.20290000,148488.35470000,HIGH_VOLUME_NODE
92286.70000000,12.63500000,2.24300000,10.39200000,206999.29240000,959044.42560000,HIGH_VOLUME_NODE
92287.10000000,15.73900000,9.74200000,5.99700000,899061.55420000,553445.90300000,HIGH_VOLUME_NODE
92287.90000000,14.34200000,7.00000000,7.34200000,646016.00000000,677578.49600000,HIGH_VOLUME_NODE
92288.10000000,17.51300000,7.63800000,9.87500000,704896.53810000,911345.91400000,HIGH_VOLUME_NODE
92288.60000000,19.18800000,16.77700000,2.41100000,1548327.42250000,222507.98860000,HIGH_VOLUME_NODE
92289.10000000,16.50600000,8.79100000,7.71500000,811314.21650000,712010.53630000,HIGH_VOLUME_NODE
92289.30000000,12.19200000,10.68000000,1.51200000,985650.79200000,139541.57280000,HIGH_VOLUME_NODE
92289.60000000,13.04800000,6.17600000,6.87200000,569980.80570000,634214.45220000,HIGH_VOLUME_NODE
92289.90000000,14.42200000,8.08700000,6.33500000,746349.23000000,584657.15000000,HIGH_VOLUME_NODE
92290.40000000,25.46500000,24.06600000,1.39900000,2221063.17300000,129114.40950000,HIGH_VOLUME_NODE
92290.60000000,12.92800000,7.47700000,5.45100000,690057.06530000,503076.29770000,HIGH_VOLUME_NODE
92291.10000000,28.86600000,22.54600000,6.32000000,2080795.73270000,583279.86110000,HIGH_VOLUME_NODE
92291.20000000,14.23900000,2.12000000,12.11900000,195657.55600000,1118478.26470000,HIGH_VOLUME_NODE
92291.30000000,18.39900000,15.09600000,3.30300000,1393230.97440000,304838.49420000,HIGH_VOLUME_NODE
92292.10000000,16.28800000,11.69400000,4.59400000,1079264.61570000,423990.23920000,HIGH_VOLUME_NODE
92293.20000000,20.29200000,8.22900000,12.06300000,759481.56570000,1113334.07790000,HIGH_VOLUME_NODE
92293.80000000,12.71700000,6.82300000,5.89400000,629721.27970000,543980.24660000,HIGH_VOLUME_NODE
92294.10000000,13.46000000,7.80100000,5.65900000,719986.57400000,522292.48030000,HIGH_VOLUME_NODE
92294.80000000,27.53200000,13.40000000,14.13200000,1236751.66000000,1304311.52680000,HIGH_VOLUME_NODE
92294.90000000,22.44600000,14.33300000,8.11300000,1322864.23500000,748789.33500000,HIGH_VOLUME_NODE
92295.10000000,22.75000000,15.22500000,7.52500000,1405193.25260000,694521.08520000,HIGH_VOLUME_NODE
92296.10000000,12.27900000,3.40100000,8.87800000,313899.28870000,819405.00900000,HIGH_VOLUME_NODE
92296.30000000,20.50600000,4.67800000,15.82800000,431762.55920000,1460867.41920000,HIGH_VOLUME_NODE
92296.90000000,20.73300000,5.39900000,15.33400000,498311.50300000,1415282.19800000,HIGH_VOLUME_NODE
92297.10000000,19.25500000,9.17500000,10.08000000,846826.59460000,930355.33030000,HIGH_VOLUME_NODE
92298.10000000,18.05300000,12.77200000,5.28100000,1178832.09930000,487426.56440000,HIGH_VOLUME_NODE
92298.60000000,27.63300000,19.30100000,8.33200000,1781456.46120000,769032.59930000,HIGH_VOLUME_NODE
92298.90000000,13.23900000,5.71900000,7.52000000,527857.98100000,694088.48000000,HIGH_VOLUME_NODE
92299.10000000,13.38200000,8.54400000,4.83800000,788603.86590000,446543.44880000,HIGH_VOLUME_NODE
92299.20000000,34.14000000,21.69400000,12.44600000,2002341.01420000,1148757.08780000,HIGH_VOLUME_NODE
92299.80000000,19.37200000,6.81900000,12.55300000,629393.01810000,1158640.64470000,HIGH_VOLUME_NODE
92299.90000000,419.36100000,229.46600000,189.89500000,21179711.80000000,17527308.50000000,HIGH_VOLUME_NODE
92300.10000000,47.19900000,33.41300000,13.78600000,3084023.76440000,1272449.67690000,HIGH_VOLUME_NODE
92300.20000000,12.39000000,4.27700000,8.11300000,394768.38310000,748832.33390000,HIGH_VOLUME_NODE
92301.10000000,12.90300000,5.14100000,7.76200000,474520.07110000,716441.54130000,HIGH_VOLUME_NODE
92302.10000000,18.99200000,7.65300000,11.33900000,706388.45250000,1046613.69020000,HIGH_VOLUME_NODE
92302.20000000,12.22600000,2.27500000,9.95100000,209987.73250000,918500.18730000,HIGH_VOLUME_NODE
92302.30000000,21.22300000,4.73600000,16.48700000,437144.16640000,1521789.66880000,HIGH_VOLUME_NODE
92302.60000000,23.39900000,15.07000000,8.32900000,1391000.23150000,768788.88340000,HIGH_VOLUME_NODE
92303.10000000,26.12900000,10.73000000,15.39900000,990412.59280000,1421375.88700000,HIGH_VOLUME_NODE
92303.60000000,22.02800000,9.83800000,12.19000000,908083.21910000,1125181.60280000,HIGH_VOLUME_NODE
92303.90000000,12.64400000,6.30800000,6.33600000,582253.63200000,584838.14400000,HIGH_VOLUME_NODE
92304.60000000,14.61300000,3.11100000,11.50200000,287159.81240000,1061688.22010000,HIGH_VOLUME_NODE
92306.10000000,14.25500000,9.14000000,5.11500000,843677.98200000,472145.76810000,HIGH_VOLUME_NODE
92306.60000000,20.22400000,9.89600000,10.32800000,913466.60450000,953342.62940000,HIGH_VOLUME_NODE
92307.60000000,14.24200000,4.42600000,9.81600000,408553.52150000,906091.81190000,HIGH_VOLUME_NODE
92307.80000000,24.34100000,7.65200000,16.68900000,706340.05080000,1540526.54310000,HIGH_VOLUME_NODE
92308.10000000,30.39600000,15.13800000,15.25800000,1397361.02430000,1408437.63310000,HIGH_VOLUME_NODE
92308.60000000,12.65800000,6.06800000,6.59000000,560128.93520000,608313.74020000,HIGH_VOLUME_NODE
92308.70000000,12.31600000,5.53500000,6.78100000,510929.20800000,625945.97280000,HIGH_VOLUME_NODE
92310.40000000,12.82400000,5.11800000,7.70600000,472445.13900000,711344.71300000,HIGH_VOLUME_NODE
92311.10000000,21.37600000,12.13000000,9.24600000,1119734.45060000,853508.58400000,HIGH_VOLUME_NODE
92312.10000000,16.97700000,8.81100000,8.16600000,813362.50790000,753821.11230000,HIGH_VOLUME_NODE
92313.10000000,15.30100000,9.48800000,5.81300000,875867.38760000,536616.53730000,HIGH_VOLUME_NODE
92314.10000000,19.11400000,5.59500000,13.51900000,516497.59100000,1247995.28580000,HIGH_VOLUME_NODE
92314.60000000,19.64000000,10.82300000,8.81700000,999121.08110000,813938.27370000,HIGH_VOLUME_NODE
92314.70000000,15.81400000,9.17000000,6.64400000,846526.71600000,613339.53120000,HIGH_VOLUME_NODE
92315.10000000,19.95000000,8.21900000,11.73100000,758738.42920000,1082948.92140000,HIGH_VOLUME_NODE
92315.90000000,79.77800000,3.89400000,75.88400000,359478.50400000,7005307.34400000,HIGH_VOLUME_NODE
92316.10000000,41.56600000,5.74500000,35.82100000,530356.25950000,3306858.51060000,HIGH_VOLUME_NODE
92316.60000000,17.06900000,11.39400000,5.67500000,1051856.12590000,523896.89500000,HIGH_VOLUME_NODE
92317.10000000,26.87300000,12.49200000,14.38100000,1153226.08490000,1327612.95850000,HIGH_VOLUME_NODE
92317.60000000,12.59200000,3.75600000,8.83600000,346745.13930000,815718.55280000,HIGH_VOLUME_NODE
92318.10000000,18.06300000,8.20300000,9.86000000,757285.83120000,910256.61670000,HIGH_VOLUME_NODE
92318.30000000,13.92300000,9.04100000,4.88200000,834650.65440000,450698.42880000,HIGH_VOLUME_NODE
92318.40000000,13.31900000,8.17200000,5.14700000,754426.78200000,475163.31950000,HIGH_VOLUME_NODE
92318.80000000,13.68100000,3.49200000,10.18900000,322377.59880000,940637.27210000,HIGH_VOLUME_NODE
92319.10000000,17.66300000,1.67100000,15.99200000,154265.34080000,1476367.63770000,HIGH_VOLUME_NODE
92319.60000000,13.70300000,4.65000000,9.05300000,429286.40310000,835769.76250000,HIGH_VOLUME_NODE
92319.80000000,16.58400000,1.52700000,15.05700000,140972.48730000,1390060.73430000,HIGH_VOLUME_NODE
92319.90000000,29.32500000,10.71800000,18.60700000,989485.76000000,1717798.24000000,HIGH_VOLUME_NODE
92320.10000000,27.62400000,19.64900000,7.97500000,1813998.02610000,736253.25350000,HIGH_VOLUME_NODE
92320.20000000,15.48200000,7.96100000,7.52100000,734961.90830000,694340.97630000,HIGH_VOLUME_NODE
92320.30000000,14.10400000,10.80100000,3.30300000,997152.64040000,304934.28120000,HIGH_VOLUME_NODE
92321.60000000,12.52200000,8.72900000,3.79300000,805875.79040000,350175.96300000,HIGH_VOLUME_NODE
92321.80000000,33.25300000,9.53300000,23.72000000,880104.67270000,2189875.46800000,HIGH_VOLUME_NODE
92321.90000000,22.09300000,17.92600000,4.16700000,1654964.17200000,384705.77400000,HIGH_VOLUME_NODE
92322.10000000,26.52700000,10.83700000,15.69000000,1000494.97250000,1448534.94430000,HIGH_VOLUME_NODE
92322.20000000,12.57800000,6.57900000,5.99900000,607388.41170000,553841.47770000,HIGH_VOLUME_NODE
92323.20000000,30.14700000,24.52800000,5.61900000,2264505.90240000,518764.62270000,HIGH_VOLUME_NODE
92323.80000000,17.15100000,4.01700000,13.13400000,370865.10630000,1212582.10260000,HIGH_VOLUME_NODE
92324.60000000,14.24300000,3.55800000,10.68500000,328491.14090000,986488.76630000,HIGH_VOLUME_NODE
92324.90000000,32.37900000,26.48600000,5.89300000,2445319.95000000,544071.22500000,HIGH_VOLUME_NODE
92326.60000000,48.31600000,43.10200000,5.21400000,3979461.51830000,481391.15230000,HIGH_VOLUME_NODE
92326.70000000,24.49600000,8.60500000,15.89100000,794472.11400000,1467165.17880000,HIGH_VOLUME_NODE
92327.10000000,44.55700000,33.16500000,11.39200000,3062031.44960000,1051790.60720000,HIGH_VOLUME_NODE
92328.60000000,14.10100000,6.58400000,7.51700000,607891.95320000,694034.74970000,HIGH_VOLUME_NODE
92329.90000000,34.51400000,24.11700000,10.39700000,2226722.61000000,959955.01000000,HIGH_VOLUME_NODE
92330.10000000,31.19000000,15.98300000,15.20700000,1475712.58960000,1404064.40570000,HIGH_VOLUME_NODE
92330.60000000,17.34400000,3.21700000,14.12700000,297027.79750000,1304354.72290000,HIGH_VOLUME_NODE
92331.10000000,18.56200000,4.92800000,13.63400000,455007.84340000,1258843.28730000,HIGH_VOLUME_NODE
92331.20000000,14.64200000,7.07800000,7.56400000,653520.94140000,698393.95320000,HIGH_VOLUME_NODE
92331.40000000,13.25100000,4.96200000,8.28900000,458148.90300000,765335.80350000,HIGH_VOLUME_NODE
92332.10000000,15.85100000,4.20900000,11.64200000,388626.01810000,1074930.43790000,HIGH_VOLUME_NODE
92332.30000000,19.80200000,10.49600000,9.30600000,969120.87040000,859245.31440000,HIGH_VOLUME_NODE
92332.60000000,16.67600000,8.81500000,7.86100000,813912.02910000,725827.00790000,HIGH_VOLUME_NODE
92332.70000000,36.13700000,2.38900000,33.74800000,220583.05920000,3116047.33440000,HIGH_VOLUME_NODE
92332.80000000,26.77100000,17.70600000,9.06500000,1634846.32740000,836997.73850000,HIGH_VOLUME_NODE
92332.90000000,25.81300000,10.59100000,15.22200000,977898.80300000,1405492.92600000,HIGH_VOLUME_NODE
92333.10000000,18.02700000,7.96400000,10.06300000,735340.89660000,929148.24870000,HIGH_VOLUME_NODE
92333.60000000,13.14300000,7.81000000,5.33300000,721125.78220000,492415.51330000,HIGH_VOLUME_NODE
92334.10000000,32.02200000,14.82400000,17.19800000,1368761.33710000,1587963.01800000,HIGH_VOLUME_NODE
92334.20000000,15.80300000,9.49100000,6.31200000,876344.84130000,582814.10160000,HIGH_VOLUME_NODE
92334.60000000,21.56600000,15.54700000,6.01900000,1435526.59330000,555762.18940000,HIGH_VOLUME_NODE
92335.40000000,14.36100000,5.97900000,8.38200000,552073.95450000,773956.16100000,HIGH_VOLUME_NODE
92335.60000000,22.15200000,14.13200000,8.02000000,1304887.27360000,740532.06160000,HIGH_VOLUME_NODE
92336.10000000,24.63600000,6.07600000,18.56000000,561034.57760000,1713759.35790000,HIGH_VOLUME_NODE
92336.70000000,12.76500000,3.67400000,9.09100000,339245.40320000,839433.84880000,HIGH_VOLUME_NODE
92337.10000000,17.05100000,12.98800000,4.06300000,1199274.87830000,375165.86970000,HIGH_VOLUME_NODE
92337.20000000,16.24100000,14.32900000,1.91200000,1323101.17170000,176548.91760000,HIGH_VOLUME_NODE
92338.60000000,12.40300000,7.53300000,4.87000000,695586.97190000,449689.31300000,HIGH_VOLUME_NODE
92339.10000000,14.06700000,10.09800000,3.96900000,932440.57810000,366494.03490000,HIGH_VOLUME_NODE
92339.40000000,14.80100000,8.66600000,6.13500000,800214.10700000,566502.83250000,HIGH_VOLUME_NODE
92339.60000000,28.45700000,10.24500000,18.21200000,946019.78080000,1681688.92840000,HIGH_VOLUME_NODE
92339.80000000,20.98700000,6.21700000,14.77000000,574077.15830000,1363860.32300000,HIGH_VOLUME_NODE
92339.90000000,38.81000000,13.88800000,24.92200000,1282417.92000000,2301297.48000000,HIGH_VOLUME_NODE
92340.10000000,15.95900000,11.10300000,4.85600000,1025252.47040000,448403.89300000,HIGH_VOLUME_NODE
92340.30000000,12.64500000,7.25400000,5.39100000,669837.26160000,497807.09640000,HIGH_VOLUME_NODE
92340.60000000,19.62800000,4.56500000,15.06300000,421535.09240000,1390927.25540000,HIGH_VOLUME_NODE
92341.10000000,17.57800000,9.16700000,8.41100000,846491.63660000,776681.18150000,HIGH_VOLUME_NODE
92341.60000000,14.08100000,11.60700000,2.47400000,1071809.84290000,228453.28910000,HIGH_VOLUME_NODE
92342.10000000,18.10800000,7.87700000,10.23100000,727379.32940000,944752.46850000,HIGH_VOLUME_NODE
92342.20000000,22.80600000,4.80200000,18.00400000,443427.72460000,1662530.76920000,HIGH_VOLUME_NODE
92343.10000000,14.69100000,10.24600000,4.44500000,946147.91270000,410465.34310000,HIGH_VOLUME_NODE
92343.40000000,38.38300000,16.53500000,21.84800000,1526899.77250000,2017520.78800000,HIGH_VOLUME_NODE
92343.60000000,30.41900000,24.86300000,5.55600000,2295940.36420000,513061.26060000,HIGH_VOLUME_NODE
92343.70000000,12.28500000,7.05800000,5.22700000,651762.54040000,482681.04260000,HIGH_VOLUME_NODE
92343.80000000,16.79500000,4.25100000,12.54400000,392553.91890000,1158361.88160000,HIGH_VOLUME_NODE
92344.10000000,23.11000000,11.17200000,11.93800000,1031668.97500000,1102404.20610000,HIGH_VOLUME_NODE
92344.30000000,20.84500000,3.02300000,17.82200000,279157.12120000,1645761.89680000,HIGH_VOLUME_NODE
92344.40000000,12.68700000,7.67100000,5.01600000,708374.65950000,463200.01200000,HIGH_VOLUME_NODE
92344.60000000,92.29700000,30.90100000,61.39600000,2853543.32970000,5669594.37460000,HIGH_VOLUME_NODE
92344.70000000,18.42500000,8.37300000,10.05200000,773203.01040000,928249.92960000,HIGH_VOLUME_NODE
92344.90000000,16.58700000,7.56600000,9.02100000,698682.27000000,833044.24500000,HIGH_VOLUME_NODE
92345.10000000,18.96100000,15.80300000,3.15800000,1459330.04440000,291625.95080000,HIGH_VOLUME_NODE
92345.60000000,13.26900000,6.82000000,6.44900000,629797.25030000,595536.99890000,HIGH_VOLUME_NODE
92345.70000000,27.40900000,8.21800000,19.19100000,758897.78440000,1772208.24780000,HIGH_VOLUME_NODE
92345.90000000,13.95600000,9.46900000,4.48700000,874424.27400000,414356.50200000,HIGH_VOLUME_NODE
92346.10000000,13.26700000,4.47500000,8.79200000,413248.94630000,811907.18660000,HIGH_VOLUME_NODE
92346.30000000,15.58400000,7.45500000,8.12900000,688442.41200000,750683.88560000,HIGH_VOLUME_NODE
92347.10000000,15.64900000,13.30400000,2.34500000,1228586.54360000,216554.04740000,HIGH_VOLUME_NODE
92347.30000000,12.92600000,9.31000000,3.61600000,859754.29400000,333928.19840000,HIGH_VOLUME_NODE
92347.60000000,25.71800000,17.41500000,8.30300000,1608234.48460000,766762.59550000,HIGH_VOLUME_NODE
92348.10000000,20.32600000,5.78600000,14.54000000,534326.41720000,1342742.49080000,HIGH_VOLUME_NODE
92348.20000000,15.90900000,13.77800000,2.13100000,1272374.87740000,196794.22730000,HIGH_VOLUME_NODE
92348.70000000,13.73200000,8.72600000,5.00600000,805835.62880000,462298.09280000,HIGH_VOLUME_NODE
92348.90000000,13.13600000,2.66500000,10.47100000,246110.08500000,966986.37900000,HIGH_VOLUME_NODE
92349.10000000,25.58800000,20.83100000,4.75700000,1923724.30040000,439305.05400000,HIGH_VOLUME_NODE
92349.60000000,15.58200000,6.16000000,9.42200000,568873.80450000,870118.50390000,HIGH_VOLUME_NODE
92349.80000000,34.18600000,4.61100000,29.57500000,425825.38890000,2731248.29250000,HIGH_VOLUME_NODE
92349.90000000,122.00500000,60.12000000,61.88500000,5552082.00000000,5715079.75000000,HIGH_VOLUME_NODE
92350.10000000,22.63800000,13.68200000,8.95600000,1263534.47030000,827087.87640000,HIGH_VOLUME_NODE
92350.60000000,17.36700000,13.36700000,4.00000000,1234450.68930000,369402.63340000,HIGH_VOLUME_NODE
92351.10000000,21.46500000,9.00000000,12.46500000,831160.59160000,1151157.53220000,HIGH_VOLUME_NODE
92351.30000000,14.97000000,6.13300000,8.83700000,566391.13620000,816109.32180000,HIGH_VOLUME_NODE
92351.60000000,13.86400000,6.36200000,7.50200000,587541.35390000,692822.01540000,HIGH_VOLUME_NODE
92352.10000000,12.76600000,8.78000000,3.98600000,810851.89590000,368115.60660000,HIGH_VOLUME_NODE
92352.40000000,18.09100000,8.37400000,9.71700000,773359.83500000,897389.24250000,HIGH_VOLUME_NODE
92352.60000000,49.69500000,11.14300000,38.55200000,1029085.74420000,3560380.93840000,HIGH_VOLUME_NODE
92352.90000000,27.97600000,22.63100000,5.34500000,2090040.74300000,493626.78500000,HIGH_VOLUME_NODE
92353.10000000,23.46500000,17.56700000,5.89800000,1622367.95570000,544698.80440000,HIGH_VOLUME_NODE
92353.70000000,13.52200000,2.34900000,11.17300000,216939.07620000,1031869.00740000,HIGH_VOLUME_NODE
92354.10000000,18.82200000,8.74600000,10.07600000,807729.49920000,930560.20970000,HIGH_VOLUME_NODE
92354.30000000,15.79600000,3.14100000,12.65500000,290085.17040000,1168744.93200000,HIGH_VOLUME_NODE
92354.40000000,15.38700000,2.88500000,12.50200000,266442.73250000,1154615.95900000,HIGH_VOLUME_NODE
92354.60000000,12.70200000,3.52500000,9.17700000,325549.99810000,847538.84070000,HIGH_VOLUME_NODE
92354.90000000,26.36300000,4.40800000,21.95500000,407100.84000000,2027654.02500000,HIGH_VOLUME_NODE
92355.10000000,16.83900000,9.38000000,7.45900000,866291.26880000,688877.25820000,HIGH_VOLUME_NODE
92355.20000000,17.46900000,4.53600000,12.93300000,418923.64080000,1194431.09490000,HIGH_VOLUME_NODE
92355.30000000,14.60100000,7.33700000,7.26400000,677611.56980000,670869.62560000,HIGH_VOLUME_NODE
92355.80000000,13.33800000,3.28600000,10.05200000,303481.48740000,928361.50680000,HIGH_VOLUME_NODE
92356.60000000,12.77200000,3.42200000,9.35000000,316044.49710000,863534.76870000,HIGH_VOLUME_NODE
92357.60000000,12.82800000,3.56500000,9.26300000,329254.87770000,855509.17110000,HIGH_VOLUME_NODE
92358.10000000,16.36600000,7.80100000,8.56500000,720485.76360000,791047.64360000,HIGH_VOLUME_NODE
92358.40000000,21.51600000,11.68600000,9.83000000,1079301.43100000,907884.05500000,HIGH_VOLUME_NODE
92358.80000000,12.68000000,6.56100000,6.11900000,605966.74290000,565144.10910000,HIGH_VOLUME_NODE
92359.40000000,15.37300000,8.03000000,7.34300000,741646.78500000,678195.80850000,HIGH_VOLUME_NODE
92359.60000000,21.28100000,14.23300000,7.04800000,1314554.73340000,650950.72190000,HIGH_VOLUME_NODE
92359.80000000,14.90000000,2.98500000,11.91500000,275694.30150000,1100468.20850000,HIGH_VOLUME_NODE
92359.90000000,29.48800000,21.06300000,8.42500000,1945378.68000000,778133.00000000,HIGH_VOLUME_NODE
92360.60000000,16.23000000,5.13900000,11.09100000,474641.44290000,1024371.73930000,HIGH_VOLUME_NODE
92360.70000000,12.96100000,3.84000000,9.12100000,354665.47200000,842422.85680000,HIGH_VOLUME_NODE
92361.10000000,15.06000000,7.30300000,7.75700000,674513.41080000,716445.51620000,HIGH_VOLUME_NODE
92361.60000000,21.80300000,8.83700000,12.96600000,816200.18860000,1197561.12900000,HIGH_VOLUME_NODE
92363.10000000,14.74900000,9.19200000,5.55700000,849001.72680000,513261.93490000,HIGH_VOLUME_NODE
92363.30000000,18.90200000,5.31300000,13.58900000,490726.74420000,1255126.24260000,HIGH_VOLUME_NODE
92363.60000000,27.81600000,19.88900000,7.92700000,1837021.31270000,732166.40680000,HIGH_VOLUME_NODE
92364.30000000,14.63600000,7.12000000,7.51600000,657634.52800000,694210.83040000,HIGH_VOLUME_NODE
92365.10000000,14.40700000,3.12700000,11.28000000,288825.78680000,1041879.16470000,HIGH_VOLUME_NODE
92365.60000000,13.65100000,2.23600000,11.41500000,206529.56220000,1054353.80210000,HIGH_VOLUME_NODE
92366.10000000,18.08500000,4.28000000,13.80500000,395326.97410000,1275115.24640000,HIGH_VOLUME_NODE
92366.20000000,17.74600000,8.34300000,9.40300000,770612.04090000,868520.31890000,HIGH_VOLUME_NODE
92366.90000000,13.27400000,7.51600000,5.75800000,694230.37200000,531849.18600000,HIGH_VOLUME_NODE
92367.10000000,13.71800000,5.80200000,7.91600000,535914.05890000,731178.49090000,HIGH_VOLUME_NODE
92367.60000000,15.61200000,4.55400000,11.05800000,420642.14620000,1021401.69360000,HIGH_VOLUME_NODE
92368.10000000,14.67900000,5.30600000,9.37300000,490105.33490000,865766.62550000,HIGH_VOLUME_NODE
92368.60000000,16.99300000,10.20700000,6.78600000,942806.84890000,626813.71500000,HIGH_VOLUME_NODE
92369.60000000,23.94400000,10.97700000,12.96700000,1013941.88260000,1197757.13410000,HIGH_VOLUME_NODE
92369.70000000,17.90300000,13.01700000,4.88600000,1202377.68660000,451318.84280000,HIGH_VOLUME_NODE
92369.90000000,20.49200000,6.88400000,13.60800000,635875.08000000,1256970.96000000,HIGH_VOLUME_NODE
92370.10000000,25.06700000,10.55200000,14.51500000,974689.51580000,1340752.44060000,HIGH_VOLUME_NODE
92370.60000000,14.78300000,8.87700000,5.90600000,819974.38160000,545541.11170000,HIGH_VOLUME_NODE
92370.70000000,19.90000000,15.73900000,4.16100000,1453824.02120000,384354.89880000,HIGH_VOLUME_NODE
92370.90000000,16.22800000,3.96300000,12.26500000,366066.27300000,1132930.31500000,HIGH_VOLUME_NODE
92371.10000000,24.45700000,18.12900000,6.32800000,1674596.60000000,584524.87950000,HIGH_VOLUME_NODE
92371.20000000,13.45500000,12.86500000,0.59000000,1188356.77450000,54499.06700000,HIGH_VOLUME_NODE
92371.60000000,15.48700000,8.30500000,7.18200000,767146.34790000,663413.36740000,HIGH_VOLUME_NODE
92372.10000000,22.51600000,9.49100000,13.02500000,876703.77660000,1203146.99900000,HIGH_VOLUME_NODE
92372.40000000,14.34600000,11.46800000,2.87800000,1059327.83000000,265848.05500000,HIGH_VOLUME_NODE
92372.60000000,15.63000000,11.06600000,4.56400000,1022195.81090000,421588.75390000,HIGH_VOLUME_NODE
92372.70000000,13.86400000,3.78600000,10.07800000,349723.42080000,930933.07840000,HIGH_VOLUME_NODE
92372.80000000,20.50500000,7.79200000,12.71300000,719769.63680000,1174336.67770000,HIGH_VOLUME_NODE
92373.40000000,12.50600000,3.06200000,9.44400000,282847.65700000,872375.33400000,HIGH_VOLUME_NODE
92373.60000000,32.60200000,12.87700000,19.72500000,1189495.68530000,1822070.79640000,HIGH_VOLUME_NODE
92374.10000000,13.54900000,5.48700000,8.06200000,506856.80550000,744720.16750000,HIGH_VOLUME_NODE
92374.20000000,14.76500000,10.51600000,4.24900000,971408.13880000,392498.40070000,HIGH_VOLUME_NODE
92375.60000000,23.55900000,17.51000000,6.04900000,1617497.15120000,558780.37360000,HIGH_VOLUME_NODE
92375.80000000,21.60400000,1.96100000,19.64300000,181149.13990000,1814539.80370000,HIGH_VOLUME_NODE
92375.90000000,19.00000000,10.32300000,8.67700000,953597.44800000,801546.55200000,HIGH_VOLUME_NODE
92376.60000000,44.16000000,14.06200000,30.09800000,1299000.19030000,2780353.65930000,HIGH_VOLUME_NODE
92376.70000000,39.77900000,5.84500000,33.93400000,539942.39600000,3134714.33120000,HIGH_VOLUME_NODE
92376.80000000,14.73400000,3.66500000,11.06900000,338561.33850000,1022519.90610000,HIGH_VOLUME_NODE
92377.10000000,13.54000000,5.36700000,8.17300000,495788.06830000,754998.60120000,HIGH_VOLUME_NODE
92377.60000000,19.48800000,7.04900000,12.43900000,651170.00950000,1149085.18930000,HIGH_VOLUME_NODE
92378.60000000,104.68200000,28.84800000,75.83400000,2664940.45130000,7005440.62720000,HIGH_VOLUME_NODE
92379.60000000,25.85200000,21.67700000,4.17500000,2002514.57470000,385684.98240000,HIGH_VOLUME_NODE
92379.80000000,14.70200000,5.98900000,8.71300000,553263.22110000,804906.06870000,HIGH_VOLUME_NODE
92379.90000000,54.98300000,28.30800000,26.67500000,2615093.04000000,2464236.50000000,HIGH_VOLUME_NODE
92380.10000000,17.83400000,5.52500000,12.30900000,510400.28040000,1137107.34090000,HIGH_VOLUME_NODE
92380.20000000,12.42000000,2.98800000,9.43200000,276032.33640000,871330.98960000,HIGH_VOLUME_NODE
92380.30000000,24.64200000,17.96400000,6.67800000,1659521.50560000,616916.31120000,HIGH_VOLUME_NODE
92380.70000000,12.49700000,2.76900000,9.72800000,255802.43520000,898680.42240000,HIGH_VOLUME_NODE
92381.10000000,25.73900000,4.69200000,21.04700000,433452.38500000,1944346.25340000,HIGH_VOLUME_NODE
92381.60000000,14.54400000,10.56300000,3.98100000,975827.01070000,367771.44280000,HIGH_VOLUME_NODE
92381.70000000,15.72700000,9.73600000,5.99100000,899429.20480000,553459.36380000,HIGH_VOLUME_NODE
92381.90000000,12.54100000,6.87500000,5.66600000,635126.25000000,523436.41200000,HIGH_VOLUME_NODE
92382.10000000,17.49800000,11.38200000,6.11600000,1051493.61990000,565009.15900000,HIGH_VOLUME_NODE
92382.90000000,17.98300000,7.57500000,10.40800000,699801.22500000,961522.26400000,HIGH_VOLUME_NODE
92383.10000000,44.88100000,28.10600000,16.77500000,2596521.49440000,1549727.05830000,HIGH_VOLUME_NODE
92383.60000000,19.01200000,10.98100000,8.03100000,1014465.25100000,741932.93500000,HIGH_VOLUME_NODE
92384.10000000,16.43700000,9.82200000,6.61500000,907396.96450000,611121.19350000,HIGH_VOLUME_NODE
92384.40000000,13.52500000,6.98700000,6.53800000,645490.50150000,604009.86100000,HIGH_VOLUME_NODE
92385.10000000,19.05500000,13.15900000,5.89600000,1215695.69530000,544702.88610000,HIGH_VOLUME_NODE
92385.60000000,12.35600000,7.18000000,5.17600000,663329.13430000,478188.11300000,HIGH_VOLUME_NODE
92385.90000000,18.76400000,3.14600000,15.61800000,290646.35600000,1442884.54800000,HIGH_VOLUME_NODE
92386.10000000,15.32800000,7.55300000,7.77500000,697792.60090000,718302.21230000,HIGH_VOLUME_NODE
92386.20000000,12.98400000,8.88600000,4.09800000,820944.66180000,378599.05740000,HIGH_VOLUME_NODE
92386.30000000,17.16900000,3.24500000,13.92400000,299793.86800000,1286388.23360000,HIGH_VOLUME_NODE
92386.60000000,18.25800000,8.27500000,9.98300000,764499.74970000,922296.03370000,HIGH_VOLUME_NODE
92386.70000000,26.32100000,23.83700000,2.48400000,2202224.15160000,229488.81120000,HIGH_VOLUME_NODE
92387.60000000,84.67100000,32.56100000,52.11000000,3008234.33150000,4814319.36010000,HIGH_VOLUME_NODE
92387.70000000,16.18100000,11.88800000,4.29300000,1098306.16640000,396620.82540000,HIGH_VOLUME_NODE
92387.80000000,12.35600000,7.76700000,4.58900000,717576.81930000,423968.07310000,HIGH_VOLUME_NODE
92387.90000000,14.10700000,2.79800000,11.30900000,258501.62400000,1044815.89200000,HIGH_VOLUME_NODE
92388.10000000,17.03900000,7.53100000,9.50800000,695775.16640000,878426.77030000,HIGH_VOLUME_NODE
92388.40000000,13.54200000,3.46800000,10.07400000,320403.31800000,930721.74900000,HIGH_VOLUME_NODE
92388.60000000,24.82000000,15.32100000,9.49900000,1415486.97990000,877599.84990000,HIGH_VOLUME_NODE
92389.10000000,26.55600000,7.72400000,18.83200000,713613.86710000,1739871.87360000,HIGH_VOLUME_NODE
92389.60000000,34.11600000,16.45600000,17.66000000,1520363.72720000,1631601.37750000,HIGH_VOLUME_NODE
92389.70000000,44.03400000,30.83900000,13.19500000,2849209.04220000,1219083.41100000,HIGH_VOLUME_NODE
92390.30000000,22.10600000,16.84000000,5.26600000,1555854.33600000,486527.84640000,HIGH_VOLUME_NODE
92390.60000000,22.81600000,10.89100000,11.92500000,1006226.09300000,1101758.83070000,HIGH_VOLUME_NODE
92390.90000000,26.13700000,12.47600000,13.66100000,1152670.11600000,1262153.45100000,HIGH_VOLUME_NODE
92391.20000000,12.85100000,5.31600000,7.53500000,491152.15080000,696168.44550000,HIGH_VOLUME_NODE
92391.60000000,22.49300000,7.20800000,15.28500000,665959.11690000,1412206.58890000,HIGH_VOLUME_NODE
92391.70000000,38.20600000,7.01900000,31.18700000,648498.04420000,2881423.06660000,HIGH_VOLUME_NODE
92391.90000000,13.27000000,7.59300000,5.67700000,701532.45600000,524509.38400000,HIGH_VOLUME_NODE
92392.20000000,13.83900000,4.39000000,9.44900000,405602.19700000,873014.84270000,HIGH_VOLUME_NODE
92392.30000000,31.68200000,29.26800000,2.41400000,2704140.76320000,223035.25360000,HIGH_VOLUME_NODE
92392.60000000,27.48600000,13.96400000,13.52200000,1290171.52830000,1249333.03970000,HIGH_VOLUME_NODE
92392.70000000,63.96600000,5.11300000,58.85300000,472404.38640000,5437593.45840000,HIGH_VOLUME_NODE
92392.80000000,18.70000000,11.73600000,6.96400000,1084323.07440000,643424.15560000,HIGH_VOLUME_NODE
92392.90000000,16.68900000,7.57100000,9.11800000,699507.40300000,842439.37400000,HIGH_VOLUME_NODE
92393.20000000,13.02200000,10.40900000,2.61300000,961721.85970000,241423.69290000,HIGH_VOLUME_NODE
92393.60000000,27.09400000,16.86000000,10.23400000,1557757.23630000,945556.60680000,HIGH_VOLUME_NODE
92393.90000000,25.00700000,9.15200000,15.85500000,845589.88800000,1464906.87000000,HIGH_VOLUME_NODE
92394.10000000,21.38700000,16.29500000,5.09200000,1505561.95780000,470471.18180000,HIGH_VOLUME_NODE
92394.20000000,12.18900000,4.12800000,8.06100000,381403.67040000,744790.45230000,HIGH_VOLUME_NODE
92394.40000000,27.52200000,3.38100000,24.14100000,312385.80450000,2230495.62450000,HIGH_VOLUME_NODE
92394.60000000,26.58100000,17.00900000,9.57200000,1571540.09220000,884401.25540000,HIGH_VOLUME_NODE
92396.10000000,35.97500000,13.59800000,22.37700000,1256402.98400000,2067548.41310000,HIGH_VOLUME_NODE
92396.60000000,13.94700000,7.39600000,6.55100000,683365.58490000,605290.59160000,HIGH_VOLUME_NODE
92398.10000000,20.89700000,14.73300000,6.16400000,1361301.30530000,569542.16770000,HIGH_VOLUME_NODE
92399.10000000,19.33200000,8.86100000,10.47100000,818748.75470000,967511.77230000,HIGH_VOLUME_NODE
92399.60000000,26.89600000,8.53300000,18.36300000,788446.24250000,1696734.93040000,HIGH_VOLUME_NODE
92399.70000000,37.06100000,26.17500000,10.88600000,2418564.76500000,1005864.22280000,HIGH_VOLUME_NODE
92399.80000000,58.38200000,22.72200000,35.66000000,2099510.52780000,3294980.43400000,HIGH_VOLUME_NODE
92399.90000000,266.57200000,180.23700000,86.33500000,16653898.80000000,7977354.00000000,HIGH_VOLUME_NODE
92400.10000000,48.15300000,36.86100000,11.29200000,3405961.01630000,1043382.63270000,HIGH_VOLUME_NODE
92401.10000000,13.94500000,10.45200000,3.49300000,965776.51890000,322757.30040000,HIGH_VOLUME_NODE
92401.60000000,13.98800000,6.34200000,7.64600000,586011.24160000,706503.22200000,HIGH_VOLUME_NODE
92402.10000000,15.48500000,13.69100000,1.79400000,1265077.32460000,165769.39860000,HIGH_VOLUME_NODE
92402.20000000,12.16500000,7.64000000,4.52500000,705953.57200000,418120.40750000,HIGH_VOLUME_NODE
92402.60000000,17.19100000,10.91500000,6.27600000,1008574.94350000,579918.89280000,HIGH_VOLUME_NODE
92404.10000000,12.94700000,7.47700000,5.47000000,690905.86400000,505450.77110000,HIGH_VOLUME_NODE
92404.20000000,15.41200000,7.86900000,7.54300000,727129.43670000,697005.63490000,HIGH_VOLUME_NODE
92404.60000000,15.47500000,6.38700000,9.08800000,590188.59480000,839773.71290000,HIGH_VOLUME_NODE
92404.70000000,18.74100000,9.04100000,9.70000000,835431.79680000,896326.56000000,HIGH_VOLUME_NODE
92404.80000000,14.85800000,2.28200000,12.57600000,210867.98180000,1162084.02240000,HIGH_VOLUME_NODE
92404.90000000,27.50100000,2.39800000,25.10300000,221587.19000000,2319642.71500000,HIGH_VOLUME_NODE
92405.10000000,15.75800000,6.66300000,9.09500000,615695.29590000,840424.67090000,HIGH_VOLUME_NODE
92405.60000000,40.31600000,16.11500000,24.20100000,1489116.71340000,2236308.52600000,HIGH_VOLUME_NODE
92405.70000000,20.48900000,8.03800000,12.45100000,742757.82040000,1150544.61580000,HIGH_VOLUME_NODE
92405.90000000,19.54300000,5.47200000,14.07100000,505645.63200000,1300244.82600000,HIGH_VOLUME_NODE
92406.10000000,21.33200000,7.16600000,14.16600000,662182.34000000,1309025.41820000,HIGH_VOLUME_NODE
92406.40000000,18.63500000,1.68400000,16.95100000,155612.54600000,1566382.58150000,HIGH_VOLUME_NODE
92406.60000000,18.66200000,6.44200000,12.22000000,595283.59710000,1129208.93660000,HIGH_VOLUME_NODE
92407.10000000,22.18400000,13.27100000,8.91300000,1226335.66030000,823624.66930000,HIGH_VOLUME_NODE
92407.60000000,15.52700000,6.10500000,9.42200000,564148.60450000,870665.23360000,HIGH_VOLUME_NODE
92407.80000000,31.54900000,2.29100000,29.25800000,211706.49890000,2703670.33820000,HIGH_VOLUME_NODE
92408.10000000,12.53000000,6.04300000,6.48700000,558422.62770000,599451.75390000,HIGH_VOLUME_NODE
92408.70000000,12.63300000,2.21000000,10.42300000,204223.44800000,963176.92240000,HIGH_VOLUME_NODE
92408.90000000,17.01800000,4.18200000,12.83600000,386454.43800000,1186161.92400000,HIGH_VOLUME_NODE
92409.10000000,20.63400000,16.96300000,3.67100000,1567537.07240000,339233.94400000,HIGH_VOLUME_NODE
92409.30000000,14.18600000,7.95300000,6.23300000,734931.95820000,575987.79020000,HIGH_VOLUME_NODE
92409.70000000,14.50200000,4.62500000,9.87700000,427395.32500000,912731.59460000,HIGH_VOLUME_NODE
92409.80000000,21.63100000,13.24700000,8.38400000,1224153.94530000,774764.60160000,HIGH_VOLUME_NODE
92409.90000000,13.32000000,10.38300000,2.93700000,959493.03000000,271408.17000000,HIGH_VOLUME_NODE
92410.10000000,12.77000000,6.40900000,6.36100000,592256.77020000,587820.77270000,HIGH_VOLUME_NODE
92410.60000000,16.38900000,4.21500000,12.17400000,389511.06300000,1125006.86000000,HIGH_VOLUME_NODE
92410.70000000,13.64700000,3.37700000,10.27000000,312071.27160000,949058.91600000,HIGH_VOLUME_NODE
92410.90000000,113.97000000,5.34900000,108.62100000,494306.43900000,10037775.23100000,HIGH_VOLUME_NODE
92411.10000000,12.71400000,5.64800000,7.06600000,521938.30260000,652977.09800000,HIGH_VOLUME_NODE
92411.60000000,17.38000000,10.35700000,7.02300000,957107.16980000,649007.15020000,HIGH_VOLUME_NODE
92411.90000000,21.27100000,10.78300000,10.48800000,996478.59600000,969217.05600000,HIGH_VOLUME_NODE
92412.10000000,37.17200000,26.01100000,11.16100000,2403731.40930000,1031412.15230000,HIGH_VOLUME_NODE
92413.10000000,24.73400000,4.81900000,19.91500000,445339.05270000,1840407.53750000,HIGH_VOLUME_NODE
92413.30000000,24.58900000,2.53500000,22.05400000,234267.96900000,2038085.12360000,HIGH_VOLUME_NODE
92413.60000000,15.42500000,9.46100000,5.96400000,874325.38270000,551155.15210000,HIGH_VOLUME_NODE
92413.90000000,12.70700000,2.00600000,10.70100000,185382.48400000,988922.21400000,HIGH_VOLUME_NODE
92414.10000000,17.45800000,4.01000000,13.44800000,370580.88370000,1242785.03850000,HIGH_VOLUME_NODE
92414.30000000,15.28900000,6.79200000,8.49700000,627678.60480000,785245.15680000,HIGH_VOLUME_NODE
92414.60000000,16.90600000,7.79900000,9.10700000,720741.82930000,841620.24070000,HIGH_VOLUME_NODE
92414.70000000,13.30400000,6.99700000,6.30700000,646626.35560000,582860.14360000,HIGH_VOLUME_NODE
92414.80000000,13.92500000,9.76100000,4.16400000,902061.83890000,384815.64360000,HIGH_VOLUME_NODE
92414.90000000,38.72600000,1.14400000,37.58200000,105722.76000000,3473140.53000000,HIGH_VOLUME_NODE
92415.10000000,22.75200000,15.03500000,7.71700000,1389461.93050000,713167.67620000,HIGH_VOLUME_NODE
92415.60000000,19.81300000,15.12000000,4.69300000,1397324.46910000,433706.63640000,HIGH_VOLUME_NODE
92415.90000000,14.82200000,5.87500000,8.94700000,542944.00000000,826845.95200000,HIGH_VOLUME_NODE
92416.10000000,13.37500000,3.69500000,9.68000000,341477.63190000,894588.20560000,HIGH_VOLUME_NODE
92416.30000000,18.22400000,9.00600000,9.21800000,832302.09840000,851894.37520000,HIGH_VOLUME_NODE
92416.60000000,28.87000000,17.18500000,11.68500000,1588180.50040000,1079888.58990000,HIGH_VOLUME_NODE
92417.20000000,15.40600000,4.66800000,10.73800000,431403.95640000,992376.96740000,HIGH_VOLUME_NODE
92417.60000000,21.59700000,15.20100000,6.39600000,1404840.34360000,591103.19590000,HIGH_VOLUME_NODE
92418.40000000,28.19200000,1.11800000,27.07400000,103323.88300000,2502138.46900000,HIGH_VOLUME_NODE
92418.60000000,49.12900000,17.28500000,31.84400000,1597456.72230000,2942979.83460000,HIGH_VOLUME_NODE
92418.70000000,20.78700000,16.08000000,4.70700000,1486094.30400000,435015.29160000,HIGH_VOLUME_NODE
92418.80000000,18.46600000,4.04400000,14.42200000,373742.03160000,1332865.37580000,HIGH_VOLUME_NODE
92419.10000000,19.33600000,7.73800000,11.59800000,715139.50370000,1071877.47180000,HIGH_VOLUME_NODE
92419.60000000,16.34800000,8.10000000,8.24800000,748599.11080000,762277.31070000,HIGH_VOLUME_NODE
92419.90000000,27.26400000,9.28900000,17.97500000,858489.38000000,1661249.50000000,HIGH_VOLUME_NODE
92420.30000000,26.26200000,2.24800000,24.01400000,207761.05920000,2219383.48560000,HIGH_VOLUME_NODE
92420.90000000,26.28000000,10.66200000,15.61800000,985392.70200000,1443431.17800000,HIGH_VOLUME_NODE
92421.60000000,20.11000000,11.64400000,8.46600000,1076157.91380000,782441.50100000,HIGH_VOLUME_NODE
92422.10000000,17.74400000,7.46200000,10.28200000,689653.93280000,950284.73530000,HIGH_VOLUME_NODE
92422.20000000,19.83900000,3.48600000,16.35300000,322184.13780000,1511381.87190000,HIGH_VOLUME_NODE
92422.30000000,16.63100000,6.36700000,10.26400000,588453.42080000,948623.51360000,HIGH_VOLUME_NODE
92422.90000000,15.32400000,7.25300000,8.07100000,670344.01900000,745946.03300000,HIGH_VOLUME_NODE
92423.10000000,22.21300000,8.65900000,13.55400000,800292.06700000,1252703.33850000,HIGH_VOLUME_NODE
92423.60000000,28.32900000,2.85400000,25.47500000,263777.08410000,2354492.18070000,HIGH_VOLUME_NODE
92424.10000000,14.64900000,9.50700000,5.14200000,878676.04250000,475245.09920000,HIGH_VOLUME_NODE
92424.30000000,14.61100000,1.18700000,13.42400000,109707.76280000,1240705.14560000,HIGH_VOLUME_NODE
92424.40000000,13.50700000,8.49500000,5.01200000,785146.12750000,463231.59400000,HIGH_VOLUME_NODE
92424.90000000,12.62100000,7.76900000,4.85200000,718049.82500000,448446.10000000,HIGH_VOLUME_NODE
92425.10000000,18.65900000,4.37500000,14.28400000,404360.03000000,1320200.94050000,HIGH_VOLUME_NODE
92425.60000000,13.95800000,7.14000000,6.81800000,659918.98400000,630158.12410000,HIGH_VOLUME_NODE
92426.10000000,14.60000000,2.81400000,11.78600000,260087.17590000,1089334.12900000,HIGH_VOLUME_NODE
92426.60000000,15.16600000,4.44600000,10.72000000,410928.80170000,990813.53340000,HIGH_VOLUME_NODE
92427.10000000,22.33800000,13.67500000,8.66300000,1263940.71650000,800696.03160000,HIGH_VOLUME_NODE
92427.60000000,41.22600000,11.40300000,29.82300000,1053952.71900000,2756470.20510000,HIGH_VOLUME_NODE
92428.10000000,25.37400000,6.64100000,18.73300000,613815.38450000,1731456.24070000,HIGH_VOLUME_NODE
92428.20000000,12.80300000,4.31300000,8.49000000,398643.25790000,784716.26700000,HIGH_VOLUME_NODE
92429.40000000,16.64200000,4.84600000,11.79600000,447913.35700000,1090298.38200000,HIGH_VOLUME_NODE
92429.70000000,12.24400000,1.52300000,10.72100000,140770.58540000,990939.88580000,HIGH_VOLUME_NODE
92429.80000000,34.26600000,7.06700000,27.19900000,653202.10330000,2514000.85010000,HIGH_VOLUME_NODE
92429.90000000,33.55700000,22.16900000,11.38800000,2049080.67000000,1052592.84000000,HIGH_VOLUME_NODE
92430.10000000,13.70700000,9.31500000,4.39200000,860986.53900000,405953.09320000,HIGH_VOLUME_NODE
92431.10000000,17.31900000,11.57600000,5.74300000,1069982.93930000,530832.30210000,HIGH_VOLUME_NODE
92431.60000000,15.26600000,2.01600000,13.25000000,186342.23140000,1224719.58580000,HIGH_VOLUME_NODE
92431.80000000,13.35500000,2.08900000,11.26600000,193090.23910000,1041337.78540000,HIGH_VOLUME_NODE
92431.90000000,16.44100000,8.85200000,7.58900000,818208.06400000,701466.44800000,HIGH_VOLUME_NODE
92432.10000000,24.84400000,8.63600000,16.20800000,798244.18230000,1498140.17230000,HIGH_VOLUME_NODE
92432.60000000,26.90300000,13.65200000,13.25100000,1261890.43600000,1224825.08750000,HIGH_VOLUME_NODE
92432.90000000,13.56800000,5.70200000,7.86600000,527052.96600000,727077.97800000,HIGH_VOLUME_NODE
92433.60000000,13.02500000,6.66700000,6.35800000,616255.13340000,587692.95900000,HIGH_VOLUME_NODE
92433.70000000,16.65400000,13.70400000,2.95000000,1266712.79520000,272679.71000000,HIGH_VOLUME_NODE
92434.10000000,16.62200000,8.97100000,7.65100000,829226.39260000,707213.78130000,HIGH_VOLUME_NODE
92434.60000000,13.99700000,8.11700000,5.88000000,750291.92820000,543515.82790000,HIGH_VOLUME_NODE
92435.60000000,14.53800000,5.62100000,8.91700000,519580.62010000,824248.81750000,HIGH_VOLUME_NODE
92437.20000000,22.80000000,2.61200000,20.18800000,241446.22760000,1866124.21240000,HIGH_VOLUME_NODE
92437.60000000,19.09200000,9.14500000,9.94700000,845342.33440000,919477.56500000,HIGH_VOLUME_NODE
92439.10000000,14.23800000,7.07800000,7.16000000,654284.13980000,661864.38020000,HIGH_VOLUME_NODE
92439.80000000,13.44500000,6.88700000,6.55800000,636633.59130000,606220.86420000,HIGH_VOLUME_NODE
92439.90000000,30.75900000,9.48400000,21.27500000,876700.96000000,1966661.00000000,HIGH_VOLUME_NODE
92440.10000000,21.32000000,12.35500000,8.96500000,1142097.97480000,828725.69560000,HIGH_VOLUME_NODE
92440.90000000,13.46300000,3.82400000,9.63900000,353494.38400000,891038.79900000,HIGH_VOLUME_NODE
92441.60000000,16.03700000,7.56800000,8.46900000,699598.32820000,782888.36140000,HIGH_VOLUME_NODE
92441.70000000,12.91100000,11.78500000,1.12600000,1089426.61300000,104089.46680000,HIGH_VOLUME_NODE
92442.60000000,13.15800000,11.15600000,2.00200000,1031290.17610000,185070.16340000,HIGH_VOLUME_NODE
92443.20000000,16.29200000,6.15300000,10.13900000,568803.62490000,937282.61870000,HIGH_VOLUME_NODE
92443.70000000,16.67300000,12.07200000,4.60100000,1115981.55360000,425333.92380000,HIGH_VOLUME_NODE
92443.80000000,13.32000000,5.95100000,7.36900000,550133.64890000,681219.09910000,HIGH_VOLUME_NODE
92443.90000000,22.70300000,9.55300000,13.15000000,883117.53200000,1215638.60000000,HIGH_VOLUME_NODE
92444.30000000,12.30100000,8.65500000,3.64600000,800106.28200000,337052.28240000,HIGH_VOLUME_NODE
92444.70000000,21.49600000,2.33800000,19.15800000,216135.94240000,1771057.47840000,HIGH_VOLUME_NODE
92444.80000000,13.30500000,5.16200000,8.14300000,477200.57380000,752778.82070000,HIGH_VOLUME_NODE
92445.10000000,17.88300000,6.98200000,10.90100000,645451.79100000,1007744.55310000,HIGH_VOLUME_NODE
92445.90000000,16.68800000,3.44600000,13.24200000,318568.91600000,1224169.93200000,HIGH_VOLUME_NODE
92446.10000000,22.45100000,11.08000000,11.37100000,1024303.69520000,1051205.19190000,HIGH_VOLUME_NODE
92446.60000000,30.91500000,22.39100000,8.52400000,2069972.83340000,788015.09670000,HIGH_VOLUME_NODE
92446.90000000,13.27500000,2.60700000,10.66800000,241009.32900000,986224.59600000,HIGH_VOLUME_NODE
92447.10000000,15.10700000,12.15400000,2.95300000,1123602.55670000,272996.40150000,HIGH_VOLUME_NODE
92447.80000000,17.80600000,1.96800000,15.83800000,181937.46720000,1464189.84020000,HIGH_VOLUME_NODE
92448.10000000,17.00800000,10.86300000,6.14500000,1004264.27060000,568093.72630000,HIGH_VOLUME_NODE
92449.80000000,15.64100000,1.78700000,13.85400000,165207.97130000,1280800.91460000,HIGH_VOLUME_NODE
92449.90000000,47.10600000,26.33200000,20.77400000,2434393.40000000,1920556.30000000,HIGH_VOLUME_NODE
92450.10000000,25.28900000,11.24900000,14.04000000,1039971.37320000,1297999.56730000,HIGH_VOLUME_NODE
92450.60000000,17.24500000,11.39100000,5.85400000,1053105.04110000,541205.93490000,HIGH_VOLUME_NODE
92450.90000000,21.70500000,3.40200000,18.30300000,314518.30200000,1692130.65300000,HIGH_VOLUME_NODE
92451.10000000,13.50200000,8.73100000,4.77100000,807190.65210000,441084.24110000,HIGH_VOLUME_NODE
92451.30000000,16.42100000,3.28000000,13.14100000,303240.59200000,1214903.84740000,HIGH_VOLUME_NODE
92451.40000000,14.03900000,12.47500000,1.56400000,1153332.46250000,144594.14600000,HIGH_VOLUME_NODE
92451.60000000,17.47600000,7.88000000,9.59600000,728519.20890000,887165.78050000,HIGH_VOLUME_NODE
92452.10000000,21.07100000,16.86700000,4.20400000,1559389.72740000,388668.75930000,HIGH_VOLUME_NODE
92452.40000000,12.38800000,11.71700000,0.67100000,1083265.94250000,62035.62750000,HIGH_VOLUME_NODE
92453.10000000,18.32400000,13.09300000,5.23100000,1210489.41120000,483622.46890000,HIGH_VOLUME_NODE
92454.10000000,33.76900000,14.58300000,19.18600000,1348259.32410000,1773825.32440000,HIGH_VOLUME_NODE
92454.40000000,12.57300000,3.09400000,9.47900000,286054.22300000,876376.20550000,HIGH_VOLUME_NODE
92454.60000000,17.87100000,8.16200000,9.70900000,754614.89430000,897642.18270000,HIGH_VOLUME_NODE
92454.90000000,16.10400000,3.79200000,12.31200000,350589.36000000,1138305.96000000,HIGH_VOLUME_NODE
92455.10000000,18.57400000,12.68000000,5.89400000,1172331.57410000,544930.44000000,HIGH_VOLUME_NODE
92455.80000000,17.15400000,1.68400000,15.47000000,155695.73560000,1430292.77300000,HIGH_VOLUME_NODE
92455.90000000,13.33700000,3.49800000,9.83900000,323411.08800000,909674.58400000,HIGH_VOLUME_NODE
92457.10000000,21.35900000,13.11000000,8.24900000,1212113.34480000,762678.66650000,HIGH_VOLUME_NODE
92457.60000000,13.46300000,4.57200000,8.89100000,422716.54360000,822041.20040000,HIGH_VOLUME_NODE
92458.10000000,14.47500000,2.35800000,12.11700000,218016.27490000,1120315.94770000,HIGH_VOLUME_NODE
92458.30000000,12.27500000,6.27700000,5.99800000,580361.37680000,554565.48320000,HIGH_VOLUME_NODE
92458.60000000,14.12800000,10.60400000,3.52400000,980431.66630000,325824.17660000,HIGH_VOLUME_NODE
92459.10000000,14.29100000,9.58900000,4.70200000,886590.54720000,434743.02830000,HIGH_VOLUME_NODE
92459.80000000,16.19200000,2.29700000,13.89500000,212380.39030000,1284730.31050000,HIGH_VOLUME_NODE
92459.90000000,21.73200000,11.52800000,10.20400000,1065878.88000000,943461.84000000,HIGH_VOLUME_NODE
92460.60000000,24.36900000,15.37400000,8.99500000,1421490.38960000,831683.65990000,HIGH_VOLUME_NODE
92460.70000000,19.37100000,12.19100000,7.18000000,1127189.61280000,663868.54400000,HIGH_VOLUME_NODE
92460.90000000,24.83900000,21.84600000,2.99300000,2019903.00600000,276735.77300000,HIGH_VOLUME_NODE
92461.10000000,19.83000000,15.69100000,4.13900000,1450808.56010000,382696.73490000,HIGH_VOLUME_NODE
92461.60000000,23.05400000,10.21200000,12.84200000,944218.60800000,1187392.47830000,HIGH_VOLUME_NODE
92462.10000000,41.98500000,10.10600000,31.87900000,934422.69580000,2947601.86780000,HIGH_VOLUME_NODE
92462.20000000,27.15000000,8.83000000,18.32000000,816442.10900000,1693909.33600000,HIGH_VOLUME_NODE
92463.10000000,16.69800000,9.13700000,7.56100000,844835.72130000,699114.16600000,HIGH_VOLUME_NODE
92463.20000000,21.49200000,8.37300000,13.11900000,774195.21090000,1213026.03270000,HIGH_VOLUME_NODE
92463.40000000,13.16900000,4.28600000,8.88300000,396298.56100000,821353.27050000,HIGH_VOLUME_NODE
92463.60000000,26.10600000,21.81300000,4.29300000,2016908.96210000,396946.28320000,HIGH_VOLUME_NODE
92464.60000000,16.54700000,8.56100000,7.98600000,791589.93550000,738422.76490000,HIGH_VOLUME_NODE
92464.70000000,18.98100000,17.39700000,1.58400000,1608610.12560000,146464.24320000,HIGH_VOLUME_NODE
92465.10000000,20.28100000,7.75500000,12.52600000,717067.33050000,1158218.15890000,HIGH_VOLUME_NODE
92465.60000000,18.02600000,5.28100000,12.74500000,488311.00330000,1178474.16230000,HIGH_VOLUME_NODE
92465.90000000,15.05400000,4.42600000,10.62800000,409254.51600000,982728.64800000,HIGH_VOLUME_NODE
92466.10000000,25.83000000,21.13000000,4.70000000,1953808.88390000,434591.10210000,HIGH_VOLUME_NODE
92467.10000000,29.04400000,9.78600000,19.25800000,904883.17640000,1780732.08160000,HIGH_VOLUME_NODE
92468.10000000,16.42000000,8.71200000,7.70800000,805582.30860000,712744.22240000,HIGH_VOLUME_NODE
92468.60000000,14.00000000,9.60500000,4.39500000,888161.70200000,406399.70690000,HIGH_VOLUME_NODE
92469.10000000,23.45700000,13.37800000,10.07900000,1237052.24520000,931996.75110000,HIGH_VOLUME_NODE
92469.20000000,13.19200000,6.02300000,7.16900000,556942.59390000,662912.41170000,HIGH_VOLUME_NODE
92469.60000000,16.91900000,5.56700000,11.35200000,514778.43150000,1049715.02470000,HIGH_VOLUME_NODE
92469.80000000,12.92000000,8.11600000,4.80400000,750485.70840000,444225.39960000,HIGH_VOLUME_NODE
92471.10000000,13.94600000,6.97600000,6.97000000,645078.54140000,644523.94380000,HIGH_VOLUME_NODE
92472.10000000,17.54100000,12.65200000,4.88900000,1169957.85700000,452096.23850000,HIGH_VOLUME_NODE
92472.60000000,13.15500000,6.51800000,6.63700000,602736.82290000,613740.87170000,HIGH_VOLUME_NODE
92473.10000000,43.02800000,6.19400000,36.83400000,572778.91630000,3406154.52730000,HIGH_VOLUME_NODE
92473.60000000,15.14900000,3.55100000,11.59800000,328373.97800000,1072509.03060000,HIGH_VOLUME_NODE
92473.70000000,12.45700000,2.43300000,10.02400000,224988.75540000,926957.37120000,HIGH_VOLUME_NODE
92474.10000000,17.58900000,9.42800000,8.16100000,871845.94930000,754681.38480000,HIGH_VOLUME_NODE
92474.90000000,32.22000000,10.76800000,21.45200000,995770.80000000,1983773.70000000,HIGH_VOLUME_NODE
92475.10000000,22.57500000,15.07000000,7.50500000,1393600.79560000,694025.92600000,HIGH_VOLUME_NODE
92475.30000000,12.28300000,7.99900000,4.28400000,739710.72460000,396164.61360000,HIGH_VOLUME_NODE
92475.60000000,14.20500000,11.75000000,2.45500000,1086588.47930000,227027.65880000,HIGH_VOLUME_NODE
92477.10000000,17.09400000,10.10500000,6.98900000,934481.80370000,646322.86020000,HIGH_VOLUME_NODE
92477.30000000,13.83300000,9.76800000,4.06500000,903319.24320000,375920.63100000,HIGH_VOLUME_NODE
92477.60000000,23.42700000,10.42700000,13.00000000,964264.73530000,1202209.79780000,HIGH_VOLUME_NODE
92477.80000000,21.73200000,15.90100000,5.83100000,1470491.08790000,539238.63490000,HIGH_VOLUME_NODE
92478.30000000,13.06200000,4.56500000,8.49700000,422163.89600000,785788.96480000,HIGH_VOLUME_NODE
92478.90000000,21.41000000,4.47400000,16.93600000,413751.04600000,1566224.34400000,HIGH_VOLUME_NODE
92479.80000000,17.05500000,12.11800000,4.93700000,1120671.42820000,456573.26630000,HIGH_VOLUME_NODE
92479.90000000,25.99500000,17.81800000,8.17700000,1647808.64000000,756208.96000000,HIGH_VOLUME_NODE
92480.10000000,24.49200000,16.13000000,8.36200000,1491705.24350000,773318.81160000,HIGH_VOLUME_NODE
92480.60000000,18.11700000,8.81200000,9.30500000,814939.77320000,860532.63670000,HIGH_VOLUME_NODE
92481.10000000,12.92400000,4.12700000,8.79700000,381669.83690000,813556.77370000,HIGH_VOLUME_NODE
92481.20000000,15.54100000,6.95400000,8.58700000,643114.96020000,794136.92310000,HIGH_VOLUME_NODE
92481.30000000,16.24600000,4.39300000,11.85300000,406270.79020000,1096182.03420000,HIGH_VOLUME_NODE
92481.60000000,15.00100000,6.53800000,8.46300000,604644.98710000,782672.49700000,HIGH_VOLUME_NODE
92482.20000000,17.65600000,7.84800000,9.80800000,725801.09040000,907066.39840000,HIGH_VOLUME_NODE
92482.90000000,13.24500000,3.72800000,9.51700000,344776.62400000,880160.71100000,HIGH_VOLUME_NODE
92483.10000000,15.02800000,11.04300000,3.98500000,1021291.50220000,368545.25360000,HIGH_VOLUME_NODE
92483.30000000,22.32200000,19.54100000,2.78100000,1807218.11940000,257196.33540000,HIGH_VOLUME_NODE
92483.60000000,13.17700000,7.63900000,5.53800000,706482.78470000,512174.44660000,HIGH_VOLUME_NODE
92483.80000000,12.36900000,9.23500000,3.13400000,854088.81650000,289844.54260000,HIGH_VOLUME_NODE
92484.10000000,17.43800000,4.19100000,13.24700000,387600.97600000,1225138.02980000,HIGH_VOLUME_NODE
92484.30000000,22.86000000,3.07300000,19.78700000,284204.56120000,1829988.82280000,HIGH_VOLUME_NODE
92484.60000000,12.16800000,3.15200000,9.01600000,291511.55690000,833841.57660000,HIGH_VOLUME_NODE
92485.60000000,16.03100000,5.40200000,10.62900000,499607.66590000,983029.75220000,HIGH_VOLUME_NODE
92485.70000000,17.31500000,9.28000000,8.03500000,858268.22400000,743123.40300000,HIGH_VOLUME_NODE
92485.80000000,24.19400000,5.39300000,18.80100000,498776.45870000,1738827.40590000,HIGH_VOLUME_NODE
92486.10000000,13.76500000,4.97000000,8.79500000,459656.05420000,813415.56070000,HIGH_VOLUME_NODE
92486.40000000,21.33600000,14.49100000,6.84500000,1340221.87150000,633070.09250000,HIGH_VOLUME_NODE
92486.60000000,27.11900000,12.58600000,14.53300000,1164037.23530000,1344108.66330000,HIGH_VOLUME_NODE
92486.70000000,13.72700000,5.12800000,8.59900000,474272.31040000,795293.99320000,HIGH_VOLUME_NODE
92486.80000000,15.61900000,12.56600000,3.05300000,1162190.38540000,282362.50570000,HIGH_VOLUME_NODE
92487.30000000,12.93300000,8.09400000,4.83900000,748593.01560000,447546.52860000,HIGH_VOLUME_NODE
92487.40000000,18.26700000,13.43600000,4.83100000,1242662.05000000,446807.11250000,HIGH_VOLUME_NODE
92487.60000000,26.90000000,13.26500000,13.63500000,1226848.82040000,1261068.68830000,HIGH_VOLUME_NODE
92487.80000000,19.89800000,2.93000000,16.96800000,270989.54700000,1569334.68720000,HIGH_VOLUME_NODE
92487.90000000,30.82900000,12.88900000,17.94000000,1192077.83200000,1659234.72000000,HIGH_VOLUME_NODE
92488.10000000,32.28300000,16.51600000,15.76700000,1527534.15420000,1458260.81140000,HIGH_VOLUME_NODE
92488.30000000,20.01400000,6.23400000,13.78000000,576572.68560000,1274490.15200000,HIGH_VOLUME_NODE
92489.70000000,18.47200000,10.75000000,7.72200000,994265.35000000,714206.23560000,HIGH_VOLUME_NODE
92489.90000000,12.85400000,3.45800000,9.39600000,319830.42000000,869036.04000000,HIGH_VOLUME_NODE
92490.10000000,12.54800000,5.85900000,6.68900000,541899.68980000,618666.44610000,HIGH_VOLUME_NODE
92491.10000000,22.74400000,16.09400000,6.65000000,1488552.17100000,615066.17480000,HIGH_VOLUME_NODE
92491.20000000,17.26800000,3.55100000,13.71700000,328436.60630000,1268703.16210000,HIGH_VOLUME_NODE
92491.30000000,26.78800000,11.20000000,15.58800000,1035903.68000000,1441755.94320000,HIGH_VOLUME_NODE
92491.60000000,21.56300000,12.50800000,9.05500000,1156885.18640000,837511.95940000,HIGH_VOLUME_NODE
92492.10000000,21.48200000,11.53100000,9.95100000,1066527.14270000,920389.38550000,HIGH_VOLUME_NODE
92492.30000000,14.45700000,8.54100000,5.91600000,789977.58840000,547185.03840000,HIGH_VOLUME_NODE
92492.60000000,15.42400000,6.37300000,9.05100000,589455.55830000,837151.25290000,HIGH_VOLUME_NODE
92493.10000000,29.97900000,14.51300000,15.46600000,1342353.30140000,1430498.30130000,HIGH_VOLUME_NODE
92493.60000000,15.87600000,8.29300000,7.58300000,767049.94190000,701379.07090000,HIGH_VOLUME_NODE
92494.60000000,30.63300000,28.76600000,1.86700000,2660699.76230000,172687.52130000,HIGH_VOLUME_NODE
92495.10000000,14.93500000,7.87100000,7.06400000,728029.13970000,653385.79750000,HIGH_VOLUME_NODE
92495.60000000,20.94600000,10.82400000,10.12200000,1001173.35880000,936240.90760000,HIGH_VOLUME_NODE
92496.60000000,30.44300000,25.61200000,4.83100000,2369024.25150000,446851.31030000,HIGH_VOLUME_NODE
92496.90000000,15.61700000,9.44200000,6.17500000,873356.67400000,571168.97500000,HIGH_VOLUME_NODE
92497.10000000,13.54600000,8.28600000,5.26000000,766431.26750000,486535.24810000,HIGH_VOLUME_NODE
92497.30000000,14.78900000,3.05000000,11.73900000,282117.07000000,1085826.97860000,HIGH_VOLUME_NODE
92497.40000000,13.52500000,12.18100000,1.34400000,1126712.04750000,124316.64000000,HIGH_VOLUME_NODE
92497.60000000,29.32000000,19.73500000,9.58500000,1825441.49670000,886590.23240000,HIGH_VOLUME_NODE
92497.70000000,12.28200000,9.33600000,2.94600000,863559.46080000,272498.51880000,HIGH_VOLUME_NODE
92498.10000000,15.67600000,9.59000000,6.08600000,887057.49270000,562943.60400000,HIGH_VOLUME_NODE
92498.60000000,24.67500000,19.84500000,4.83000000,1835635.68000000,446768.30610000,HIGH_VOLUME_NODE
92499.80000000,54.73000000,13.00000000,41.73000000,1202498.70000000,3860020.82700000,HIGH_VOLUME_NODE
92499.90000000,337.92000000,157.13000000,180.79000000,14534525.00000000,16723075.00000000,HIGH_VOLUME_NODE
92500.10000000,38.73900000,20.21100000,18.52800000,1869519.78410000,1713842.69070000,HIGH_VOLUME_NODE
92500.90000000,17.26400000,4.65200000,12.61200000,430314.65200000,1166622.61200000,HIGH_VOLUME_NODE
92501.60000000,20.57500000,10.39600000,10.17900000,961647.37460000,941574.20440000,HIGH_VOLUME_NODE
92501.80000000,18.56400000,3.32000000,15.24400000,307106.30800000,1410098.96360000,HIGH_VOLUME_NODE
92501.90000000,15.18500000,8.46500000,6.72000000,783029.43000000,621613.44000000,HIGH_VOLUME_NODE
92503.90000000,15.26000000,0.83000000,14.43000000,76778.32000000,1334832.72000000,HIGH_VOLUME_NODE
92504.30000000,14.43800000,11.30300000,3.13500000,1045577.23320000,290001.29400000,HIGH_VOLUME_NODE
92504.60000000,13.78700000,7.57900000,6.20800000,701092.71310000,574268.83540000,HIGH_VOLUME_NODE
92504.90000000,17.56900000,10.66300000,6.90600000,986380.81500000,638839.53000000,HIGH_VOLUME_NODE
92505.30000000,28.40000000,6.38000000,22.02000000,590184.45200000,2036968.90800000,HIGH_VOLUME_NODE
92505.60000000,12.56800000,6.32300000,6.24500000,584913.17840000,577697.62970000,HIGH_VOLUME_NODE
92505.80000000,21.70500000,11.48300000,10.22200000,1062245.24970000,945595.30980000,HIGH_VOLUME_NODE
92506.40000000,21.14400000,6.97600000,14.16800000,645325.34400000,1310632.09200000,HIGH_VOLUME_NODE
92507.10000000,16.85800000,11.43800000,5.42000000,1058096.41620000,501388.64280000,HIGH_VOLUME_NODE
92507.40000000,12.25100000,5.77100000,6.48000000,533860.78250000,599448.60000000,HIGH_VOLUME_NODE
92507.60000000,12.44600000,6.79700000,5.64900000,628774.48780000,522575.74640000,HIGH_VOLUME_NODE
92507.90000000,15.99200000,13.59200000,2.40000000,1257368.73600000,222019.20000000,HIGH_VOLUME_NODE
92508.60000000,20.32400000,7.24800000,13.07600000,670502.81830000,1209643.34480000,HIGH_VOLUME_NODE
92509.10000000,25.43300000,7.55400000,17.87900000,698814.18970000,1653971.61870000,HIGH_VOLUME_NODE
92509.60000000,17.52600000,10.51900000,7.00700000,973109.36710000,648214.84860000,HIGH_VOLUME_NODE
92509.70000000,13.10500000,3.40000000,9.70500000,314533.32000000,897807.60900000,HIGH_VOLUME_NODE
92509.80000000,21.44600000,9.03700000,12.40900000,836011.96630000,1147955.34910000,HIGH_VOLUME_NODE
92509.90000000,13.30500000,8.57700000,4.72800000,793458.27000000,437387.28000000,HIGH_VOLUME_NODE
92510.10000000,21.69700000,5.02900000,16.66800000,465233.59520000,1541959.61060000,HIGH_VOLUME_NODE
92510.60000000,22.58900000,15.05100000,7.53800000,1392378.21660000,697345.31100000,HIGH_VOLUME_NODE
92510.70000000,15.60600000,13.62600000,1.98000000,1260552.16080000,183171.38400000,HIGH_VOLUME_NODE
92510.80000000,12.93200000,1.90500000,11.02700000,176233.26450000,1020117.69430000,HIGH_VOLUME_NODE
92510.90000000,15.80500000,8.75500000,7.05000000,809933.80500000,652202.55000000,HIGH_VOLUME_NODE
92511.10000000,24.63500000,16.68500000,7.95000000,1543548.70830000,735463.50840000,HIGH_VOLUME_NODE
92511.60000000,21.56600000,16.60600000,4.96000000,1536247.88560000,458857.72610000,HIGH_VOLUME_NODE
92512.60000000,24.02200000,11.33900000,12.68300000,1049000.56270000,1173337.96770000,HIGH_VOLUME_NODE
92513.10000000,12.75500000,4.85500000,7.90000000,449151.49390000,730854.08940000,HIGH_VOLUME_NODE
92514.10000000,17.46400000,3.63100000,13.83300000,335918.76060000,1279748.68130000,HIGH_VOLUME_NODE
92514.20000000,12.55500000,3.29800000,9.25700000,305112.16140000,856404.87510000,HIGH_VOLUME_NODE
92514.60000000,43.04500000,21.69200000,21.35300000,2006828.03770000,1975464.80760000,HIGH_VOLUME_NODE
92514.80000000,14.00000000,7.32800000,6.67200000,677949.18720000,617259.41280000,HIGH_VOLUME_NODE
92514.90000000,12.71300000,6.33000000,6.38300000,585619.95000000,590523.24500000,HIGH_VOLUME_NODE
92515.10000000,21.52400000,7.57400000,13.95000000,700709.96000000,1290586.53830000,HIGH_VOLUME_NODE
92515.30000000,13.00900000,4.17900000,8.83000000,386621.85660000,816910.98200000,HIGH_VOLUME_NODE
92515.60000000,16.44400000,10.13900000,6.30500000,938016.17880000,583311.06770000,HIGH_VOLUME_NODE
92515.80000000,15.31400000,10.25400000,5.06000000,948658.03860000,468130.45400000,HIGH_VOLUME_NODE
92515.90000000,13.99600000,2.45600000,11.54000000,227219.29600000,1067634.64000000,HIGH_VOLUME_NODE
92516.10000000,29.79300000,16.81500000,12.97800000,1555659.28550000,1200674.13510000,HIGH_VOLUME_NODE
92516.40000000,13.07700000,8.53400000,4.54300000,789535.81100000,420302.45950000,HIGH_VOLUME_NODE
92516.60000000,16.70200000,8.06900000,8.63300000,746516.58920000,798696.13490000,HIGH_VOLUME_NODE
92517.10000000,14.96700000,4.59900000,10.36800000,425486.40410000,959217.69780000,HIGH_VOLUME_NODE
92517.20000000,14.09900000,4.25100000,9.84800000,393291.04230000,911110.37040000,HIGH_VOLUME_NODE
92517.30000000,15.52700000,11.00300000,4.52400000,1017968.95220000,418548.71760000,HIGH_VOLUME_NODE
92517.60000000,23.78600000,13.31800000,10.46800000,1232150.22080000,968474.54180000,HIGH_VOLUME_NODE
92517.80000000,15.05900000,12.31500000,2.74400000,1139357.93850000,253869.11760000,HIGH_VOLUME_NODE
92518.10000000,16.29200000,5.15200000,11.14000000,476653.61480000,1030652.02640000,HIGH_VOLUME_NODE
92518.20000000,19.36600000,13.02200000,6.34400000,1204773.30260000,586936.09520000,HIGH_VOLUME_NODE
92518.60000000,23.37400000,10.05500000,13.31900000,930275.27000000,1232255.77660000,HIGH_VOLUME_NODE
92519.10000000,26.47200000,18.49300000,7.97900000,1710957.04290000,738210.35090000,HIGH_VOLUME_NODE
92519.80000000,23.97400000,8.19100000,15.78300000,757830.50090000,1460241.58170000,HIGH_VOLUME_NODE
92519.90000000,46.33900000,29.66100000,16.67800000,2744235.72000000,1543048.56000000,HIGH_VOLUME_NODE
92520.10000000,22.13300000,14.01300000,8.12000000,1296484.76500000,751263.59450000,HIGH_VOLUME_NODE
92520.20000000,12.51700000,7.16500000,5.35200000,662907.94950000,495168.64560000,HIGH_VOLUME_NODE
92520.60000000,15.17900000,6.01800000,9.16100000,556789.15990000,847581.50710000,HIGH_VOLUME_NODE
92521.10000000,16.92700000,7.70000000,9.22700000,712412.65340000,853692.76210000,HIGH_VOLUME_NODE
92521.20000000,13.73500000,12.76400000,0.97100000,1180941.87320000,89838.18230000,HIGH_VOLUME_NODE
92521.60000000,13.98600000,7.34100000,6.64500000,679201.38870000,614806.64950000,HIGH_VOLUME_NODE
92521.70000000,14.25100000,8.55200000,5.69900000,791246.43360000,527281.73820000,HIGH_VOLUME_NODE
92522.10000000,26.19000000,13.40300000,12.78700000,1240074.39000000,1183080.64330000,HIGH_VOLUME_NODE
92522.60000000,35.75100000,10.54200000,25.20900000,975373.88460000,2332402.82960000,HIGH_VOLUME_NODE
92523.10000000,23.51800000,6.62200000,16.89600000,612688.42670000,1563271.35600000,HIGH_VOLUME_NODE
92523.60000000,25.80300000,6.99800000,18.80500000,647480.74680000,1739906.92510000,HIGH_VOLUME_NODE
92523.90000000,16.48600000,2.24500000,14.24100000,207716.38000000,1317634.28400000,HIGH_VOLUME_NODE
92524.10000000,13.51600000,4.33200000,9.18400000,400814.45820000,849741.73500000,HIGH_VOLUME_NODE
92524.30000000,13.81100000,7.01900000,6.79200000,649428.76360000,628425.72480000,HIGH_VOLUME_NODE
92524.60000000,16.51900000,11.86500000,4.65400000,1097805.14110000,430609.85310000,HIGH_VOLUME_NODE
92524.70000000,16.39600000,12.37800000,4.01800000,1145271.97440000,371764.64640000,HIGH_VOLUME_NODE
92524.80000000,22.60100000,7.57700000,15.02400000,701061.16730000,1390094.09760000,HIGH_VOLUME_NODE
92525.10000000,31.22500000,17.78800000,13.43700000,1645837.67830000,1243260.50380000,HIGH_VOLUME_NODE
92525.20000000,20.46300000,9.95700000,10.50600000,921274.41210000,972070.80180000,HIGH_VOLUME_NODE
92525.30000000,15.69800000,12.84500000,2.85300000,1188488.76300000,263974.96620000,HIGH_VOLUME_NODE
92526.10000000,24.96100000,12.29900000,12.66200000,1137979.27170000,1171566.18100000,HIGH_VOLUME_NODE
92526.20000000,21.47900000,11.47900000,10.00000000,1062109.39770000,925263.00000000,HIGH_VOLUME_NODE
92526.60000000,22.70100000,3.08300000,19.61800000,285259.62040000,1815188.47290000,HIGH_VOLUME_NODE
92527.10000000,20.03100000,5.91700000,14.11400000,547483.32410000,1305928.43910000,HIGH_VOLUME_NODE
92527.20000000,12.83300000,7.21600000,5.61700000,667676.99680000,519725.84410000,HIGH_VOLUME_NODE
92528.10000000,13.89600000,7.04800000,6.84800000,652138.34960000,633632.97660000,HIGH_VOLUME_NODE
92528.60000000,14.04000000,3.61400000,10.42600000,334398.55070000,964703.88150000,HIGH_VOLUME_NODE
92528.90000000,13.27500000,7.03000000,6.24500000,650478.87000000,577843.60500000,HIGH_VOLUME_NODE
92529.10000000,26.40100000,16.66700000,9.73400000,1542182.96640000,900678.96090000,HIGH_VOLUME_NODE
92529.60000000,103.26900000,2.72500000,100.54400000,252143.31470000,9303306.04300000,HIGH_VOLUME_NODE
92529.70000000,16.50100000,7.90800000,8.59300000,731725.65840000,795108.57140000,HIGH_VOLUME_NODE
92530.10000000,13.17300000,8.62800000,4.54500000,798350.12180000,420549.64840000,HIGH_VOLUME_NODE
92531.10000000,25.76800000,8.40700000,17.36100000,777909.51400000,1606433.67200000,HIGH_VOLUME_NODE
92531.90000000,30.96900000,2.69000000,28.27900000,248911.08000000,2616712.42800000,HIGH_VOLUME_NODE
92532.10000000,21.18400000,11.49800000,9.68600000,1063934.41220000,896266.67190000,HIGH_VOLUME_NODE
92532.20000000,19.13900000,17.24900000,1.89000000,1596089.64270000,174886.04700000,HIGH_VOLUME_NODE
92533.10000000,24.55200000,7.20700000,17.34500000,666886.32610000,1604987.92050000,HIGH_VOLUME_NODE
92533.20000000,13.24200000,5.44300000,7.79900000,503658.75190000,721667.20670000,HIGH_VOLUME_NODE
92533.40000000,14.81500000,11.17500000,3.64000000,1034061.86250000,336821.94000000,HIGH_VOLUME_NODE
92533.60000000,23.99900000,14.81600000,9.18300000,1370978.14680000,849736.60270000,HIGH_VOLUME_NODE
92534.10000000,16.78000000,12.17100000,4.60900000,1126232.86070000,426490.07540000,HIGH_VOLUME_NODE
92534.20000000,17.87600000,3.96600000,13.91000000,366991.03380000,1287152.11300000,HIGH_VOLUME_NODE
92535.10000000,17.89300000,9.58200000,8.31100000,886672.09270000,769059.44160000,HIGH_VOLUME_NODE
92535.80000000,13.99500000,8.59900000,5.39600000,795716.20410000,499323.71640000,HIGH_VOLUME_NODE
92535.90000000,15.99800000,7.04700000,8.95100000,652101.19200000,828289.73600000,HIGH_VOLUME_NODE
92536.60000000,20.72300000,10.47400000,10.24900000,969228.92960000,948407.95580000,HIGH_VOLUME_NODE
92536.70000000,12.87700000,3.85400000,9.02300000,356636.82720000,834959.54640000,HIGH_VOLUME_NODE
92537.10000000,15.82800000,6.76400000,9.06400000,625921.07100000,838756.99480000,HIGH_VOLUME_NODE
92537.20000000,19.83200000,17.41700000,2.41500000,1611722.15410000,223477.57950000,HIGH_VOLUME_NODE
92537.90000000,17.58600000,4.15300000,13.43300000,384310.31400000,1243062.95400000,HIGH_VOLUME_NODE
92538.10000000,18.36900000,6.35100000,12.01800000,587709.78510000,1112123.61050000,HIGH_VOLUME_NODE
92539.30000000,12.82000000,10.24300000,2.57700000,947881.07420000,238474.03380000,HIGH_VOLUME_NODE
92539.60000000,17.75300000,11.91200000,5.84100000,1102332.46210000,540524.00030000,HIGH_VOLUME_NODE
92539.90000000,27.54000000,9.96500000,17.57500000,922161.10000000,1626390.50000000,HIGH_VOLUME_NODE
92540.10000000,15.63400000,7.47600000,8.15800000,691830.11500000,754942.43140000,HIGH_VOLUME_NODE
92540.60000000,33.11700000,16.40600000,16.71100000,1518221.23490000,1546446.58600000,HIGH_VOLUME_NODE
92541.10000000,16.15600000,7.81400000,8.34200000,723116.42120000,771978.45730000,HIGH_VOLUME_NODE
92541.60000000,13.18200000,3.84600000,9.33600000,355915.27410000,863969.07320000,HIGH_VOLUME_NODE
92541.70000000,14.97700000,7.23900000,7.73800000,669910.09020000,716088.44840000,HIGH_VOLUME_NODE
92542.10000000,39.42600000,22.93700000,16.48900000,2122639.95540000,1525928.11710000,HIGH_VOLUME_NODE
92542.60000000,17.83800000,13.84400000,3.99400000,1281160.95770000,369615.30590000,HIGH_VOLUME_NODE
92542.70000000,12.59800000,7.28700000,5.31100000,674359.38360000,491494.81080000,HIGH_VOLUME_NODE
92542.80000000,13.66600000,4.76800000,8.89800000,441244.54720000,823446.72420000,HIGH_VOLUME_NODE
92543.20000000,14.60500000,7.38500000,7.22000000,683432.27050000,668162.62600000,HIGH_VOLUME_NODE
92543.30000000,17.15500000,12.35400000,4.80100000,1143281.16360000,444300.86340000,HIGH_VOLUME_NODE
92543.60000000,13.46800000,6.43200000,7.03600000,595240.88480000,651137.20090000,HIGH_VOLUME_NODE
92544.10000000,26.67600000,21.82900000,4.84700000,2020145.54400000,448561.61250000,HIGH_VOLUME_NODE
92544.20000000,21.01200000,12.78600000,8.22600000,1183271.41980000,761269.41180000,HIGH_VOLUME_NODE
92544.90000000,21.10500000,12.06200000,9.04300000,1116277.79000000,836884.43500000,HIGH_VOLUME_NODE
92545.10000000,13.87900000,7.60700000,6.27200000,703990.86880000,580442.98760000,HIGH_VOLUME_NODE
92545.30000000,20.88900000,17.19400000,3.69500000,1591225.60760000,341955.25300000,HIGH_VOLUME_NODE
92545.40000000,18.05500000,12.79300000,5.26200000,1183934.58150000,486974.42100000,HIGH_VOLUME_NODE
92545.60000000,37.92400000,11.17300000,26.75100000,1034012.60290000,2475689.25180000,HIGH_VOLUME_NODE
92545.70000000,13.52800000,8.03800000,5.49000000,743883.14040000,508076.44200000,HIGH_VOLUME_NODE
92546.10000000,20.08500000,8.56600000,11.51900000,792750.27160000,1066038.90410000,HIGH_VOLUME_NODE
92547.10000000,22.66000000,10.76700000,11.89300000,996454.95190000,1100662.91610000,HIGH_VOLUME_NODE
92548.60000000,15.22200000,8.82400000,6.39800000,816649.50870000,592126.06120000,HIGH_VOLUME_NODE
92549.60000000,22.27600000,14.41900000,7.85700000,1334473.67650000,727162.75360000,HIGH_VOLUME_NODE
92549.70000000,14.70900000,3.13600000,11.57300000,290236.17280000,1071078.83540000,HIGH_VOLUME_NODE
92549.80000000,17.04800000,9.52700000,7.52100000,881722.89730000,696067.79790000,HIGH_VOLUME_NODE
92549.90000000,62.02000000,29.14700000,32.87300000,2697554.85000000,3042396.15000000,HIGH_VOLUME_NODE
92550.10000000,20.06100000,9.05300000,11.00800000,837856.20020000,1018791.57260000,HIGH_VOLUME_NODE
92550.30000000,17.48200000,3.31900000,14.16300000,307174.77760000,1310791.31520000,HIGH_VOLUME_NODE
92551.10000000,15.06600000,7.18900000,7.87700000,665350.00570000,729025.19870000,HIGH_VOLUME_NODE
92551.60000000,19.51700000,12.20600000,7.31100000,1129685.19220000,676644.84300000,HIGH_VOLUME_NODE
92551.80000000,13.29000000,12.21300000,1.07700000,1130336.35470000,99678.39630000,HIGH_VOLUME_NODE
92552.10000000,16.02500000,9.36400000,6.66100000,866658.22820000,616489.91290000,HIGH_VOLUME_NODE
92552.60000000,15.66000000,10.06700000,5.59300000,931727.46200000,517646.93170000,HIGH_VOLUME_NODE
92552.90000000,200.66300000,9.72500000,190.93800000,900077.92500000,17671884.71400000,HIGH_VOLUME_NODE
92554.10000000,18.06400000,6.63900000,11.42500000,614467.23510000,1057430.69000000,HIGH_VOLUME_NODE
92554.80000000,13.88900000,1.77800000,12.11100000,164562.61220000,1120932.39390000,HIGH_VOLUME_NODE
92554.90000000,24.92400000,8.34200000,16.58200000,772093.81000000,1534747.01000000,HIGH_VOLUME_NODE
92555.10000000,21.91700000,19.05600000,2.86100000,1763730.24060000,264800.21770000,HIGH_VOLUME_NODE
92555.40000000,19.83700000,6.83100000,13.00600000,632246.62050000,1203776.83300000,HIGH_VOLUME_NODE
92555.60000000,14.05100000,4.22200000,9.82900000,390770.10640000,909729.42950000,HIGH_VOLUME_NODE
92555.90000000,20.31000000,9.80600000,10.50400000,907604.13600000,972208.22400000,HIGH_VOLUME_NODE
92556.10000000,12.95700000,3.25900000,9.69800000,301640.43490000,897609.21860000,HIGH_VOLUME_NODE
92556.60000000,25.49300000,11.84000000,13.65300000,1095870.64720000,1263676.33670000,HIGH_VOLUME_NODE
92557.10000000,29.74700000,18.99900000,10.74800000,1758493.81010000,994804.21560000,HIGH_VOLUME_NODE
92557.80000000,15.09200000,5.46300000,9.62900000,505643.80770000,891240.01910000,HIGH_VOLUME_NODE
92557.90000000,14.42200000,11.61200000,2.81000000,1074783.49600000,260087.98000000,HIGH_VOLUME_NODE
92559.60000000,14.78900000,8.13700000,6.65200000,753157.99770000,615706.81090000,HIGH_VOLUME_NODE
92559.80000000,15.03900000,1.74500000,13.29400000,161517.02550000,1230491.31060000,HIGH_VOLUME_NODE
92559.90000000,12.24900000,8.44200000,3.80700000,781391.52000000,352375.92000000,HIGH_VOLUME_NODE
92561.60000000,18.98300000,8.56800000,10.41500000,793068.24640000,964029.90530000,HIGH_VOLUME_NODE
92563.60000000,16.00100000,10.68200000,5.31900000,988764.95490000,492346.10690000,HIGH_VOLUME_NODE
92563.80000000,18.46300000,9.38200000,9.08100000,868434.50980000,840572.77590000,HIGH_VOLUME_NODE
92564.10000000,29.62400000,22.61800000,7.00600000,2093616.65280000,648504.37490000,HIGH_VOLUME_NODE
92565.60000000,21.81200000,4.86000000,16.95200000,449869.21140000,1569173.53860000,HIGH_VOLUME_NODE
92565.70000000,18.53200000,8.52600000,10.00600000,789216.01080000,926213.39480000,HIGH_VOLUME_NODE
92565.80000000,16.41400000,8.10000000,8.31400000,749783.79000000,769592.89260000,HIGH_VOLUME_NODE
92565.90000000,23.88200000,15.73100000,8.15100000,1456155.74600000,754505.46600000,HIGH_VOLUME_NODE
92566.60000000,18.72300000,10.54400000,8.17900000,976022.72770000,757102.56820000,HIGH_VOLUME_NODE
92567.10000000,24.43800000,19.56400000,4.87400000,1810983.04420000,451172.19260000,HIGH_VOLUME_NODE
92567.60000000,32.00300000,11.75500000,20.24800000,1088132.72620000,1874308.98910000,HIGH_VOLUME_NODE
92567.80000000,12.19700000,10.48900000,1.70800000,970944.70310000,158105.97320000,HIGH_VOLUME_NODE
92568.80000000,16.13800000,14.14100000,1.99700000,1309016.81490000,184860.09330000,HIGH_VOLUME_NODE
92569.10000000,29.05400000,13.81700000,15.23700000,1279027.97310000,1410476.13820000,HIGH_VOLUME_NODE
92569.60000000,13.80100000,4.19000000,9.61100000,387866.93400000,889686.81330000,HIGH_VOLUME_NODE
92569.70000000,13.66300000,11.81300000,1.85000000,1093527.04740000,171254.13000000,HIGH_VOLUME_NODE
92569.90000000,20.18200000,14.46500000,5.71700000,1339025.05000000,529222.69000000,HIGH_VOLUME_NODE
92570.30000000,14.56800000,8.36000000,6.20800000,773888.54400000,574677.04320000,HIGH_VOLUME_NODE
92570.40000000,16.49700000,11.14000000,5.35700000,1031235.37000000,495900.16850000,HIGH_VOLUME_NODE
92570.90000000,14.90500000,6.94200000,7.96300000,642627.88200000,737142.87300000,HIGH_VOLUME_NODE
92571.40000000,12.26500000,5.15000000,7.11500000,476743.22500000,658646.22250000,HIGH_VOLUME_NODE
92571.60000000,17.50500000,11.76900000,5.73600000,1089475.71940000,530990.93720000,HIGH_VOLUME_NODE
92572.10000000,17.70900000,9.20800000,8.50100000,852404.01620000,786955.99920000,HIGH_VOLUME_NODE
92573.10000000,18.67300000,11.50000000,7.17300000,1064591.18310000,664026.95820000,HIGH_VOLUME_NODE
92573.30000000,13.57100000,11.70500000,1.86600000,1083571.64700000,172741.96440000,HIGH_VOLUME_NODE
92573.60000000,15.08200000,8.04700000,7.03500000,744939.90480000,651255.35420000,HIGH_VOLUME_NODE
92573.90000000,12.41400000,6.83100000,5.58300000,632372.99400000,516840.64200000,HIGH_VOLUME_NODE
92574.10000000,29.91000000,15.40300000,14.50700000,1425919.65200000,1342972.65610000,HIGH_VOLUME_NODE
92574.60000000,16.05300000,4.28300000,11.77000000,396497.23390000,1089603.84890000,HIGH_VOLUME_NODE
92575.10000000,12.56900000,7.99000000,4.57900000,739675.34680000,423901.55680000,HIGH_VOLUME_NODE
92575.60000000,12.51000000,6.42100000,6.08900000,594428.07420000,563693.30220000,HIGH_VOLUME_NODE
92577.10000000,13.32700000,3.01100000,10.31600000,278749.85280000,955026.00960000,HIGH_VOLUME_NODE
92577.20000000,16.12500000,10.46000000,5.66500000,968358.55800000,524450.40450000,HIGH_VOLUME_NODE
92577.30000000,14.15600000,12.39700000,1.75900000,1147682.02780000,162843.64660000,HIGH_VOLUME_NODE
92577.80000000,13.83400000,6.38300000,7.45100000,590924.73570000,689797.93290000,HIGH_VOLUME_NODE
92578.40000000,13.93800000,2.65300000,11.28500000,245610.76050000,1044748.37250000,HIGH_VOLUME_NODE
92579.10000000,26.24900000,4.46100000,21.78800000,412995.61210000,2017115.18020000,HIGH_VOLUME_NODE
92579.20000000,17.66500000,7.26000000,10.40500000,672125.71800000,963287.61650000,HIGH_VOLUME_NODE
92579.90000000,26.12400000,19.75700000,6.36700000,1829103.06000000,589456.86000000,HIGH_VOLUME_NODE
92580.10000000,21.65200000,13.11500000,8.53700000,1214188.47170000,790356.56180000,HIGH_VOLUME_NODE
92580.20000000,17.58800000,14.56600000,3.02200000,1348524.64980000,279777.66660000,HIGH_VOLUME_NODE
92580.60000000,12.98000000,9.51200000,3.46800000,880627.53900000,321069.78570000,HIGH_VOLUME_NODE
92581.60000000,23.16100000,10.43200000,12.72900000,965812.09900000,1178471.46130000,HIGH_VOLUME_NODE
92582.10000000,17.92300000,5.94100000,11.98200000,550030.31830000,1109319.60110000,HIGH_VOLUME_NODE
92583.10000000,19.38300000,12.90000000,6.48300000,1194322.14520000,600216.76880000,HIGH_VOLUME_NODE
92583.20000000,13.51800000,4.49100000,9.02700000,415791.60030000,835749.44910000,HIGH_VOLUME_NODE
92583.60000000,31.48300000,28.17100000,3.31200000,2608174.26410000,306637.06470000,HIGH_VOLUME_NODE
92584.10000000,25.57000000,9.67300000,15.89700000,895566.43630000,1471809.95910000,HIGH_VOLUME_NODE
92584.20000000,14.06200000,3.45600000,10.60600000,319971.34080000,981949.08580000,HIGH_VOLUME_NODE
92584.30000000,14.60000000,7.18700000,7.41300000,665404.08280000,686328.15720000,HIGH_VOLUME_NODE
92584.40000000,16.30400000,8.22800000,8.07600000,761785.26600000,747712.42200000,HIGH_VOLUME_NODE
92584.70000000,18.01900000,8.65900000,9.36000000,801691.78320000,866593.72800000,HIGH_VOLUME_NODE
92585.60000000,13.86100000,7.67500000,6.18600000,710594.90960000,572734.87740000,HIGH_VOLUME_NODE
92585.70000000,206.64600000,2.87600000,203.77000000,266276.76080000,18866208.46600000,HIGH_VOLUME_NODE
92585.90000000,16.00500000,4.15000000,11.85500000,384231.90000000,1097607.03000000,HIGH_VOLUME_NODE
92586.90000000,33.36600000,30.82100000,2.54500000,2853623.92700000,235633.91500000,HIGH_VOLUME_NODE
92587.10000000,17.68500000,8.61200000,9.07300000,797360.29300000,840043.49570000,HIGH_VOLUME_NODE
92587.60000000,14.15400000,8.76000000,5.39400000,811067.94430000,499417.57350000,HIGH_VOLUME_NODE
92587.80000000,12.51500000,4.75700000,7.75800000,440440.64030000,718296.92820000,HIGH_VOLUME_NODE
92588.10000000,16.65600000,4.86600000,11.79000000,450533.95570000,1091614.55300000,HIGH_VOLUME_NODE
92588.60000000,22.49000000,16.07300000,6.41700000,1488177.66560000,594141.28330000,HIGH_VOLUME_NODE
92588.70000000,17.18300000,13.87700000,3.30600000,1284854.77760000,306098.57280000,HIGH_VOLUME_NODE
92588.90000000,12.38200000,2.12300000,10.25900000,196566.44700000,949870.55100000,HIGH_VOLUME_NODE
92589.10000000,13.82200000,7.25400000,6.56800000,671641.82240000,608125.59870000,HIGH_VOLUME_NODE
92589.20000000,20.09800000,11.73000000,8.36800000,1086072.48900000,774787.26240000,HIGH_VOLUME_NODE
92589.80000000,14.80800000,9.26800000,5.54000000,858123.19320000,512948.04600000,HIGH_VOLUME_NODE
92589.90000000,30.46400000,25.15300000,5.31100000,2328916.27000000,491745.49000000,HIGH_VOLUME_NODE
92590.10000000,27.81000000,12.87900000,14.93100000,1192469.04270000,1382463.07670000,HIGH_VOLUME_NODE
92591.10000000,15.71500000,8.35800000,7.35700000,773876.82560000,681192.86530000,HIGH_VOLUME_NODE
92591.60000000,23.46900000,13.44200000,10.02700000,1244616.97860000,928416.25110000,HIGH_VOLUME_NODE
92591.70000000,20.82300000,15.12800000,5.69500000,1400728.75040000,527310.30100000,HIGH_VOLUME_NODE
92591.80000000,14.77900000,8.72200000,6.05700000,807586.55180000,560829.13830000,HIGH_VOLUME_NODE
92591.90000000,22.47200000,13.89700000,8.57500000,1286751.02400000,793976.40000000,HIGH_VOLUME_NODE
92592.10000000,17.37100000,11.13100000,6.24000000,1030643.09010000,577775.02660000,HIGH_VOLUME_NODE
92592.60000000,14.08700000,6.87700000,7.21000000,636759.49640000,667592.76690000,HIGH_VOLUME_NODE
92592.80000000,18.34200000,7.88600000,10.45600000,730187.60940000,968151.36240000,HIGH_VOLUME_NODE
92593.10000000,26.99800000,15.78600000,11.21200000,1461675.85520000,1038154.14700000,HIGH_VOLUME_NODE
92593.40000000,13.02300000,8.88700000,4.13600000,822878.43450000,382966.71600000,HIGH_VOLUME_NODE
92593.60000000,28.91300000,12.91700000,15.99600000,1196031.81990000,1481128.42620000,HIGH_VOLUME_NODE
92593.70000000,16.80600000,8.16200000,8.64400000,755750.59560000,800380.80720000,HIGH_VOLUME_NODE
92593.80000000,12.94300000,6.74600000,6.19700000,624638.44940000,573804.39830000,HIGH_VOLUME_NODE
92594.10000000,28.83500000,15.38400000,13.45100000,1424468.83130000,1245483.44650000,HIGH_VOLUME_NODE
92594.60000000,18.65300000,8.07300000,10.58000000,747516.47440000,979651.62620000,HIGH_VOLUME_NODE
92594.70000000,13.69700000,6.67100000,7.02600000,617699.91080000,650571.06480000,HIGH_VOLUME_NODE
92596.10000000,13.16600000,7.33500000,5.83100000,679192.68390000,539927.95100000,HIGH_VOLUME_NODE
92596.30000000,33.40900000,26.41800000,6.99100000,2446211.69520000,647341.43240000,HIGH_VOLUME_NODE
92596.60000000,15.55100000,12.81600000,2.73500000,1186718.44240000,253251.78850000,HIGH_VOLUME_NODE
92596.90000000,23.09700000,14.72900000,8.36800000,1363861.21300000,774851.69600000,HIGH_VOLUME_NODE
92597.10000000,15.54700000,8.06400000,7.48300000,746703.51980000,692904.47740000,HIGH_VOLUME_NODE
92597.30000000,19.00900000,13.23900000,5.77000000,1225896.97860000,534286.99800000,HIGH_VOLUME_NODE
92597.60000000,15.01400000,10.88700000,4.12700000,1008110.32290000,382150.47330000,HIGH_VOLUME_NODE
92598.10000000,13.69700000,12.04300000,1.65400000,1115159.30240000,153157.31910000,HIGH_VOLUME_NODE
92598.30000000,15.50700000,5.44100000,10.06600000,503827.89440000,932095.49440000,HIGH_VOLUME_NODE
92598.60000000,17.13900000,5.98300000,11.15600000,554017.82070000,1033030.92770000,HIGH_VOLUME_NODE
92599.80000000,28.43100000,6.88000000,21.55100000,637087.31200000,1995620.44490000,HIGH_VOLUME_NODE
92599.90000000,404.82300000,197.77400000,207.04900000,18313872.40000000,19172737.40000000,HIGH_VOLUME_NODE
92600.10000000,64.91100000,55.30200000,9.60900000,5120970.89580000,889794.46230000,HIGH_VOLUME_NODE
92600.40000000,13.27300000,8.49500000,4.77800000,786641.24750000,442445.18900000,HIGH_VOLUME_NODE
92600.60000000,13.43800000,7.07500000,6.36300000,655149.85410000,589217.75090000,HIGH_VOLUME_NODE
92600.70000000,13.59700000,1.32800000,12.26900000,122973.86240000,1136119.21520000,HIGH_VOLUME_NODE
92600.90000000,22.23200000,6.13000000,16.10200000,567644.13000000,1491061.30200000,HIGH_VOLUME_NODE
92601.60000000,15.25900000,10.68300000,4.57600000,989263.50060000,423745.14640000,HIGH_VOLUME_NODE
92601.70000000,13.63800000,4.36100000,9.27700000,403836.44980000,859066.89860000,HIGH_VOLUME_NODE
92602.10000000,20.39900000,4.80900000,15.59000000,445323.78660000,1443667.51990000,HIGH_VOLUME_NODE
92602.60000000,14.88900000,5.78300000,9.10600000,535520.92670000,843239.95060000,HIGH_VOLUME_NODE
92602.70000000,12.95400000,2.76200000,10.19200000,255768.93360000,943807.73760000,HIGH_VOLUME_NODE
92603.10000000,17.05800000,8.13200000,8.92600000,753049.00660000,826575.81410000,HIGH_VOLUME_NODE
92603.40000000,18.66800000,4.51500000,14.15300000,418104.80250000,1310617.33550000,HIGH_VOLUME_NODE
92603.60000000,12.69200000,7.25000000,5.44200000,671376.24430000,503948.94330000,HIGH_VOLUME_NODE
92604.20000000,16.28400000,5.04900000,11.23500000,467559.11070000,1040409.31050000,HIGH_VOLUME_NODE
92604.60000000,13.99000000,6.61300000,7.37700000,612394.63070000,683144.62020000,HIGH_VOLUME_NODE
92606.90000000,16.66800000,12.38200000,4.28600000,1146659.87400000,396913.60200000,HIGH_VOLUME_NODE
92607.10000000,36.06100000,15.30700000,20.75400000,1417538.00420000,1921968.69440000,HIGH_VOLUME_NODE
92607.30000000,12.62800000,10.57600000,2.05200000,979415.86240000,190030.38480000,HIGH_VOLUME_NODE
92607.60000000,14.24800000,7.00400000,7.24400000,648623.95030000,670849.78730000,HIGH_VOLUME_NODE
92607.70000000,15.66400000,11.24100000,4.42300000,1041004.27980000,409604.29940000,HIGH_VOLUME_NODE
92608.10000000,20.00700000,9.54300000,10.46400000,883759.79510000,969051.60640000,HIGH_VOLUME_NODE
92608.40000000,13.19200000,8.34400000,4.84800000,772725.32400000,448966.00800000,HIGH_VOLUME_NODE
92608.60000000,20.02300000,9.25600000,10.76700000,857185.97730000,997117.15410000,HIGH_VOLUME_NODE
92608.70000000,16.76800000,6.10200000,10.66600000,565098.89760000,987765.46080000,HIGH_VOLUME_NODE
92609.10000000,13.84200000,7.45800000,6.38400000,690679.07340000,591216.82320000,HIGH_VOLUME_NODE
92609.60000000,15.67900000,7.93700000,7.74200000,735042.71220000,716983.81470000,HIGH_VOLUME_NODE
92609.80000000,32.15200000,4.61500000,27.53700000,427394.68850000,2550198.81630000,HIGH_VOLUME_NODE
92609.90000000,36.48200000,28.36400000,8.11800000,2626790.04000000,751807.98000000,HIGH_VOLUME_NODE
92610.10000000,19.45800000,12.22500000,7.23300000,1132158.85450000,669849.18100000,HIGH_VOLUME_NODE
92610.60000000,22.59400000,8.61900000,13.97500000,798211.21670000,1294233.77610000,HIGH_VOLUME_NODE
92610.80000000,26.50900000,13.03900000,13.47000000,1207553.52510000,1247468.82300000,HIGH_VOLUME_NODE
92610.90000000,33.85200000,22.75400000,11.09800000,2107270.69400000,1027796.87800000,HIGH_VOLUME_NODE
92611.10000000,13.02800000,1.95900000,11.06900000,181425.21200000,1025112.93460000,HIGH_VOLUME_NODE
92611.60000000,17.20800000,6.04800000,11.16000000,560115.08740000,1033546.43630000,HIGH_VOLUME_NODE
92611.90000000,18.57800000,5.79800000,12.78000000,536964.37600000,1183581.36000000,HIGH_VOLUME_NODE
92612.10000000,13.12800000,4.66700000,8.46100000,432220.96360000,783591.35680000,HIGH_VOLUME_NODE
92612.60000000,14.95000000,7.40100000,7.54900000,685426.26490000,699132.98920000,HIGH_VOLUME_NODE
92614.10000000,20.00700000,4.48100000,15.52600000,415004.09840000,1437927.15730000,HIGH_VOLUME_NODE
92614.60000000,32.21100000,7.13200000,25.07900000,660527.65570000,2322682.53190000,HIGH_VOLUME_NODE
92615.20000000,18.37000000,11.29200000,7.07800000,1045811.96760000,655531.09340000,HIGH_VOLUME_NODE
92616.10000000,25.48000000,9.72800000,15.75200000,900969.83260000,1458889.84510000,HIGH_VOLUME_NODE
92616.30000000,21.72800000,6.37000000,15.35800000,589966.46800000,1422402.67120000,HIGH_VOLUME_NODE
92616.40000000,13.76800000,9.40300000,4.36500000,870872.94950000,404271.02250000,HIGH_VOLUME_NODE
92616.60000000,15.77500000,7.99700000,7.77800000,740655.17890000,720372.29770000,HIGH_VOLUME_NODE
92617.10000000,19.86800000,9.43400000,10.43400000,873750.47210000,966366.96500000,HIGH_VOLUME_NODE
92617.20000000,13.35200000,3.68700000,9.66500000,341479.98510000,895146.20450000,HIGH_VOLUME_NODE
92618.10000000,13.60100000,6.16200000,7.43900000,570712.99750000,688986.21500000,HIGH_VOLUME_NODE
92619.10000000,15.34100000,9.78900000,5.55200000,906648.85670000,514221.44620000,HIGH_VOLUME_NODE
92619.60000000,16.94200000,7.31100000,9.63100000,677142.22600000,892019.74200000,HIGH_VOLUME_NODE
92619.90000000,36.45800000,28.05600000,8.40200000,2598546.72000000,778193.24000000,HIGH_VOLUME_NODE
92620.10000000,15.60200000,9.74500000,5.85700000,902582.93660000,542476.39850000,HIGH_VOLUME_NODE
92620.60000000,13.72600000,5.87900000,7.84700000,544516.64100000,726794.52450000,HIGH_VOLUME_NODE
92620.70000000,16.07000000,7.39200000,8.67800000,684652.95360000,803763.30240000,HIGH_VOLUME_NODE
92620.80000000,22.48100000,15.56000000,6.92100000,1441181.20400000,641029.24890000,HIGH_VOLUME_NODE
92621.10000000,18.40800000,7.66200000,10.74600000,709663.31040000,995306.70510000,HIGH_VOLUME_NODE
92621.30000000,20.69700000,10.67700000,10.02000000,988918.68780000,928066.42800000,HIGH_VOLUME_NODE
92621.60000000,16.78200000,9.94800000,6.83400000,921399.93180000,632976.38660000,HIGH_VOLUME_NODE
92622.10000000,19.87200000,7.07000000,12.80200000,654838.51260000,1185749.12500000,HIGH_VOLUME_NODE
92622.40000000,26.06800000,10.51400000,15.55400000,973832.96500000,1440650.36500000,HIGH_VOLUME_NODE
92622.60000000,38.62200000,16.56100000,22.06100000,1533923.44920000,2043347.77930000,HIGH_VOLUME_NODE
92623.30000000,26.37500000,2.37700000,23.99800000,220165.82180000,2222776.35320000,HIGH_VOLUME_NODE
92623.60000000,32.03600000,16.02400000,16.01200000,1484201.92680000,1483089.36290000,HIGH_VOLUME_NODE
92624.40000000,14.96200000,7.70200000,7.26000000,713393.89900000,672453.87000000,HIGH_VOLUME_NODE
92624.60000000,12.58700000,8.27200000,4.31500000,766190.87100000,399675.50420000,HIGH_VOLUME_NODE
92624.80000000,24.50300000,18.79300000,5.71000000,1740699.74570000,528888.17900000,HIGH_VOLUME_NODE
92624.90000000,53.74600000,31.53100000,22.21500000,2920558.87500000,2057664.37500000,HIGH_VOLUME_NODE
92625.10000000,20.32000000,9.17000000,11.15000000,849372.34080000,1032770.22120000,HIGH_VOLUME_NODE
92625.60000000,32.78200000,18.36900000,14.41300000,1701440.81040000,1335013.28210000,HIGH_VOLUME_NODE
92625.70000000,14.25800000,2.54200000,11.71600000,235454.78360000,1085203.87280000,HIGH_VOLUME_NODE
92625.80000000,12.54800000,4.79800000,7.75000000,444419.06820000,717850.72500000,HIGH_VOLUME_NODE
92626.10000000,15.59600000,10.71400000,4.88200000,992396.32510000,452200.72580000,HIGH_VOLUME_NODE
92626.90000000,15.81200000,7.18900000,8.62300000,665895.50300000,798722.62100000,HIGH_VOLUME_NODE
92627.10000000,17.53500000,9.86000000,7.67500000,913303.57010000,710913.46820000,HIGH_VOLUME_NODE
92627.30000000,15.02000000,8.98000000,6.04000000,831794.05200000,559469.49600000,HIGH_VOLUME_NODE
92627.60000000,24.72200000,10.75600000,13.96600000,996303.34540000,1293638.06610000,HIGH_VOLUME_NODE
92627.90000000,19.95700000,8.80400000,11.15300000,815496.91200000,1033080.08400000,HIGH_VOLUME_NODE
92628.10000000,12.51400000,9.39100000,3.12300000,869870.78930000,289277.79430000,HIGH_VOLUME_NODE
92628.60000000,19.75700000,5.16200000,14.59500000,478149.12290000,1351915.18700000,HIGH_VOLUME_NODE
92628.70000000,16.56200000,8.23900000,8.32300000,763168.68320000,770949.50240000,HIGH_VOLUME_NODE
92629.20000000,33.34400000,3.09800000,30.24600000,286965.57140000,2801665.80780000,HIGH_VOLUME_NODE
92629.40000000,13.59300000,10.41300000,3.18000000,964550.98350000,294561.81000000,HIGH_VOLUME_NODE
92629.60000000,23.99500000,10.84300000,13.15200000,1004383.49370000,1218265.57520000,HIGH_VOLUME_NODE
92629.70000000,15.02000000,10.22000000,4.80000000,946676.55600000,444623.04000000,HIGH_VOLUME_NODE
92629.80000000,22.08300000,4.86600000,17.21700000,450737.09340000,1594808.98830000,HIGH_VOLUME_NODE
92629.90000000,28.09900000,11.70100000,16.39800000,1083863.63000000,1518946.74000000,HIGH_VOLUME_NODE
92630.10000000,18.38900000,10.36700000,8.02200000,960296.60810000,743078.94630000,HIGH_VOLUME_NODE
92630.60000000,24.71400000,8.14100000,16.57300000,754106.21980000,1535168.18930000,HIGH_VOLUME_NODE
92630.70000000,26.31400000,21.39900000,4.91500000,1982206.48920000,455280.38200000,HIGH_VOLUME_NODE
92631.10000000,17.42600000,11.58800000,5.83800000,1073409.57280000,540780.68760000,HIGH_VOLUME_NODE
92631.20000000,19.40400000,18.27400000,1.13000000,1692744.37620000,104673.36900000,HIGH_VOLUME_NODE
92631.60000000,17.26500000,7.12000000,10.14500000,659537.35160000,939747.72000000,HIGH_VOLUME_NODE
92631.70000000,22.13500000,3.70900000,18.42600000,343571.34620000,1706833.54680000,HIGH_VOLUME_NODE
92632.20000000,12.96500000,3.86400000,9.10100000,357931.20720000,843046.56230000,HIGH_VOLUME_NODE
92632.40000000,14.01400000,7.83600000,6.17800000,725868.27000000,572283.58500000,HIGH_VOLUME_NODE
92632.60000000,13.90400000,10.46700000,3.43700000,969585.59760000,318378.36750000,HIGH_VOLUME_NODE
92632.70000000,19.42000000,6.48900000,12.93100000,601094.23920000,1197834.73680000,HIGH_VOLUME_NODE
92632.80000000,22.62200000,15.87600000,6.74600000,1470639.92040000,624901.54340000,HIGH_VOLUME_NODE
92632.90000000,16.92300000,3.74500000,13.17800000,346910.58500000,1220717.67400000,HIGH_VOLUME_NODE
92633.10000000,20.06300000,8.51300000,11.55000000,788585.72100000,1069912.79320000,HIGH_VOLUME_NODE
92633.20000000,16.56100000,2.93900000,13.62200000,272249.26870000,1261850.81260000,HIGH_VOLUME_NODE
92633.30000000,26.89900000,1.68900000,25.21000000,156457.81260000,2335288.01400000,HIGH_VOLUME_NODE
92633.60000000,17.54400000,8.01400000,9.53000000,742365.77670000,882799.00560000,HIGH_VOLUME_NODE
92633.70000000,15.64400000,14.78400000,0.86000000,1369498.09920000,79665.06800000,HIGH_VOLUME_NODE
92634.30000000,18.30600000,1.28800000,17.01800000,119313.10720000,1576452.21920000,HIGH_VOLUME_NODE
92634.60000000,38.51500000,11.74700000,26.76800000,1088179.27720000,2479644.39470000,HIGH_VOLUME_NODE
92634.70000000,14.11400000,10.73800000,3.37600000,994712.48240000,312735.08480000,HIGH_VOLUME_NODE
92634.80000000,14.29300000,9.23300000,5.06000000,855298.03170000,468732.59400000,HIGH_VOLUME_NODE
92635.10000000,13.40200000,7.07500000,6.32700000,655393.60060000,586102.66970000,HIGH_VOLUME_NODE
92636.20000000,12.54500000,3.52700000,9.01800000,326728.23010000,835394.15340000,HIGH_VOLUME_NODE
92636.60000000,21.27800000,13.05900000,8.21900000,1209741.71300000,761380.32670000,HIGH_VOLUME_NODE
92637.10000000,16.98600000,12.22300000,4.76300000,1132303.45460000,441230.65820000,HIGH_VOLUME_NODE
92637.60000000,22.08800000,11.38500000,10.70300000,1054679.66930000,991500.68040000,HIGH_VOLUME_NODE
92637.70000000,13.16600000,7.21300000,5.95300000,668196.45140000,551472.82340000,HIGH_VOLUME_NODE
92637.90000000,16.05800000,13.00200000,3.05600000,1204479.27600000,283101.72800000,HIGH_VOLUME_NODE
92638.60000000,21.93100000,8.23900000,13.69200000,763249.95870000,1268408.95470000,HIGH_VOLUME_NODE
92639.10000000,22.80000000,12.09900000,10.70100000,1120841.53620000,991331.62120000,HIGH_VOLUME_NODE
92639.20000000,36.59400000,24.47100000,12.12300000,2266976.31030000,1123066.23390000,HIGH_VOLUME_NODE
92639.30000000,18.66500000,8.94600000,9.71900000,828752.07240000,900362.32860000,HIGH_VOLUME_NODE
92639.60000000,20.30600000,6.50400000,13.80200000,602528.32110000,1278612.49400000,HIGH_VOLUME_NODE
92639.90000000,43.99300000,25.16800000,18.82500000,2331563.52000000,1743948.00000000,HIGH_VOLUME_NODE
92640.10000000,33.55500000,28.72100000,4.83400000,2660717.46930000,447822.28140000,HIGH_VOLUME_NODE
92640.60000000,22.18000000,7.32400000,14.85600000,678500.12720000,1376269.35250000,HIGH_VOLUME_NODE
92640.70000000,12.40400000,3.11300000,9.29100000,288390.81040000,860725.67280000,HIGH_VOLUME_NODE
92640.80000000,16.71700000,3.70100000,13.01600000,342863.97090000,1205813.95440000,HIGH_VOLUME_NODE
92641.60000000,17.40000000,6.53400000,10.86600000,605320.25710000,1006644.34770000,HIGH_VOLUME_NODE
92642.10000000,16.52000000,4.30700000,12.21300000,399009.63020000,1131439.04940000,HIGH_VOLUME_NODE
92642.60000000,42.53300000,21.10900000,21.42400000,1955594.29430000,1984776.26820000,HIGH_VOLUME_NODE
92642.70000000,16.64100000,11.21500000,5.42600000,1038989.00200000,502679.83280000,HIGH_VOLUME_NODE
92642.80000000,14.88900000,6.10700000,8.78200000,565770.19030000,813589.94780000,HIGH_VOLUME_NODE
92642.90000000,18.62500000,12.88300000,5.74200000,1193519.76900000,531956.10600000,HIGH_VOLUME_NODE
92643.10000000,23.35900000,14.55500000,8.80400000,1348421.04540000,815630.30240000,HIGH_VOLUME_NODE
92643.60000000,30.48800000,17.87700000,12.61100000,1656190.52790000,1168329.17560000,HIGH_VOLUME_NODE
92643.80000000,24.14300000,12.58600000,11.55700000,1166016.12540000,1070685.55230000,HIGH_VOLUME_NODE
92643.90000000,13.20300000,8.67900000,4.52400000,804057.27600000,419121.45600000,HIGH_VOLUME_NODE
92644.10000000,36.13600000,19.24300000,16.89300000,1782751.03650000,1565037.57800000,HIGH_VOLUME_NODE
92644.60000000,29.83500000,18.20900000,11.62600000,1686966.83610000,1077086.69220000,HIGH_VOLUME_NODE
92644.70000000,18.72400000,7.80100000,10.92300000,722722.08480000,1011959.15040000,HIGH_VOLUME_NODE
92644.80000000,16.34200000,10.12000000,6.22200000,937566.38800000,576436.56780000,HIGH_VOLUME_NODE
92645.20000000,14.36600000,1.79900000,12.56700000,166668.89470000,1164273.48510000,HIGH_VOLUME_NODE
92645.70000000,21.36700000,16.09400000,5.27300000,1491041.50520000,488521.30340000,HIGH_VOLUME_NODE
92645.80000000,12.85000000,3.90600000,8.94400000,361874.88540000,828624.92960000,HIGH_VOLUME_NODE
92645.90000000,19.58800000,9.94300000,9.64500000,921179.17800000,893570.67000000,HIGH_VOLUME_NODE
92646.10000000,23.44500000,16.50300000,6.94200000,1528938.91150000,643149.37130000,HIGH_VOLUME_NODE
92646.60000000,27.09900000,15.29800000,11.80100000,1417308.55190000,1093322.69580000,HIGH_VOLUME_NODE
92646.70000000,18.15400000,10.21200000,7.94200000,946109.12160000,735800.88560000,HIGH_VOLUME_NODE
92646.80000000,15.92100000,3.35800000,12.56300000,311108.29020000,1163923.00470000,HIGH_VOLUME_NODE
92646.90000000,16.77600000,11.13200000,5.64400000,1031346.40400000,522899.66800000,HIGH_VOLUME_NODE
92647.10000000,37.28000000,24.14700000,13.13300000,2237150.54000000,1216734.65120000,HIGH_VOLUME_NODE
92647.40000000,17.56600000,9.76700000,7.79900000,904888.13250000,722557.85250000,HIGH_VOLUME_NODE
92647.60000000,65.23600000,45.23900000,19.99700000,4191287.31390000,1852675.03100000,HIGH_VOLUME_NODE
92647.70000000,37.99900000,31.60200000,6.39700000,2927855.77560000,592667.97660000,HIGH_VOLUME_NODE
92647.80000000,22.30400000,13.88600000,8.41800000,1286508.73940000,779910.02220000,HIGH_VOLUME_NODE
92647.90000000,15.32900000,10.75000000,4.57900000,995966.00000000,424235.19200000,HIGH_VOLUME_NODE
92648.10000000,25.26000000,14.81600000,10.44400000,1372675.00870000,967617.26980000,HIGH_VOLUME_NODE
92648.40000000,14.65100000,2.11300000,12.53800000,195766.28050000,1161626.89300000,HIGH_VOLUME_NODE
92648.60000000,31.58900000,11.25300000,20.33600000,1042575.38880000,1884102.54310000,HIGH_VOLUME_NODE
92649.10000000,22.52100000,7.65000000,14.87100000,708765.95160000,1377785.54350000,HIGH_VOLUME_NODE
92649.20000000,19.77200000,12.90100000,6.87100000,1195268.61930000,636593.34030000,HIGH_VOLUME_NODE
92649.60000000,34.94800000,12.61600000,22.33200000,1168868.22770000,2069051.84550000,HIGH_VOLUME_NODE
92649.80000000,35.24000000,4.95200000,30.28800000,458802.30480000,2806180.17120000,HIGH_VOLUME_NODE
92649.90000000,284.64800000,215.52500000,69.12300000,19968391.25000000,6404245.95000000,HIGH_VOLUME_NODE
92650.10000000,50.06200000,41.87600000,8.18600000,3879817.27470000,758434.28530000,HIGH_VOLUME_NODE
92650.60000000,18.70300000,7.67600000,11.02700000,711186.55370000,1021659.02650000,HIGH_VOLUME_NODE
92651.10000000,52.71800000,23.75500000,28.96300000,2200928.37860000,2683454.85680000,HIGH_VOLUME_NODE
92651.20000000,25.45100000,6.07200000,19.37900000,562578.69360000,1795489.54270000,HIGH_VOLUME_NODE
92651.30000000,17.11100000,9.62100000,7.49000000,891399.11940000,693958.98600000,HIGH_VOLUME_NODE
92651.40000000,14.54300000,11.77300000,2.77000000,1090786.10950000,256644.65500000,HIGH_VOLUME_NODE
92651.60000000,20.03500000,6.56900000,13.46600000,608628.87270000,1247647.02910000,HIGH_VOLUME_NODE
92651.70000000,14.33800000,9.54600000,4.79200000,884454.08280000,443987.42560000,HIGH_VOLUME_NODE
92651.80000000,19.10400000,9.95300000,9.15100000,922164.36070000,847857.53690000,HIGH_VOLUME_NODE
92651.90000000,23.78600000,11.01500000,12.77100000,1020561.78000000,1183258.69200000,HIGH_VOLUME_NODE
92652.10000000,18.03900000,3.96700000,14.07200000,367551.06230000,1303801.55930000,HIGH_VOLUME_NODE
92652.20000000,22.70800000,12.53200000,10.17600000,1161118.62360000,942829.80480000,HIGH_VOLUME_NODE
92652.40000000,16.36400000,14.69400000,1.67000000,1361435.83500000,154729.67500000,HIGH_VOLUME_NODE
92652.60000000,18.26500000,10.30700000,7.95800000,954970.95080000,737329.69120000,HIGH_VOLUME_NODE
92652.70000000,13.79200000,2.78500000,11.00700000,258038.04800000,1019829.36960000,HIGH_VOLUME_NODE
92652.80000000,71.29800000,14.01100000,57.28700000,1298159.78190000,5307806.68230000,HIGH_VOLUME_NODE
92652.90000000,14.35100000,8.58600000,5.76500000,795518.65800000,534144.54500000,HIGH_VOLUME_NODE
92653.10000000,18.55300000,11.49500000,7.05800000,1065047.94240000,653946.02170000,HIGH_VOLUME_NODE
92653.20000000,13.43700000,7.90000000,5.53700000,731961.07000000,513021.32210000,HIGH_VOLUME_NODE
92653.30000000,21.21500000,5.35300000,15.86200000,495973.65020000,1469668.23080000,HIGH_VOLUME_NODE
92653.40000000,18.01300000,4.97600000,13.03700000,461043.81600000,1207923.67950000,HIGH_VOLUME_NODE
92654.10000000,14.74300000,6.43600000,8.30700000,596322.16790000,769677.89600000,HIGH_VOLUME_NODE
92654.30000000,24.45100000,22.61700000,1.83400000,2095564.56480000,169928.16960000,HIGH_VOLUME_NODE
92654.60000000,26.66500000,8.54100000,18.12400000,791363.50040000,1679273.18480000,HIGH_VOLUME_NODE
92654.70000000,14.03400000,10.01100000,4.02300000,927567.20280000,372750.26040000,HIGH_VOLUME_NODE
92654.90000000,55.02500000,45.76900000,9.25600000,4240726.69500000,857614.68000000,HIGH_VOLUME_NODE
92655.10000000,22.46500000,8.16600000,14.29900000,756621.87400000,1324875.85860000,HIGH_VOLUME_NODE
92655.40000000,13.19400000,8.18300000,5.01100000,758199.95650000,464296.71050000,HIGH_VOLUME_NODE
92655.60000000,12.90100000,4.39400000,8.50700000,407128.90420000,788221.34110000,HIGH_VOLUME_NODE
92655.80000000,15.16000000,3.22600000,11.93400000,298907.93340000,1105755.51060000,HIGH_VOLUME_NODE
92655.90000000,16.78400000,6.89800000,9.88600000,639141.08800000,915997.21600000,HIGH_VOLUME_NODE
92656.10000000,16.34100000,4.14200000,12.19900000,383781.75200000,1130312.87050000,HIGH_VOLUME_NODE
92656.20000000,16.86300000,4.46400000,12.39900000,413617.72320000,1148845.46370000,HIGH_VOLUME_NODE
92656.60000000,18.89300000,3.94800000,14.94500000,365808.46100000,1384753.80350000,HIGH_VOLUME_NODE
92656.70000000,12.69100000,9.51300000,3.17800000,881444.13840000,294463.31040000,HIGH_VOLUME_NODE
92656.90000000,12.70900000,9.02200000,3.68700000,835951.45400000,341626.35900000,HIGH_VOLUME_NODE
92657.10000000,14.54500000,9.52800000,5.01700000,882837.30990000,464860.91390000,HIGH_VOLUME_NODE
92657.60000000,56.07800000,28.29400000,27.78400000,2621656.39830000,2574399.77880000,HIGH_VOLUME_NODE
92657.70000000,21.07700000,11.66500000,9.41200000,1080853.23700000,872095.21360000,HIGH_VOLUME_NODE
92657.80000000,12.49400000,7.37300000,5.12100000,683166.69670000,474501.10590000,HIGH_VOLUME_NODE
92658.10000000,24.37100000,18.38800000,5.98300000,1703798.64410000,554373.56270000,HIGH_VOLUME_NODE
92658.20000000,33.42300000,9.49600000,23.92700000,879883.21680000,2217035.14410000,HIGH_VOLUME_NODE
92658.60000000,18.50400000,8.58500000,9.91900000,795474.77720000,919081.14460000,HIGH_VOLUME_NODE
92658.70000000,17.71700000,7.95700000,9.76000000,737286.07160000,904349.88800000,HIGH_VOLUME_NODE
92658.80000000,13.54000000,6.81800000,6.72200000,631748.38020000,622853.12580000,HIGH_VOLUME_NODE
92659.40000000,40.40100000,20.14800000,20.25300000,1866903.60600000,1876632.85350000,HIGH_VOLUME_NODE
92659.60000000,30.17500000,14.01600000,16.15900000,1298717.67450000,1497287.07360000,HIGH_VOLUME_NODE
92659.70000000,14.42400000,6.98700000,7.43700000,647414.02260000,689110.93260000,HIGH_VOLUME_NODE
92659.80000000,13.02700000,7.80800000,5.21900000,723488.49920000,483592.01810000,HIGH_VOLUME_NODE
92659.90000000,35.86400000,19.61200000,16.25200000,1817247.92000000,1505910.32000000,HIGH_VOLUME_NODE
92660.10000000,31.00400000,16.86200000,14.14200000,1562435.77460000,1310399.82560000,HIGH_VOLUME_NODE
92660.60000000,13.51200000,4.14000000,9.37200000,383615.20240000,868415.68570000,HIGH_VOLUME_NODE
92660.80000000,25.65100000,5.84300000,19.80800000,541417.63870000,1835427.10720000,HIGH_VOLUME_NODE
92660.90000000,17.57800000,14.63100000,2.94700000,1355723.09100000,273071.96700000,HIGH_VOLUME_NODE
92661.10000000,24.19400000,9.30800000,14.88600000,862489.90750000,1379353.99090000,HIGH_VOLUME_NODE
92661.20000000,17.39500000,8.09700000,9.29800000,750278.54610000,861564.76740000,HIGH_VOLUME_NODE
92661.30000000,14.39000000,12.23500000,2.15500000,1133712.22900000,199685.31700000,HIGH_VOLUME_NODE
92661.60000000,24.81000000,5.44300000,19.36700000,504357.20620000,1794578.93770000,HIGH_VOLUME_NODE
92661.70000000,18.18600000,5.08500000,13.10100000,471185.25300000,1213962.24180000,HIGH_VOLUME_NODE
92661.80000000,33.85600000,29.87900000,3.97700000,2768644.91010000,368516.37630000,HIGH_VOLUME_NODE
92661.90000000,22.32900000,6.38900000,15.94000000,592017.51800000,1477032.28000000,HIGH_VOLUME_NODE
92662.10000000,32.31200000,16.27400000,16.03800000,1507983.73280000,1486115.73830000,HIGH_VOLUME_NODE
92662.20000000,13.33300000,5.90100000,7.43200000,546800.23230000,688666.21360000,HIGH_VOLUME_NODE
92662.30000000,15.22700000,5.30400000,9.92300000,491481.36960000,919488.99520000,HIGH_VOLUME_NODE
92662.40000000,16.25800000,8.91700000,7.34100000,826271.51250000,680235.41250000,HIGH_VOLUME_NODE
92662.60000000,23.23600000,11.57400000,11.66200000,1072477.42200000,1080632.03320000,HIGH_VOLUME_NODE
92663.10000000,19.28000000,10.74100000,8.53900000,995295.05220000,791250.57860000,HIGH_VOLUME_NODE
92663.20000000,14.09600000,12.07200000,2.02400000,1118631.35760000,187550.51920000,HIGH_VOLUME_NODE
92663.60000000,16.21600000,4.90700000,11.30900000,454700.54520000,1047933.01980000,HIGH_VOLUME_NODE
92663.90000000,21.33000000,9.75800000,11.57200000,904215.31200000,1072307.80800000,HIGH_VOLUME_NODE
92664.10000000,19.56900000,11.08000000,8.48900000,1026718.31530000,786626.20790000,HIGH_VOLUME_NODE
92664.60000000,20.94500000,8.74300000,12.20200000,810167.21880000,1130694.28760000,HIGH_VOLUME_NODE
92664.70000000,18.69600000,5.03400000,13.66200000,466474.60320000,1265986.49760000,HIGH_VOLUME_NODE
92664.80000000,12.73600000,8.58500000,4.15100000,795528.16650000,384651.99990000,HIGH_VOLUME_NODE
92665.40000000,13.84400000,7.57500000,6.26900000,701941.16250000,580920.01950000,HIGH_VOLUME_NODE
92665.60000000,20.31000000,11.62600000,8.68400000,1077330.36190000,804708.71860000,HIGH_VOLUME_NODE
92665.80000000,34.87000000,9.01500000,25.85500000,835383.08850000,2395876.84450000,HIGH_VOLUME_NODE
92665.90000000,62.85000000,35.55600000,27.29400000,3294832.29600000,2529225.80400000,HIGH_VOLUME_NODE
92666.10000000,28.60600000,10.30100000,18.30500000,954554.19070000,1696253.52450000,HIGH_VOLUME_NODE
92666.40000000,31.88500000,26.95100000,4.93400000,2497454.84150000,457216.51100000,HIGH_VOLUME_NODE
92666.60000000,39.59000000,23.11000000,16.48000000,2141526.28410000,1527146.52950000,HIGH_VOLUME_NODE
92666.70000000,24.40500000,3.55500000,20.85000000,329430.47400000,1932102.78000000,HIGH_VOLUME_NODE
92666.80000000,12.73200000,5.56800000,7.16400000,515969.29920000,663865.67160000,HIGH_VOLUME_NODE
92667.10000000,13.67300000,9.34400000,4.32900000,865881.60110000,401156.01020000,HIGH_VOLUME_NODE
92667.20000000,14.42600000,2.92100000,11.50500000,270681.18330000,1066137.28650000,HIGH_VOLUME_NODE
92667.60000000,53.65500000,31.58400000,22.07100000,2926814.26700000,2045266.93000000,HIGH_VOLUME_NODE
92667.80000000,32.30400000,11.26500000,21.03900000,1043903.89350000,1949639.94810000,HIGH_VOLUME_NODE
92667.90000000,37.07400000,12.12700000,24.94700000,1123784.83600000,2311788.59600000,HIGH_VOLUME_NODE
92668.10000000,46.24100000,35.78300000,10.45800000,3315942.92510000,969123.61400000,HIGH_VOLUME_NODE
92668.40000000,17.09500000,1.34800000,15.74700000,124917.13800000,1459250.86950000,HIGH_VOLUME_NODE
92668.60000000,31.89200000,26.09600000,5.79600000,2418280.65580000,537107.72500000,HIGH_VOLUME_NODE
92669.10000000,22.86700000,4.09400000,18.77300000,379387.54430000,1739678.01680000,HIGH_VOLUME_NODE
92669.30000000,24.31900000,9.81200000,14.50700000,909272.15280000,1344354.98580000,HIGH_VOLUME_NODE
92669.60000000,25.82800000,8.25100000,17.57700000,764617.09220000,1628854.76790000,HIGH_VOLUME_NODE
92669.90000000,25.87300000,16.08200000,9.79100000,1490318.94000000,907331.97000000,HIGH_VOLUME_NODE
92670.10000000,36.94000000,22.78800000,14.15200000,2111767.71340000,1311468.08940000,HIGH_VOLUME_NODE
92670.20000000,21.85900000,9.66200000,12.19700000,895380.43860000,1130299.64910000,HIGH_VOLUME_NODE
92670.60000000,17.47700000,5.96600000,11.51100000,552873.13300000,1066732.00490000,HIGH_VOLUME_NODE
92670.70000000,35.54800000,3.38200000,32.16600000,313412.64560000,2980848.95280000,HIGH_VOLUME_NODE
92670.80000000,26.77000000,24.80000000,1.97000000,2298238.32000000,182561.67300000,HIGH_VOLUME_NODE
92671.10000000,21.32000000,9.00200000,12.31800000,834225.76480000,1141523.38770000,HIGH_VOLUME_NODE
92671.30000000,13.85500000,1.48200000,12.37300000,137339.01480000,1146623.23220000,HIGH_VOLUME_NODE
92671.60000000,30.85500000,7.73100000,23.12400000,716444.62900000,2142939.55370000,HIGH_VOLUME_NODE
92671.90000000,14.62800000,1.27900000,13.34900000,118527.48800000,1237078.52800000,HIGH_VOLUME_NODE
92672.10000000,29.78700000,22.87800000,6.90900000,2120152.94550000,640271.85720000,HIGH_VOLUME_NODE
92672.20000000,18.62700000,2.31900000,16.30800000,214907.06370000,1511299.86840000,HIGH_VOLUME_NODE
92672.60000000,15.76400000,9.23400000,6.53000000,855739.44340000,605152.55640000,HIGH_VOLUME_NODE
92672.70000000,19.83100000,2.18100000,17.65000000,202119.37680000,1635674.92000000,HIGH_VOLUME_NODE
92672.80000000,16.46300000,7.48900000,8.97400000,694027.34810000,831646.60460000,HIGH_VOLUME_NODE
92672.90000000,34.95500000,19.81100000,15.14400000,1835944.80300000,1403439.91200000,HIGH_VOLUME_NODE
92673.10000000,14.10900000,12.15300000,1.95600000,1126256.90040000,181268.67480000,HIGH_VOLUME_NODE
92673.30000000,17.24500000,4.03400000,13.21100000,373844.49560000,1224308.28740000,HIGH_VOLUME_NODE
92673.80000000,15.89100000,8.43500000,7.45600000,781704.34650000,690976.59840000,HIGH_VOLUME_NODE
92673.90000000,12.56400000,5.26600000,7.29800000,488021.28400000,676334.85200000,HIGH_VOLUME_NODE
92674.10000000,23.32800000,9.53000000,13.79800000,883184.55140000,1278718.17430000,HIGH_VOLUME_NODE
92674.60000000,26.25400000,19.28600000,6.96800000,1787322.40090000,645757.14340000,HIGH_VOLUME_NODE
92674.80000000,14.82600000,6.63400000,8.19200000,614805.28660000,759192.78080000,HIGH_VOLUME_NODE
92674.90000000,16.07300000,7.02800000,9.04500000,651319.90000000,838245.37500000,HIGH_VOLUME_NODE
92675.10000000,13.68800000,8.47900000,5.20900000,785792.92420000,482744.95650000,HIGH_VOLUME_NODE
92675.20000000,12.37100000,5.56500000,6.80600000,515738.04450000,630748.09180000,HIGH_VOLUME_NODE
92675.40000000,12.19300000,3.92300000,8.27000000,363565.98650000,766426.38500000,HIGH_VOLUME_NODE
92675.60000000,50.41900000,19.77200000,30.64700000,1832383.39790000,2840229.76950000,HIGH_VOLUME_NODE
92675.70000000,15.85000000,3.89300000,11.95700000,360786.88940000,1108124.54060000,HIGH_VOLUME_NODE
92675.80000000,14.78800000,6.73000000,8.05800000,623708.80700000,746782.40220000,HIGH_VOLUME_NODE
92676.10000000,29.82800000,6.28500000,23.54300000,582469.75470000,2181875.14300000,HIGH_VOLUME_NODE
92676.60000000,25.36900000,11.46100000,13.90800000,1062166.85320000,1288946.56310000,HIGH_VOLUME_NODE
92677.10000000,44.13900000,20.87800000,23.26100000,1934913.01860000,2155763.64540000,HIGH_VOLUME_NODE
92677.60000000,16.05200000,8.34100000,7.71100000,773024.17910000,714637.41130000,HIGH_VOLUME_NODE
92678.10000000,40.80800000,11.57800000,29.23000000,1073028.09380000,2708981.86000000,HIGH_VOLUME_NODE
92678.30000000,16.11100000,3.95300000,12.15800000,366357.71520000,1126783.98720000,HIGH_VOLUME_NODE
92678.60000000,19.40800000,10.74600000,8.66200000,995924.99370000,802782.15010000,HIGH_VOLUME_NODE
92679.10000000,17.21000000,8.11100000,9.09900000,751720.80140000,843287.54290000,HIGH_VOLUME_NODE
92679.60000000,17.59000000,9.37400000,8.21600000,868779.13780000,761456.11190000,HIGH_VOLUME_NODE
92679.80000000,13.54800000,2.00200000,11.54600000,185545.15980000,1070082.12540000,HIGH_VOLUME_NODE
92679.90000000,43.74500000,20.13500000,23.61000000,1866111.80000000,2188174.80000000,HIGH_VOLUME_NODE
92680.10000000,35.54900000,16.56000000,18.98900000,1534783.52620000,1759903.62470000,HIGH_VOLUME_NODE
92680.20000000,16.28400000,10.19700000,6.08700000,945061.01910000,564144.98610000,HIGH_VOLUME_NODE
92680.30000000,16.62700000,12.85500000,3.77200000,1191406.54200000,349590.46880000,HIGH_VOLUME_NODE
92680.60000000,29.84400000,5.75000000,24.09400000,532913.67150000,2233047.44510000,HIGH_VOLUME_NODE
92680.70000000,24.54800000,10.36600000,14.18200000,960729.17280000,1314399.10560000,HIGH_VOLUME_NODE
92680.80000000,19.21000000,10.17800000,9.03200000,943306.20020000,837093.88880000,HIGH_VOLUME_NODE
92681.10000000,30.42000000,16.90700000,13.51300000,1566959.58570000,1252400.42670000,HIGH_VOLUME_NODE
92681.20000000,14.86400000,12.79700000,2.06700000,1186042.59610000,191572.24710000,HIGH_VOLUME_NODE
92681.60000000,16.04500000,3.60800000,12.43700000,334395.29060000,1152681.92320000,HIGH_VOLUME_NODE
92681.90000000,16.48300000,7.81600000,8.66700000,724402.51200000,803274.89400000,HIGH_VOLUME_NODE
92682.10000000,15.66500000,5.10200000,10.56300000,472864.21810000,979001.64510000,HIGH_VOLUME_NODE
92682.20000000,17.89900000,13.77700000,4.12200000,1276884.04710000,382036.44060000,HIGH_VOLUME_NODE
92682.30000000,21.46900000,12.76000000,8.70900000,1182627.42400000,807171.02160000,HIGH_VOLUME_NODE
92682.40000000,29.54300000,14.55000000,14.99300000,1348530.37500000,1389588.72250000,HIGH_VOLUME_NODE
92682.60000000,26.92100000,7.46000000,19.46100000,691412.41150000,1803697.03850000,HIGH_VOLUME_NODE
92682.70000000,18.63200000,8.97400000,9.65800000,831735.44720000,895130.48240000,HIGH_VOLUME_NODE
92682.80000000,16.40700000,9.17300000,7.23400000,850180.24170000,670468.09860000,HIGH_VOLUME_NODE
92682.90000000,21.09500000,13.13600000,7.95900000,1217483.88800000,737663.99700000,HIGH_VOLUME_NODE
92683.10000000,27.46300000,13.39500000,14.06800000,1241490.72330000,1303866.81720000,HIGH_VOLUME_NODE
92683.20000000,12.71500000,6.59900000,6.11600000,611617.09670000,566851.06280000,HIGH_VOLUME_NODE
92683.40000000,32.55600000,8.08300000,24.47300000,749160.73050000,2268243.29550000,HIGH_VOLUME_NODE
92683.60000000,37.67000000,27.59000000,10.08000000,2557141.69940000,934251.17350000,HIGH_VOLUME_NODE
92683.70000000,20.70000000,7.96500000,12.73500000,738226.46700000,1180328.19300000,HIGH_VOLUME_NODE
92683.80000000,41.74500000,12.33200000,29.41300000,1142977.85480000,2726111.55070000,HIGH_VOLUME_NODE
92683.90000000,13.27100000,11.08700000,2.18400000,1027587.50800000,202421.85600000,HIGH_VOLUME_NODE
92684.10000000,19.58900000,10.86200000,8.72700000,1006735.43440000,808854.36350000,HIGH_VOLUME_NODE
92684.60000000,26.63300000,15.68100000,10.95200000,1453388.16060000,1015082.30620000,HIGH_VOLUME_NODE
92685.10000000,26.49800000,12.01800000,14.48000000,1113890.09940000,1342080.93910000,HIGH_VOLUME_NODE
92685.20000000,12.93700000,8.61900000,4.31800000,798854.60070000,400215.12540000,HIGH_VOLUME_NODE
92685.30000000,20.92900000,10.80200000,10.12700000,1001187.69080000,938625.04580000,HIGH_VOLUME_NODE
92685.40000000,13.04200000,7.57400000,5.46800000,701999.97700000,506804.31400000,HIGH_VOLUME_NODE
92685.60000000,35.70600000,17.04000000,18.66600000,1579363.62330000,1730070.37660000,HIGH_VOLUME_NODE
92685.70000000,17.34100000,11.55000000,5.79100000,1070520.99000000,536743.46780000,HIGH_VOLUME_NODE
92686.60000000,25.74400000,8.21200000,17.53200000,761142.84580000,1624982.73570000,HIGH_VOLUME_NODE
92686.80000000,14.39700000,3.60000000,10.79700000,333672.84000000,1000740.45930000,HIGH_VOLUME_NODE
92687.10000000,17.17300000,11.11100000,6.06200000,1029846.60740000,561869.50710000,HIGH_VOLUME_NODE
92687.20000000,22.79500000,11.70500000,11.09000000,1084904.84650000,1027902.15700000,HIGH_VOLUME_NODE
92687.30000000,32.52900000,20.66800000,11.86100000,1915663.18320000,1099365.25140000,HIGH_VOLUME_NODE
92687.60000000,33.18100000,20.22100000,12.96000000,1874237.51860000,1201232.07960000,HIGH_VOLUME_NODE
92687.80000000,13.37300000,3.90600000,9.46700000,362038.93740000,877476.34930000,HIGH_VOLUME_NODE
92687.90000000,23.17800000,14.11900000,9.05900000,1308661.87200000,839660.59200000,HIGH_VOLUME_NODE
92688.10000000,25.68200000,8.11100000,17.57100000,751793.39640000,1628623.31120000,HIGH_VOLUME_NODE
92688.30000000,13.37000000,6.98700000,6.38300000,647613.85080000,591630.05720000,HIGH_VOLUME_NODE
92688.60000000,13.55200000,5.16100000,8.39100000,478366.15770000,777750.52300000,HIGH_VOLUME_NODE
92688.80000000,16.23700000,5.61100000,10.62600000,520077.41790000,984912.25140000,HIGH_VOLUME_NODE
92688.90000000,14.98100000,9.61900000,5.36200000,891575.49100000,496998.41800000,HIGH_VOLUME_NODE
92689.10000000,30.53500000,16.85900000,13.67600000,1562646.99680000,1267616.56630000,HIGH_VOLUME_NODE
92689.70000000,15.03100000,9.74000000,5.29100000,902798.65200000,490421.73180000,HIGH_VOLUME_NODE
92689.80000000,25.04500000,13.25200000,11.79300000,1228326.55480000,1093091.99070000,HIGH_VOLUME_NODE
92689.90000000,35.35300000,22.16500000,13.18800000,2054473.85000000,1222395.72000000,HIGH_VOLUME_NODE
92690.10000000,33.50000000,25.29500000,8.20500000,2344597.38180000,760522.53820000,HIGH_VOLUME_NODE
92690.60000000,31.90200000,16.50000000,15.40200000,1529395.86160000,1427621.14980000,HIGH_VOLUME_NODE
92690.80000000,13.62700000,4.90700000,8.72000000,454834.24630000,808264.64800000,HIGH_VOLUME_NODE
92690.90000000,17.77100000,11.64700000,6.12400000,1079572.07700000,567639.68400000,HIGH_VOLUME_NODE
92691.10000000,23.39800000,13.35700000,10.04100000,1238075.42390000,930711.84850000,HIGH_VOLUME_NODE
92691.20000000,18.71400000,11.34800000,7.36600000,1051860.87240000,682764.11580000,HIGH_VOLUME_NODE
92691.30000000,26.92400000,13.81100000,13.11300000,1280160.92540000,1215462.32820000,HIGH_VOLUME_NODE
92691.40000000,19.60800000,16.10900000,3.49900000,1493167.37350000,324327.55850000,HIGH_VOLUME_NODE
92691.60000000,30.32700000,9.90600000,20.42100000,918203.52960000,1892856.60630000,HIGH_VOLUME_NODE
92691.70000000,15.49900000,6.14100000,9.35800000,569220.34380000,867409.86440000,HIGH_VOLUME_NODE
92691.80000000,16.16200000,11.74200000,4.42000000,1088388.28980000,409698.19800000,HIGH_VOLUME_NODE
92691.90000000,18.65000000,16.11100000,2.53900000,1493360.81200000,235344.98800000,HIGH_VOLUME_NODE
92692.10000000,15.47400000,9.86000000,5.61400000,913944.47480000,520373.69190000,HIGH_VOLUME_NODE
92692.60000000,20.01800000,9.55200000,10.46600000,885399.97070000,970121.10270000,HIGH_VOLUME_NODE
92693.10000000,61.16800000,25.34800000,35.82000000,2349585.76170000,3320266.94840000,HIGH_VOLUME_NODE
92693.30000000,15.34700000,6.96600000,8.38100000,645702.22440000,776863.38540000,HIGH_VOLUME_NODE
92693.40000000,13.06500000,6.23500000,6.83000000,577943.97250000,633096.60500000,HIGH_VOLUME_NODE
92693.60000000,39.82800000,19.32600000,20.50200000,1791397.06380000,1900405.44940000,HIGH_VOLUME_NODE
92693.70000000,25.17500000,15.74600000,9.42900000,1459556.57480000,874009.84020000,HIGH_VOLUME_NODE
92693.80000000,22.27800000,9.27600000,13.00200000,859828.61640000,1205206.08780000,HIGH_VOLUME_NODE
92694.10000000,31.21100000,24.99400000,6.21700000,2316797.87390000,576279.40270000,HIGH_VOLUME_NODE
92694.30000000,16.04100000,6.19900000,9.84200000,574612.58560000,912298.28480000,HIGH_VOLUME_NODE
92694.60000000,37.88800000,21.72900000,16.15900000,2014162.03550000,1497852.24660000,HIGH_VOLUME_NODE
92694.70000000,12.21300000,5.41400000,6.79900000,501849.64720000,630231.94520000,HIGH_VOLUME_NODE
92694.90000000,18.84300000,10.12400000,8.71900000,938444.18000000,808207.70500000,HIGH_VOLUME_NODE
92695.10000000,39.44200000,16.94800000,22.49400000,1570997.30980000,2085084.04380000,HIGH_VOLUME_NODE
92695.20000000,16.20300000,8.38500000,7.81800000,777250.09050000,724691.85540000,HIGH_VOLUME_NODE
92695.30000000,19.08500000,3.14300000,15.94200000,291341.64220000,1477750.06680000,HIGH_VOLUME_NODE
92695.40000000,12.83600000,6.66100000,6.17500000,617444.72550000,572394.71250000,HIGH_VOLUME_NODE
92695.60000000,14.51500000,7.29400000,7.22100000,676122.20000000,669355.38210000,HIGH_VOLUME_NODE
92695.90000000,13.81400000,6.46500000,7.34900000,599279.64000000,681222.90400000,HIGH_VOLUME_NODE
92696.10000000,26.89100000,14.92200000,11.96900000,1383211.98790000,1109480.09470000,HIGH_VOLUME_NODE
92696.30000000,15.43700000,9.69500000,5.74200000,898691.59800000,532262.72880000,HIGH_VOLUME_NODE
92696.60000000,26.50600000,19.45400000,7.05200000,1803320.04340000,653696.77680000,HIGH_VOLUME_NODE
92696.80000000,15.64900000,7.64300000,8.00600000,708482.40670000,742131.38140000,HIGH_VOLUME_NODE
92696.90000000,27.10100000,20.84500000,6.25600000,1932268.96500000,579912.43200000,HIGH_VOLUME_NODE
92697.10000000,48.12800000,36.64700000,11.48100000,3397073.22650000,1064255.68170000,HIGH_VOLUME_NODE
92697.30000000,13.56300000,3.67000000,9.89300000,340199.45800000,917055.37820000,HIGH_VOLUME_NODE
92697.60000000,38.37700000,13.93500000,24.44200000,1291741.50000000,2265715.03690000,HIGH_VOLUME_NODE
92698.10000000,23.32700000,7.99100000,15.33600000,740751.20850000,1421618.57870000,HIGH_VOLUME_NODE
92698.40000000,15.50600000,9.59400000,5.91200000,889349.40900000,548033.53200000,HIGH_VOLUME_NODE
92698.60000000,17.35000000,7.46000000,9.89000000,691531.91950000,916789.63120000,HIGH_VOLUME_NODE
92698.80000000,15.68300000,7.36200000,8.32100000,682449.30180000,771347.54690000,HIGH_VOLUME_NODE
92698.90000000,39.58000000,27.02200000,12.55800000,2504912.37800000,1164114.04200000,HIGH_VOLUME_NODE
92699.10000000,31.70400000,18.03200000,13.67200000,1671551.74460000,1267382.29460000,HIGH_VOLUME_NODE
92699.60000000,14.54300000,5.20500000,9.33800000,482501.67050000,865629.32260000,HIGH_VOLUME_NODE
92699.70000000,13.41200000,8.93700000,4.47500000,828458.11260000,414831.60500000,HIGH_VOLUME_NODE
92699.80000000,61.77600000,11.08600000,50.69000000,1027671.09140000,4698957.93100000,HIGH_VOLUME_NODE
92699.90000000,331.82100000,191.38700000,140.43400000,17741574.90000000,13018231.80000000,HIGH_VOLUME_NODE
92700.10000000,59.33300000,40.15800000,19.17500000,3722650.98420000,1777525.09890000,HIGH_VOLUME_NODE
92700.40000000,15.65100000,6.29600000,9.35500000,583642.34800000,867213.17750000,HIGH_VOLUME_NODE
92700.60000000,29.24500000,13.69300000,15.55200000,1269349.67010000,1441680.57300000,HIGH_VOLUME_NODE
92700.70000000,22.67200000,4.11600000,18.55600000,381556.49280000,1720156.04480000,HIGH_VOLUME_NODE
92700.80000000,20.37500000,9.87600000,10.49900000,915514.08840000,973266.74910000,HIGH_VOLUME_NODE
92700.90000000,17.83000000,12.74500000,5.08500000,1181474.24500000,471384.58500000,HIGH_VOLUME_NODE
92701.10000000,12.74200000,2.41900000,10.32300000,224244.07610000,956954.15760000,HIGH_VOLUME_NODE
92701.60000000,17.97700000,10.51200000,7.46500000,974479.76330000,692018.01680000,HIGH_VOLUME_NODE
92701.70000000,14.78600000,7.63100000,7.15500000,707407.43580000,663281.37900000,HIGH_VOLUME_NODE
92701.80000000,14.55800000,9.75100000,4.80700000,903936.22690000,445618.03330000,HIGH_VOLUME_NODE
92701.90000000,14.30200000,1.94600000,12.35600000,180398.09200000,1145425.91200000,HIGH_VOLUME_NODE
92702.10000000,25.88600000,12.34100000,13.54500000,1144036.99080000,1255650.28960000,HIGH_VOLUME_NODE
92702.20000000,26.76500000,2.92200000,23.84300000,270876.12060000,2210300.93890000,HIGH_VOLUME_NODE
92702.30000000,16.08400000,11.64200000,4.44200000,1079241.34080000,411784.06080000,HIGH_VOLUME_NODE
92702.60000000,27.15300000,13.23800000,13.91500000,1227197.63210000,1289956.94690000,HIGH_VOLUME_NODE
92702.80000000,14.51400000,2.80900000,11.70500000,260402.44610000,1085087.44450000,HIGH_VOLUME_NODE
92702.90000000,21.74800000,10.43600000,11.31200000,967448.50800000,1048656.33600000,HIGH_VOLUME_NODE
92703.10000000,53.51700000,22.89700000,30.62000000,2122624.43070000,2838569.94300000,HIGH_VOLUME_NODE
92703.20000000,14.15500000,6.20000000,7.95500000,574760.46000000,737454.75150000,HIGH_VOLUME_NODE
92703.60000000,22.24600000,3.14100000,19.10500000,291182.14670000,1771103.31650000,HIGH_VOLUME_NODE
92703.70000000,12.36300000,5.78700000,6.57600000,536476.89060000,609620.18880000,HIGH_VOLUME_NODE
92704.10000000,21.86900000,10.76300000,11.10600000,997774.97370000,1029572.05450000,HIGH_VOLUME_NODE
92704.40000000,22.36900000,6.94400000,15.42500000,643740.04800000,1429966.91250000,HIGH_VOLUME_NODE
92704.60000000,26.17900000,15.72400000,10.45500000,1457687.38290000,969226.93370000,HIGH_VOLUME_NODE
92704.70000000,12.99500000,2.17700000,10.81800000,201818.34960000,1002880.52640000,HIGH_VOLUME_NODE
92705.10000000,32.63600000,12.41000000,20.22600000,1150470.78810000,1875054.61830000,HIGH_VOLUME_NODE
92705.20000000,19.21300000,9.56300000,9.65000000,886540.78390000,894606.14500000,HIGH_VOLUME_NODE
92705.30000000,21.55300000,15.66000000,5.89300000,1451766.56400000,546312.92220000,HIGH_VOLUME_NODE
92705.60000000,19.83300000,6.88200000,12.95100000,638000.15100000,1200631.19340000,HIGH_VOLUME_NODE
92706.10000000,40.93200000,7.46800000,33.46400000,692329.47180000,3102319.38800000,HIGH_VOLUME_NODE
92706.30000000,12.58100000,5.39400000,7.18700000,500058.32160000,666280.89680000,HIGH_VOLUME_NODE
92706.40000000,16.79200000,3.94800000,12.84400000,366005.26200000,1190722.28600000,HIGH_VOLUME_NODE
92706.60000000,16.49300000,10.65400000,5.83900000,987696.47070000,541314.08640000,HIGH_VOLUME_NODE
92707.10000000,21.61800000,14.04000000,7.57800000,1301607.89930000,702534.87160000,HIGH_VOLUME_NODE
92707.40000000,14.37600000,1.82600000,12.55000000,169283.89500000,1163479.12500000,HIGH_VOLUME_NODE
92707.60000000,34.67100000,11.19600000,23.47500000,1037954.95420000,2176312.34900000,HIGH_VOLUME_NODE
92707.80000000,16.86100000,10.52300000,6.33800000,975565.23170000,587582.67020000,HIGH_VOLUME_NODE
92707.90000000,17.48200000,9.95200000,7.53000000,922630.01600000,698091.24000000,HIGH_VOLUME_NODE
92708.10000000,31.88100000,8.92200000,22.95900000,827142.12860000,2128486.09650000,HIGH_VOLUME_NODE
92708.40000000,13.14900000,2.75900000,10.39000000,255782.75150000,963241.31500000,HIGH_VOLUME_NODE
92708.60000000,20.13500000,6.32500000,13.81000000,586382.21000000,1280306.19830000,HIGH_VOLUME_NODE
92708.90000000,23.87300000,5.14100000,18.73200000,476616.96900000,1736624.98800000,HIGH_VOLUME_NODE
92709.10000000,20.90300000,14.01800000,6.88500000,1299596.34460000,638302.58100000,HIGH_VOLUME_NODE
92709.60000000,19.25600000,13.27500000,5.98100000,1230720.54290000,554496.45870000,HIGH_VOLUME_NODE
92709.70000000,20.79700000,9.24200000,11.55500000,856823.97160000,1071261.73900000,HIGH_VOLUME_NODE
92709.90000000,25.20400000,7.14000000,18.06400000,661949.40000000,1674713.44000000,HIGH_VOLUME_NODE
92710.10000000,23.08400000,7.73300000,15.35100000,716927.53140000,1423193.74760000,HIGH_VOLUME_NODE
92710.20000000,14.28900000,4.29700000,9.99200000,398376.15910000,926361.31760000,HIGH_VOLUME_NODE
92710.60000000,26.49700000,18.43500000,8.06200000,1709121.52710000,747433.37930000,HIGH_VOLUME_NODE
92710.70000000,22.15900000,6.09600000,16.06300000,565165.03680000,1489213.58040000,HIGH_VOLUME_NODE
92710.80000000,25.29000000,2.13800000,23.15200000,198215.90420000,2146442.75680000,HIGH_VOLUME_NODE
92710.90000000,30.55900000,14.40200000,16.15700000,1335223.82200000,1497931.62700000,HIGH_VOLUME_NODE
92711.10000000,37.54200000,14.70900000,22.83300000,1363688.67000000,2116872.91570000,HIGH_VOLUME_NODE
92711.20000000,16.90100000,1.23000000,15.67100000,114034.89900000,1452878.78230000,HIGH_VOLUME_NODE
92711.30000000,17.08100000,11.99100000,5.09000000,1111702.39740000,471901.02600000,HIGH_VOLUME_NODE
92711.40000000,13.39200000,10.53800000,2.85400000,976993.78700000,264598.62100000,HIGH_VOLUME_NODE
92711.60000000,38.60400000,18.00400000,20.60000000,1669180.49300000,1909860.49710000,HIGH_VOLUME_NODE
92711.90000000,30.84000000,18.47000000,12.37000000,1712390.64000000,1146847.44000000,HIGH_VOLUME_NODE
92712.10000000,14.48700000,5.37100000,9.11600000,497956.95470000,845163.68280000,HIGH_VOLUME_NODE
92712.60000000,37.50900000,20.11300000,17.39600000,1864729.75830000,1612829.05540000,HIGH_VOLUME_NODE
92712.70000000,30.56400000,11.09400000,19.47000000,1028555.80320000,1805118.21600000,HIGH_VOLUME_NODE
92712.80000000,16.47900000,11.72300000,4.75600000,1086873.32670000,440942.55240000,HIGH_VOLUME_NODE
92712.90000000,13.51000000,4.70700000,8.80300000,436400.09100000,816152.53900000,HIGH_VOLUME_NODE
92713.10000000,17.27700000,6.28300000,10.99400000,582516.82850000,1019288.24340000,HIGH_VOLUME_NODE
92713.60000000,23.85300000,13.43200000,10.42100000,1245329.98980000,966169.27110000,HIGH_VOLUME_NODE
92713.70000000,12.55600000,2.65700000,9.89900000,246340.56660000,917773.90620000,HIGH_VOLUME_NODE
92714.10000000,19.03900000,11.80000000,7.23900000,1094027.24080000,671157.58220000,HIGH_VOLUME_NODE
92714.40000000,17.74000000,11.87100000,5.86900000,1100613.82950000,544141.40050000,HIGH_VOLUME_NODE
92714.80000000,17.29800000,0.75600000,16.54200000,70092.46440000,1533689.87580000,HIGH_VOLUME_NODE
92714.90000000,19.19400000,13.91800000,5.27600000,1290407.37000000,489164.34000000,HIGH_VOLUME_NODE
92715.10000000,55.49300000,35.25000000,20.24300000,3268209.19630000,1876832.34860000,HIGH_VOLUME_NODE
92715.60000000,25.20500000,15.66900000,9.53600000,1452762.01650000,884136.52130000,HIGH_VOLUME_NODE
92716.30000000,12.46800000,8.15200000,4.31600000,755824.09280000,400163.98240000,HIGH_VOLUME_NODE
92716.40000000,14.35000000,3.37200000,10.97800000,312640.03800000,1017841.73700000,HIGH_VOLUME_NODE
92716.60000000,16.98300000,5.52900000,11.45400000,512630.35960000,1061976.34130000,HIGH_VOLUME_NODE
92716.90000000,13.26100000,4.42400000,8.83700000,410180.00800000,819340.12900000,HIGH_VOLUME_NODE
92717.10000000,19.55500000,10.17000000,9.38500000,942933.21020000,870150.27790000,HIGH_VOLUME_NODE
92717.40000000,12.29300000,2.48700000,9.80600000,230588.42250000,909187.80500000,HIGH_VOLUME_NODE
92717.60000000,26.92400000,21.64500000,5.27900000,2006872.77550000,489456.43350000,HIGH_VOLUME_NODE
92717.90000000,13.14100000,4.68400000,8.45700000,434291.11200000,784116.12600000,HIGH_VOLUME_NODE
92718.10000000,32.59700000,9.66900000,22.92800000,896491.84080000,2125842.67730000,HIGH_VOLUME_NODE
92718.20000000,13.93600000,9.68300000,4.25300000,897791.29890000,394330.92990000,HIGH_VOLUME_NODE
92718.30000000,13.93600000,2.67700000,11.25900000,248207.15680000,1043916.46560000,HIGH_VOLUME_NODE
92718.60000000,16.84100000,8.26300000,8.57800000,766134.34590000,795340.79890000,HIGH_VOLUME_NODE
92718.70000000,18.05200000,4.85700000,13.19500000,450335.21160000,1223424.56600000,HIGH_VOLUME_NODE
92719.60000000,20.71100000,9.29500000,11.41600000,861829.14080000,1058487.42050000,HIGH_VOLUME_NODE
92719.70000000,30.22000000,17.09200000,13.12800000,1584766.82160000,1217225.53440000,HIGH_VOLUME_NODE
92719.80000000,30.03200000,13.59600000,16.43600000,1260619.76040000,1523944.27640000,HIGH_VOLUME_NODE
92719.90000000,100.97500000,62.05100000,38.92400000,5753368.72000000,3609033.28000000,HIGH_VOLUME_NODE
92720.10000000,23.24400000,13.29400000,9.95000000,1232621.18280000,922565.36840000,HIGH_VOLUME_NODE
92720.60000000,27.42400000,22.06300000,5.36100000,2045696.43770000,497075.25130000,HIGH_VOLUME_NODE
92720.80000000,14.93900000,6.22100000,8.71800000,576816.71890000,808340.80620000,HIGH_VOLUME_NODE
92720.90000000,17.83700000,5.16000000,12.67700000,478440.36000000,1175424.11700000,HIGH_VOLUME_NODE
92721.10000000,52.51600000,31.54500000,20.97100000,2924888.50560000,1944455.69320000,HIGH_VOLUME_NODE
92721.30000000,14.17800000,7.60600000,6.57200000,705238.96840000,609365.04080000,HIGH_VOLUME_NODE
92721.60000000,74.76300000,25.11300000,49.65000000,2328519.30640000,4603628.77110000,HIGH_VOLUME_NODE
92721.70000000,28.50700000,8.38200000,20.12500000,777194.12760000,1866026.22500000,HIGH_VOLUME_NODE
92721.90000000,13.65500000,6.97500000,6.68000000,646735.95000000,619382.96000000,HIGH_VOLUME_NODE
92722.10000000,23.31400000,9.25700000,14.05700000,858329.13420000,1303395.36220000,HIGH_VOLUME_NODE
92722.60000000,18.66100000,11.24900000,7.41200000,1043036.99730000,687260.10470000,HIGH_VOLUME_NODE
92723.10000000,18.06700000,7.95200000,10.11500000,737334.42580000,937894.80490000,HIGH_VOLUME_NODE
92723.40000000,13.06900000,2.67100000,10.39800000,247664.46850000,964138.95300000,HIGH_VOLUME_NODE
92723.60000000,24.16900000,8.07300000,16.09600000,748557.77240000,1492480.35340000,HIGH_VOLUME_NODE
92723.70000000,17.95600000,14.71700000,3.23900000,1364616.16460000,300332.38820000,HIGH_VOLUME_NODE
92723.90000000,14.22200000,5.11000000,9.11200000,473819.64000000,844901.08800000,HIGH_VOLUME_NODE
92724.10000000,20.71800000,4.71300000,16.00500000,437008.92180000,1484049.89750000,HIGH_VOLUME_NODE
92724.20000000,44.50600000,9.09600000,35.41000000,843420.23280000,3283367.46300000,HIGH_VOLUME_NODE
92724.30000000,25.72700000,19.48500000,6.24200000,1806734.93400000,578785.70480000,HIGH_VOLUME_NODE
92724.60000000,13.41200000,8.21100000,5.20100000,761362.26130000,482261.07420000,HIGH_VOLUME_NODE
92724.90000000,21.89200000,5.18100000,16.71100000,480408.22500000,1549527.47500000,HIGH_VOLUME_NODE
92725.10000000,40.90600000,19.12500000,21.78100000,1773368.11520000,2019646.29410000,HIGH_VOLUME_NODE
92725.60000000,21.79600000,10.62300000,11.17300000,985024.71520000,1036023.47060000,HIGH_VOLUME_NODE
92725.70000000,14.68700000,3.88600000,10.80100000,360332.45880000,1001531.36580000,HIGH_VOLUME_NODE
92725.80000000,15.70900000,13.20500000,2.50400000,1224445.50950000,232185.65360000,HIGH_VOLUME_NODE
92725.90000000,15.07100000,8.66700000,6.40400000,803656.24200000,593817.30400000,HIGH_VOLUME_NODE
92726.10000000,29.16400000,17.62200000,11.54200000,1634019.96100000,1070245.17520000,HIGH_VOLUME_NODE
92726.30000000,14.19100000,9.15500000,5.03600000,848910.19200000,466970.15040000,HIGH_VOLUME_NODE
92726.40000000,16.24100000,13.74000000,2.50100000,1274062.11000000,231908.97650000,HIGH_VOLUME_NODE
92726.60000000,24.25400000,11.20600000,13.04800000,1039094.86420000,1209897.74760000,HIGH_VOLUME_NODE
92726.70000000,15.89700000,10.38200000,5.51500000,962689.63760000,511388.30200000,HIGH_VOLUME_NODE
92726.90000000,28.38300000,12.07400000,16.30900000,1119585.79800000,1512284.64300000,HIGH_VOLUME_NODE
92727.10000000,52.37600000,23.15000000,29.22600000,2146633.15600000,2710043.65120000,HIGH_VOLUME_NODE
92727.20000000,16.60600000,13.27800000,3.32800000,1231233.08940000,308596.45440000,HIGH_VOLUME_NODE
92727.30000000,19.45200000,6.36400000,13.08800000,590117.17360000,1213616.21120000,HIGH_VOLUME_NODE
92727.40000000,34.43100000,21.52600000,12.90500000,1996052.16500000,1196648.38750000,HIGH_VOLUME_NODE
92727.60000000,24.76700000,18.58400000,6.18300000,1723250.20740000,573335.04640000,HIGH_VOLUME_NODE
92727.80000000,12.88200000,7.33700000,5.54500000,680344.60230000,514176.20550000,HIGH_VOLUME_NODE
92728.10000000,16.98900000,9.78900000,7.20000000,907715.96560000,667642.67020000,HIGH_VOLUME_NODE
92728.60000000,25.12700000,5.79700000,19.33000000,537547.90740000,1792445.57660000,HIGH_VOLUME_NODE
92728.70000000,32.55000000,25.02700000,7.52300000,2320723.67760000,697598.76240000,HIGH_VOLUME_NODE
92729.10000000,21.53100000,9.27400000,12.25700000,859970.28060000,1136580.96570000,HIGH_VOLUME_NODE
92729.40000000,15.70900000,2.78500000,12.92400000,258251.65750000,1198436.05800000,HIGH_VOLUME_NODE
92729.60000000,23.81700000,14.90500000,8.91200000,1382134.96890000,826406.57650000,HIGH_VOLUME_NODE
92729.80000000,28.16600000,4.54200000,23.62400000,421179.20580000,2190651.15760000,HIGH_VOLUME_NODE
92729.90000000,34.13200000,27.75400000,6.37800000,2573628.42000000,591431.94000000,HIGH_VOLUME_NODE
92730.10000000,19.93500000,10.64300000,9.29200000,986926.61140000,861648.38420000,HIGH_VOLUME_NODE
92730.20000000,17.35100000,6.27400000,11.07700000,581789.90220000,1027173.53310000,HIGH_VOLUME_NODE
92730.30000000,12.63500000,6.11200000,6.52300000,566768.20480000,604880.39920000,HIGH_VOLUME_NODE
92730.40000000,15.54700000,8.70600000,6.84100000,807311.73300000,634369.35050000,HIGH_VOLUME_NODE
92730.60000000,31.29600000,15.19600000,16.10000000,1409135.09070000,1492963.32950000,HIGH_VOLUME_NODE
92730.80000000,16.23500000,6.97700000,9.25800000,646983.48930000,858502.67220000,HIGH_VOLUME_NODE
92730.90000000,15.31800000,10.48300000,4.83500000,972099.07300000,448354.38500000,HIGH_VOLUME_NODE
92731.10000000,13.57400000,7.52200000,6.05200000,697523.53950000,561208.96140000,HIGH_VOLUME_NODE
92731.20000000,12.92800000,5.25100000,7.67700000,486932.05630000,711898.19010000,HIGH_VOLUME_NODE
92731.30000000,20.65900000,7.27400000,13.38500000,674528.20360000,1241209.78900000,HIGH_VOLUME_NODE
92731.40000000,27.22000000,17.16600000,10.05400000,1591828.92900000,932322.50100000,HIGH_VOLUME_NODE
92731.60000000,23.88000000,6.41900000,17.46100000,595244.64660000,1619187.54610000,HIGH_VOLUME_NODE
92731.70000000,14.46900000,10.93000000,3.53900000,1013558.57400000,328177.84020000,HIGH_VOLUME_NODE
92731.80000000,16.01800000,5.82900000,10.18900000,540534.24510000,944845.32910000,HIGH_VOLUME_NODE
92731.90000000,19.20200000,15.25700000,3.94500000,1414812.12400000,365827.74000000,HIGH_VOLUME_NODE
92732.10000000,30.19100000,16.56700000,13.62400000,1536293.28190000,1263382.68570000,HIGH_VOLUME_NODE
92732.20000000,15.61200000,11.54800000,4.06400000,1070872.60040000,376864.06720000,HIGH_VOLUME_NODE
92732.30000000,17.59200000,4.05100000,13.54100000,375658.95240000,1255689.42840000,HIGH_VOLUME_NODE
92732.60000000,28.48000000,9.57500000,18.90500000,887915.17440000,1753110.03520000,HIGH_VOLUME_NODE
92732.70000000,12.31200000,10.97200000,1.34000000,1017464.28160000,124261.95200000,HIGH_VOLUME_NODE
92732.90000000,57.76200000,20.22600000,37.53600000,1875617.65800000,3480825.88800000,HIGH_VOLUME_NODE
92733.10000000,21.85600000,13.43900000,8.41700000,1246240.68090000,780534.66240000,HIGH_VOLUME_NODE
92733.20000000,13.51900000,10.20600000,3.31300000,946436.05980000,307225.42290000,HIGH_VOLUME_NODE
92733.80000000,20.58800000,2.44400000,18.14400000,226641.65160000,1682563.88160000,HIGH_VOLUME_NODE
92734.70000000,30.89700000,13.82500000,17.07200000,1282058.61000000,1583168.50560000,HIGH_VOLUME_NODE
92734.80000000,29.53600000,14.50500000,15.03100000,1345119.72450000,1393898.28190000,HIGH_VOLUME_NODE
92734.90000000,35.29300000,14.24900000,21.04400000,1321381.01500000,1951515.34000000,HIGH_VOLUME_NODE
92735.10000000,16.21200000,8.07000000,8.14200000,748372.59200000,755049.36580000,HIGH_VOLUME_NODE
92735.20000000,25.06400000,7.43800000,17.62600000,689765.16140000,1634552.39780000,HIGH_VOLUME_NODE
92735.60000000,23.28600000,14.52500000,8.76100000,1346985.41810000,812457.03340000,HIGH_VOLUME_NODE
92735.80000000,15.40000000,2.38500000,13.01500000,221175.12150000,1206957.73850000,HIGH_VOLUME_NODE
92735.90000000,17.92800000,5.24800000,12.68000000,486678.52800000,1175892.48000000,HIGH_VOLUME_NODE
92736.10000000,49.84700000,29.84600000,20.00100000,2767801.89890000,1854816.09290000,HIGH_VOLUME_NODE
92736.20000000,19.74900000,14.30500000,5.44400000,1326592.77150000,504856.41720000,HIGH_VOLUME_NODE
92736.80000000,16.80400000,4.75100000,12.05300000,440593.01190000,1117757.85570000,HIGH_VOLUME_NODE
92736.90000000,14.87800000,6.64400000,8.23400000,616144.62800000,763596.45800000,HIGH_VOLUME_NODE
92737.10000000,12.45500000,6.71400000,5.74100000,622637.06660000,532403.97490000,HIGH_VOLUME_NODE
92737.40000000,14.87300000,9.36500000,5.50800000,868486.68750000,510798.15000000,HIGH_VOLUME_NODE
92737.60000000,15.94500000,7.84900000,8.09600000,727897.92570000,750803.94710000,HIGH_VOLUME_NODE
92737.80000000,14.71100000,6.90700000,7.80400000,640540.67530000,723726.57160000,HIGH_VOLUME_NODE
92738.10000000,15.63600000,10.02900000,5.60700000,930071.09050000,519982.85870000,HIGH_VOLUME_NODE
92738.60000000,29.98000000,14.37500000,15.60500000,1333118.39090000,1447186.09430000,HIGH_VOLUME_NODE
92738.90000000,20.08300000,15.56600000,4.51700000,1443575.27400000,418902.06300000,HIGH_VOLUME_NODE
92739.10000000,18.30000000,12.04800000,6.25200000,1117321.19780000,579805.34750000,HIGH_VOLUME_NODE
92739.20000000,20.54900000,10.96300000,9.58600000,1016700.94590000,888998.92980000,HIGH_VOLUME_NODE
92739.30000000,38.22300000,10.99800000,27.22500000,1019947.92120000,2524830.16500000,HIGH_VOLUME_NODE
92739.40000000,22.72300000,7.11400000,15.60900000,659748.80300000,1447570.85550000,HIGH_VOLUME_NODE
92739.60000000,31.57200000,24.54100000,7.03100000,2275923.59070000,652052.21500000,HIGH_VOLUME_NODE
92739.90000000,40.61600000,31.19000000,9.42600000,2892560.60000000,874167.24000000,HIGH_VOLUME_NODE
92740.10000000,22.37600000,17.94400000,4.43200000,1664129.56260000,411024.29210000,HIGH_VOLUME_NODE
92740.30000000,15.77300000,8.30400000,7.46900000,770116.28160000,692678.04760000,HIGH_VOLUME_NODE
92740.40000000,17.93000000,6.07300000,11.85700000,563213.05650000,1099624.10850000,HIGH_VOLUME_NODE
92740.60000000,23.35400000,12.78700000,10.56700000,1185874.76080000,979990.30290000,HIGH_VOLUME_NODE
92740.70000000,13.08200000,8.97100000,4.11100000,831977.71680000,381257.42880000,HIGH_VOLUME_NODE
92741.10000000,25.20000000,13.94000000,11.26000000,1292812.16250000,1044265.46560000,HIGH_VOLUME_NODE
92741.20000000,24.08800000,11.41000000,12.67800000,1058178.23300000,1175774.20140000,HIGH_VOLUME_NODE
92741.30000000,21.07900000,8.60900000,12.47000000,798410.71260000,1156485.25800000,HIGH_VOLUME_NODE
92741.40000000,15.35200000,11.22400000,4.12800000,1040930.59600000,382836.91200000,HIGH_VOLUME_NODE
92741.60000000,22.92200000,10.58100000,12.34100000,981299.15890000,1144524.19770000,HIGH_VOLUME_NODE
92741.70000000,14.71300000,2.28700000,12.42600000,212100.49660000,1152409.60680000,HIGH_VOLUME_NODE
92741.80000000,14.91300000,11.89400000,3.01900000,1103072.15860000,279987.79610000,HIGH_VOLUME_NODE
92742.10000000,16.25700000,7.77200000,8.48500000,720791.77110000,786917.46750000,HIGH_VOLUME_NODE
92742.30000000,13.88600000,3.54600000,10.34000000,328864.55040000,958956.41600000,HIGH_VOLUME_NODE
92742.40000000,21.89900000,6.63600000,15.26300000,615439.23000000,1415528.77750000,HIGH_VOLUME_NODE
92742.60000000,15.78400000,12.00900000,3.77500000,1113746.72490000,350103.49680000,HIGH_VOLUME_NODE
92743.10000000,20.76400000,17.27400000,3.49000000,1602045.30660000,323673.52870000,HIGH_VOLUME_NODE
92743.30000000,23.81800000,4.33400000,19.48400000,401949.89560000,1807012.40560000,HIGH_VOLUME_NODE
92743.60000000,18.43200000,11.05300000,7.37900000,1025095.86360000,684355.31380000,HIGH_VOLUME_NODE
92743.80000000,15.02300000,12.11100000,2.91200000,1123221.37290000,270070.23680000,HIGH_VOLUME_NODE
92744.10000000,28.03200000,19.42900000,8.60300000,1801926.44280000,797878.17910000,HIGH_VOLUME_NODE
92744.20000000,12.79700000,10.42100000,2.37600000,966488.35030000,220360.45680000,HIGH_VOLUME_NODE
92744.40000000,13.12200000,3.31700000,9.80500000,307633.50650000,909359.82250000,HIGH_VOLUME_NODE
92744.60000000,26.43000000,19.05100000,7.37900000,1766877.59220000,684363.06580000,HIGH_VOLUME_NODE
92744.80000000,14.66200000,6.40200000,8.26000000,593752.84980000,766072.87400000,HIGH_VOLUME_NODE
92744.90000000,14.15800000,7.95000000,6.20800000,737322.75000000,575760.96000000,HIGH_VOLUME_NODE
92745.10000000,68.65800000,34.87900000,33.77900000,3234857.72760000,3132837.28550000,HIGH_VOLUME_NODE
92745.40000000,14.50500000,7.03800000,7.46700000,652742.82900000,692530.64850000,HIGH_VOLUME_NODE
92745.60000000,28.51400000,12.29900000,16.21500000,1140678.35970000,1503871.24520000,HIGH_VOLUME_NODE
92745.70000000,21.76800000,9.48000000,12.28800000,879230.18400000,1139660.39040000,HIGH_VOLUME_NODE
92745.80000000,22.93800000,16.44000000,6.49800000,1524742.59600000,602662.85820000,HIGH_VOLUME_NODE
92745.90000000,17.75700000,11.65200000,6.10500000,1080676.39200000,566214.33000000,HIGH_VOLUME_NODE
92746.10000000,17.74700000,9.89800000,7.84900000,918001.60630000,727964.55950000,HIGH_VOLUME_NODE
92746.60000000,21.23100000,15.89500000,5.33600000,1474207.89950000,494896.15870000,HIGH_VOLUME_NODE
92746.70000000,26.61100000,21.41200000,5.19900000,1985894.48160000,482190.61320000,HIGH_VOLUME_NODE
92746.90000000,17.90400000,3.06900000,14.83500000,284640.54300000,1375901.74500000,HIGH_VOLUME_NODE
92747.10000000,15.46400000,7.69200000,7.77200000,713411.13010000,720830.98580000,HIGH_VOLUME_NODE
92747.20000000,16.58700000,11.53300000,5.05400000,1069654.61090000,468744.85420000,HIGH_VOLUME_NODE
92747.60000000,64.88100000,8.02500000,56.85600000,744300.01740000,5273260.03970000,HIGH_VOLUME_NODE
92747.70000000,18.59800000,10.25100000,8.34700000,950757.69780000,774165.88660000,HIGH_VOLUME_NODE
92747.80000000,27.93000000,22.05400000,5.87600000,2045462.18660000,544986.66040000,HIGH_VOLUME_NODE
92748.10000000,26.29900000,7.83900000,18.46000000,727052.89730000,1712130.06690000,HIGH_VOLUME_NODE
92749.10000000,12.17400000,5.66800000,6.50600000,525702.10960000,603425.99180000,HIGH_VOLUME_NODE
92749.60000000,31.35200000,15.75900000,15.59300000,1461641.82900000,1446244.94690000,HIGH_VOLUME_NODE
92749.70000000,15.33500000,4.63100000,10.70400000,429524.32380000,992793.85920000,HIGH_VOLUME_NODE
92749.80000000,38.77200000,6.79900000,31.97300000,630606.57010000,2965492.55270000,HIGH_VOLUME_NODE
92749.90000000,110.25400000,49.97100000,60.28300000,4634810.25000000,5591248.25000000,HIGH_VOLUME_NODE
92750.10000000,47.08400000,36.79200000,10.29200000,3412462.52000000,954584.46490000,HIGH_VOLUME_NODE
92750.40000000,13.18800000,6.03900000,7.14900000,560120.26950000,663073.32450000,HIGH_VOLUME_NODE
92750.60000000,12.35200000,5.02600000,7.32600000,466164.85470000,679491.42530000,HIGH_VOLUME_NODE
92750.90000000,15.93800000,3.81200000,12.12600000,353566.81200000,1124698.62600000,HIGH_VOLUME_NODE
92751.10000000,15.40100000,4.84700000,10.55400000,449564.84280000,978895.46410000,HIGH_VOLUME_NODE
92751.60000000,24.55000000,14.60400000,9.94600000,1354545.35280000,922507.62430000,HIGH_VOLUME_NODE
92752.10000000,27.22100000,18.73000000,8.49100000,1737247.83620000,787558.30920000,HIGH_VOLUME_NODE
92752.60000000,20.91700000,7.12600000,13.79100000,660955.49960000,1279151.65770000,HIGH_VOLUME_NODE
92752.70000000,13.34200000,2.78900000,10.55300000,258687.55920000,978820.29840000,HIGH_VOLUME_NODE
92752.80000000,13.95200000,11.34700000,2.60500000,1052467.15630000,241621.30450000,HIGH_VOLUME_NODE
92752.90000000,22.63200000,7.71900000,14.91300000,715960.40700000,1383225.48900000,HIGH_VOLUME_NODE
92753.10000000,31.06600000,4.98700000,26.07900000,462559.81390000,2418910.48310000,HIGH_VOLUME_NODE
92754.10000000,22.07100000,9.63900000,12.43200000,894057.34820000,1153119.52420000,HIGH_VOLUME_NODE
92754.60000000,17.52100000,5.34800000,12.17300000,496051.81170000,1129102.52150000,HIGH_VOLUME_NODE
92754.70000000,12.94000000,7.68200000,5.25800000,712542.37360000,487704.73840000,HIGH_VOLUME_NODE
92754.90000000,36.63000000,9.52600000,27.10400000,883584.13000000,2514031.52000000,HIGH_VOLUME_NODE
92755.10000000,25.86300000,22.54300000,3.32000000,2090978.40060000,307946.96940000,HIGH_VOLUME_NODE
92755.40000000,17.50800000,9.08400000,8.42400000,842590.96200000,781372.33200000,HIGH_VOLUME_NODE
92755.60000000,15.12600000,9.32100000,5.80500000,864575.44690000,538446.59550000,HIGH_VOLUME_NODE
92756.10000000,20.16000000,7.29000000,12.87000000,676192.31960000,1193771.67510000,HIGH_VOLUME_NODE
92756.30000000,15.79500000,7.50000000,8.29500000,695673.00000000,769414.33800000,HIGH_VOLUME_NODE
92756.40000000,21.24600000,17.42100000,3.82500000,1615910.98650000,354793.61250000,HIGH_VOLUME_NODE
92756.60000000,15.39000000,11.62900000,3.76100000,1078667.10620000,348857.67560000,HIGH_VOLUME_NODE
92757.10000000,18.27600000,9.60400000,8.67200000,890840.00160000,804389.97650000,HIGH_VOLUME_NODE
92757.20000000,92.09200000,81.01200000,11.08000000,7514454.38760000,1027750.88400000,HIGH_VOLUME_NODE
92757.60000000,20.80400000,8.61800000,12.18600000,799385.49270000,1130344.91510000,HIGH_VOLUME_NODE
92758.10000000,17.58700000,9.84000000,7.74700000,912740.47220000,718597.39840000,HIGH_VOLUME_NODE
92758.30000000,14.90000000,3.70500000,11.19500000,343669.87200000,1038430.28800000,HIGH_VOLUME_NODE
92758.70000000,12.68500000,6.35700000,6.32800000,589667.69160000,586977.68640000,HIGH_VOLUME_NODE
92758.90000000,17.73700000,8.30900000,9.42800000,770734.53100000,874531.85200000,HIGH_VOLUME_NODE
92759.10000000,48.67700000,18.95200000,29.72500000,1757971.58870000,2757266.28170000,HIGH_VOLUME_NODE
92759.60000000,12.22600000,7.78200000,4.44400000,721855.44010000,412224.01730000,HIGH_VOLUME_NODE
92759.90000000,39.92800000,23.66500000,16.26300000,2195165.40000000,1508555.88000000,HIGH_VOLUME_NODE
92760.90000000,17.88800000,4.52600000,13.36200000,419836.28600000,1239472.48200000,HIGH_VOLUME_NODE
92761.10000000,31.97800000,25.54000000,6.43800000,2369119.65230000,597196.18090000,HIGH_VOLUME_NODE
92761.60000000,16.58700000,10.06500000,6.52200000,933645.94850000,604991.32770000,HIGH_VOLUME_NODE
92761.80000000,16.03400000,3.79400000,12.24000000,351938.64860000,1135405.65600000,HIGH_VOLUME_NODE
92762.10000000,15.63000000,6.08300000,9.54700000,564272.07150000,885600.17100000,HIGH_VOLUME_NODE
92762.40000000,21.31900000,9.37100000,11.94800000,869277.38750000,1108326.35000000,HIGH_VOLUME_NODE
92762.60000000,24.66800000,10.51600000,14.15200000,975492.24920000,1312776.87430000,HIGH_VOLUME_NODE
92763.10000000,35.83900000,20.25100000,15.58800000,1878547.12140000,1445991.58800000,HIGH_VOLUME_NODE
92763.40000000,17.63700000,9.70600000,7.93100000,900362.53100000,735707.31850000,HIGH_VOLUME_NODE
92763.60000000,42.93000000,21.41200000,21.51800000,1986255.29360000,1996087.57040000,HIGH_VOLUME_NODE
92764.10000000,15.08000000,10.13300000,4.94700000,939979.04990000,458904.29270000,HIGH_VOLUME_NODE
92764.20000000,13.55400000,5.34800000,8.20600000,496103.47640000,761223.84580000,HIGH_VOLUME_NODE
92764.30000000,17.98200000,9.96200000,8.02000000,924118.95280000,743970.48800000,HIGH_VOLUME_NODE
92764.60000000,13.07800000,8.70800000,4.37000000,807794.62090000,405381.39340000,HIGH_VOLUME_NODE
92764.70000000,12.93400000,7.65100000,5.28300000,709743.48480000,490076.43840000,HIGH_VOLUME_NODE
92764.80000000,22.31900000,2.83900000,19.48000000,263359.55110000,1807060.25200000,HIGH_VOLUME_NODE
92765.10000000,20.66200000,5.45200000,15.21000000,505755.65080000,1410957.43520000,HIGH_VOLUME_NODE
92765.30000000,19.31000000,8.53700000,10.77300000,791938.21980000,999361.65420000,HIGH_VOLUME_NODE
92765.60000000,35.05600000,16.23200000,18.82400000,1505772.08780000,1746220.25970000,HIGH_VOLUME_NODE
92766.10000000,28.88500000,10.58800000,18.29700000,982207.64950000,1697343.08380000,HIGH_VOLUME_NODE
92766.60000000,14.29800000,9.29400000,5.00400000,862173.15080000,464204.15720000,HIGH_VOLUME_NODE
92766.90000000,29.08200000,8.75300000,20.32900000,811989.55100000,1885860.34300000,HIGH_VOLUME_NODE
92767.10000000,32.69900000,19.34200000,13.35700000,1794301.78830000,1239090.75630000,HIGH_VOLUME_NODE
92767.20000000,14.00700000,6.77700000,7.23000000,628683.99210000,670707.57900000,HIGH_VOLUME_NODE
92767.60000000,27.10700000,20.13500000,6.97200000,1867876.60450000,646775.95460000,HIGH_VOLUME_NODE
92767.80000000,19.57300000,11.11200000,8.46100000,1030836.90480000,784909.20190000,HIGH_VOLUME_NODE
92768.10000000,16.31400000,9.16000000,7.15400000,849756.43150000,663663.34660000,HIGH_VOLUME_NODE
92768.40000000,19.61200000,16.37700000,3.23500000,1519269.72450000,300106.09750000,HIGH_VOLUME_NODE
92768.60000000,22.97500000,16.64700000,6.32800000,1544319.17130000,587039.82190000,HIGH_VOLUME_NODE
92768.80000000,30.63300000,4.71300000,25.92000000,437219.82570000,2404569.88800000,HIGH_VOLUME_NODE
92769.20000000,15.63600000,14.24100000,1.39500000,1321127.60130000,129413.17350000,HIGH_VOLUME_NODE
92769.60000000,16.65300000,11.93700000,4.71600000,1107391.44790000,437501.63660000,HIGH_VOLUME_NODE
92769.90000000,84.40900000,14.39100000,70.01800000,1335053.07000000,6495569.86000000,HIGH_VOLUME_NODE
92770.10000000,28.31600000,22.52700000,5.78900000,2089832.52320000,537046.25900000,HIGH_VOLUME_NODE
92770.90000000,18.88000000,3.49300000,15.38700000,324049.10300000,1427467.37700000,HIGH_VOLUME_NODE
92771.10000000,42.34300000,28.37200000,13.97100000,2632103.24850000,1296105.40610000,HIGH_VOLUME_NODE
92771.70000000,15.91400000,1.42000000,14.49400000,131735.95600000,1344634.46920000,HIGH_VOLUME_NODE
92771.90000000,14.31600000,9.91300000,4.40300000,919648.83600000,408475.11600000,HIGH_VOLUME_NODE
92772.10000000,36.22300000,24.72900000,11.49400000,2294162.61770000,1066323.09730000,HIGH_VOLUME_NODE
92772.40000000,17.55400000,1.48100000,16.07300000,137396.07250000,1491132.39250000,HIGH_VOLUME_NODE
92772.60000000,23.59600000,12.75700000,10.83900000,1183500.51890000,1005562.99780000,HIGH_VOLUME_NODE
92772.70000000,14.65800000,9.74100000,4.91700000,903699.84480000,456163.85760000,HIGH_VOLUME_NODE
92772.80000000,13.72100000,8.01100000,5.71000000,743203.70190000,529733.25900000,HIGH_VOLUME_NODE
92773.10000000,34.28600000,13.16500000,21.12100000,1221358.34700000,1959461.56420000,HIGH_VOLUME_NODE
92773.60000000,20.81800000,11.60700000,9.21100000,1076823.95500000,854537.81220000,HIGH_VOLUME_NODE
92773.90000000,18.50000000,10.80100000,7.69900000,1002051.97400000,714267.02600000,HIGH_VOLUME_NODE
92774.10000000,21.94500000,13.58800000,8.35700000,1260615.00760000,775313.60540000,HIGH_VOLUME_NODE
92774.30000000,26.59700000,12.63300000,13.96400000,1172018.99520000,1295501.72160000,HIGH_VOLUME_NODE
92774.60000000,13.06900000,6.21000000,6.85900000,576130.70630000,636341.20960000,HIGH_VOLUME_NODE
92774.80000000,15.32700000,4.26900000,11.05800000,396056.04810000,1025904.84420000,HIGH_VOLUME_NODE
92774.90000000,30.07900000,9.74200000,20.33700000,903814.05000000,1886765.17500000,HIGH_VOLUME_NODE
92775.10000000,35.90100000,17.38400000,18.51700000,1612803.29240000,1717918.06730000,HIGH_VOLUME_NODE
92775.40000000,25.06500000,14.35000000,10.71500000,1331328.42500000,994089.48250000,HIGH_VOLUME_NODE
92775.60000000,45.53500000,24.89000000,20.64500000,2309186.25080000,1915352.68840000,HIGH_VOLUME_NODE
92775.70000000,25.85900000,4.83300000,21.02600000,448385.44140000,1950703.97080000,HIGH_VOLUME_NODE
92775.80000000,12.78500000,3.02900000,9.75600000,281018.20110000,905121.68040000,HIGH_VOLUME_NODE
92775.90000000,19.50900000,14.00100000,5.50800000,1298956.77600000,511010.20800000,HIGH_VOLUME_NODE
92776.10000000,36.90400000,17.88100000,19.02300000,1658930.48590000,1764880.63980000,HIGH_VOLUME_NODE
92776.20000000,16.17700000,12.64100000,3.53600000,1172785.20830000,328056.99680000,HIGH_VOLUME_NODE
92776.40000000,15.70500000,13.22100000,2.48400000,1226598.10650000,230456.82600000,HIGH_VOLUME_NODE
92776.60000000,17.54800000,9.29300000,8.25500000,862173.16330000,765870.97650000,HIGH_VOLUME_NODE
92776.70000000,19.38000000,14.79000000,4.59000000,1372168.87200000,425845.51200000,HIGH_VOLUME_NODE
92776.80000000,13.99100000,2.53000000,11.46100000,234725.55700000,1063316.05090000,HIGH_VOLUME_NODE
92776.90000000,31.48500000,14.58800000,16.89700000,1353430.87600000,1567652.96900000,HIGH_VOLUME_NODE
92777.10000000,27.39300000,18.32400000,9.06900000,1700048.21310000,841395.92130000,HIGH_VOLUME_NODE
92777.20000000,12.86800000,3.70500000,9.16300000,343739.89650000,850118.39990000,HIGH_VOLUME_NODE
92777.30000000,34.49600000,24.63300000,9.86300000,2285385.69420000,915063.49620000,HIGH_VOLUME_NODE
92777.60000000,22.49700000,12.61300000,9.88400000,1170204.73680000,917014.35870000,HIGH_VOLUME_NODE
92777.70000000,40.01000000,33.87900000,6.13100000,3143219.08620000,568820.69180000,HIGH_VOLUME_NODE
92777.80000000,13.32500000,8.68200000,4.64300000,805497.72780000,430767.78970000,HIGH_VOLUME_NODE
92778.10000000,17.62800000,10.58800000,7.04000000,982335.20120000,653158.00960000,HIGH_VOLUME_NODE
92778.20000000,12.98400000,8.87000000,4.11400000,822943.52100000,381689.92620000,HIGH_VOLUME_NODE
92778.60000000,26.92800000,14.74500000,12.18300000,1368021.31460000,1130322.47590000,HIGH_VOLUME_NODE
92778.80000000,15.27900000,3.21600000,12.06300000,298376.94240000,1119191.87070000,HIGH_VOLUME_NODE
92778.90000000,15.27500000,5.45000000,9.82500000,505645.55000000,911553.67500000,HIGH_VOLUME_NODE
92779.10000000,48.26400000,34.02800000,14.23600000,3157087.64300000,1320803.95030000,HIGH_VOLUME_NODE
92779.20000000,14.48700000,11.14100000,3.34600000,1033654.18130000,310439.53780000,HIGH_VOLUME_NODE
92779.60000000,13.02500000,6.48400000,6.54100000,601583.35540000,606871.68910000,HIGH_VOLUME_NODE
92779.80000000,15.69800000,2.84600000,12.85200000,264051.59540000,1192407.27480000,HIGH_VOLUME_NODE
92779.90000000,65.09800000,25.99800000,39.10000000,2412094.44000000,3627698.00000000,HIGH_VOLUME_NODE
92780.10000000,39.64900000,27.30600000,12.34300000,2533454.02640000,1145185.42540000,HIGH_VOLUME_NODE
92780.20000000,21.06300000,14.84800000,6.21500000,1377601.89440000,576629.56450000,HIGH_VOLUME_NODE
92780.30000000,21.17000000,14.26300000,6.90700000,1323326.84520000,640834.22280000,HIGH_VOLUME_NODE
92780.40000000,16.11100000,10.31500000,5.79600000,957030.85750000,537755.77800000,HIGH_VOLUME_NODE
92780.60000000,22.00900000,7.61600000,14.39300000,706617.25420000,1335391.99710000,HIGH_VOLUME_NODE
92780.70000000,17.58900000,11.66100000,5.92800000,1081916.90880000,550004.58240000,HIGH_VOLUME_NODE
92780.80000000,29.22800000,15.90800000,13.32000000,1475958.55720000,1235841.58800000,HIGH_VOLUME_NODE
92780.90000000,19.19300000,14.09500000,5.09800000,1307748.19500000,472997.53800000,HIGH_VOLUME_NODE
92781.10000000,36.06000000,17.32600000,18.73400000,1607526.49440000,1738161.95940000,HIGH_VOLUME_NODE
92781.20000000,17.29000000,13.75500000,3.53500000,1276206.78150000,327981.89550000,HIGH_VOLUME_NODE
92781.30000000,20.26700000,12.04300000,8.22400000,1117366.40020000,763034.23360000,HIGH_VOLUME_NODE
92781.40000000,21.55800000,13.48200000,8.07600000,1250880.18300000,749303.39400000,HIGH_VOLUME_NODE
92781.60000000,26.34100000,15.58400000,10.75700000,1445909.29080000,998052.46320000,HIGH_VOLUME_NODE
92781.70000000,25.21700000,19.15000000,6.06700000,1776771.47000000,562907.18060000,HIGH_VOLUME_NODE
92781.90000000,22.92400000,8.76700000,14.15700000,813419.79400000,1313514.77400000,HIGH_VOLUME_NODE
92782.10000000,17.57200000,12.53300000,5.03900000,1162838.41200000,467529.29750000,HIGH_VOLUME_NODE
92782.20000000,12.26600000,8.96400000,3.30200000,831700.53720000,306367.15460000,HIGH_VOLUME_NODE
92782.60000000,16.63700000,8.44600000,8.19100000,783642.44410000,759982.68930000,HIGH_VOLUME_NODE
92782.80000000,15.97300000,5.93100000,10.04200000,550295.37990000,931725.88180000,HIGH_VOLUME_NODE
92782.90000000,19.89600000,13.25600000,6.64000000,1229931.44800000,616079.12000000,HIGH_VOLUME_NODE
92783.10000000,18.04800000,10.75400000,7.29400000,997790.16280000,676760.11860000,HIGH_VOLUME_NODE
92783.60000000,36.39100000,20.92700000,15.46400000,1941683.94180000,1434806.40370000,HIGH_VOLUME_NODE
92783.70000000,16.05400000,8.34300000,7.71100000,774095.24340000,715455.88180000,HIGH_VOLUME_NODE
92783.80000000,21.23000000,17.45700000,3.77300000,1619728.54230000,350073.65470000,HIGH_VOLUME_NODE
92784.10000000,40.29100000,18.21100000,22.08000000,1689692.10420000,2048674.34050000,HIGH_VOLUME_NODE
92784.20000000,16.32100000,13.74400000,2.57700000,1275227.41920000,239105.14110000,HIGH_VOLUME_NODE
92784.40000000,35.49300000,20.88800000,14.60500000,1938082.63600000,1355117.62250000,HIGH_VOLUME_NODE
92784.60000000,26.54500000,13.99600000,12.54900000,1298613.89020000,1164354.50630000,HIGH_VOLUME_NODE
92784.70000000,17.75800000,5.10200000,12.65600000,473388.04960000,1174284.42880000,HIGH_VOLUME_NODE
92784.80000000,19.70000000,16.53500000,3.16500000,1534198.32150000,293664.20850000,HIGH_VOLUME_NODE
92784.90000000,27.66800000,8.81600000,18.85200000,817992.56000000,1749182.82000000,HIGH_VOLUME_NODE
92785.10000000,22.21800000,14.68300000,7.53500000,1362363.88190000,699136.02720000,HIGH_VOLUME_NODE
92785.60000000,24.51600000,13.86900000,10.64700000,1286844.65940000,987888.74630000,HIGH_VOLUME_NODE
92785.70000000,12.20300000,5.78600000,6.41700000,536858.63880000,595406.47860000,HIGH_VOLUME_NODE
92786.10000000,27.34900000,9.83800000,17.51100000,912830.19950000,1624778.49890000,HIGH_VOLUME_NODE
92786.20000000,28.02900000,20.21600000,7.81300000,1875767.84080000,724939.36190000,HIGH_VOLUME_NODE
92786.30000000,27.68600000,20.19800000,7.48800000,1874099.70720000,694784.56320000,HIGH_VOLUME_NODE
92786.40000000,63.23400000,54.55300000,8.68100000,5061781.93450000,805479.60650000,HIGH_VOLUME_NODE
92786.60000000,34.19600000,18.95600000,15.24000000,1758863.55860000,1414068.45720000,HIGH_VOLUME_NODE
92786.70000000,17.73100000,12.37300000,5.35800000,1148051.07640000,497151.67440000,HIGH_VOLUME_NODE
92786.80000000,25.44800000,13.40600000,12.04200000,1243901.18140000,1117339.84980000,HIGH_VOLUME_NODE
92787.10000000,18.76200000,10.15200000,8.61000000,941975.12920000,798897.19110000,HIGH_VOLUME_NODE
92787.40000000,14.45200000,11.59600000,2.85600000,1075963.85000000,265001.10000000,HIGH_VOLUME_NODE
92787.60000000,18.47500000,7.82100000,10.65400000,725692.03400000,988559.86420000,HIGH_VOLUME_NODE
92787.70000000,19.76900000,3.61000000,16.15900000,334963.95800000,1499358.06020000,HIGH_VOLUME_NODE
92787.90000000,14.43500000,8.60000000,5.83500000,797976.80000000,541417.98000000,HIGH_VOLUME_NODE
92788.10000000,21.23800000,4.46500000,16.77300000,414299.10220000,1556335.94340000,HIGH_VOLUME_NODE
92788.20000000,15.35900000,9.97300000,5.38600000,925377.71590000,499757.78380000,HIGH_VOLUME_NODE
92788.30000000,18.02600000,8.02300000,10.00300000,744441.33320000,928162.36520000,HIGH_VOLUME_NODE
92788.40000000,26.93800000,23.91400000,3.02400000,2218944.18900000,280592.42400000,HIGH_VOLUME_NODE
92788.60000000,20.12700000,8.39400000,11.73300000,778867.75080000,1088689.44230000,HIGH_VOLUME_NODE
92788.90000000,20.58200000,7.57400000,13.00800000,702783.88600000,1206999.31200000,HIGH_VOLUME_NODE
92789.10000000,47.56600000,26.58000000,20.98600000,2466335.17320000,1947272.88250000,HIGH_VOLUME_NODE
92789.60000000,19.00900000,11.47100000,7.53800000,1064390.10300000,699448.45230000,HIGH_VOLUME_NODE
92789.80000000,23.32000000,13.08600000,10.23400000,1214248.63140000,949611.83660000,HIGH_VOLUME_NODE
92789.90000000,57.31800000,36.32300000,20.99500000,3370411.17000000,1948126.05000000,HIGH_VOLUME_NODE
92790.10000000,32.28200000,21.13700000,11.14500000,1961304.72790000,1034146.32230000,HIGH_VOLUME_NODE
92790.20000000,26.03900000,6.33400000,19.70500000,587733.76020000,1828432.86150000,HIGH_VOLUME_NODE
92790.30000000,15.73200000,3.39200000,12.34000000,314745.03680000,1145033.53600000,HIGH_VOLUME_NODE
92790.60000000,19.29100000,9.44700000,9.84400000,876593.27040000,913431.04810000,HIGH_VOLUME_NODE
92791.10000000,37.03600000,11.49300000,25.54300000,1066448.91820000,2370164.75750000,HIGH_VOLUME_NODE
92791.30000000,15.12000000,6.19800000,8.92200000,575121.09720000,827884.87080000,HIGH_VOLUME_NODE
92791.60000000,28.60900000,13.05400000,15.55500000,1211302.04400000,1443373.50370000,HIGH_VOLUME_NODE
92791.70000000,17.03200000,5.97700000,11.05500000,554616.58860000,1025813.34900000,HIGH_VOLUME_NODE
92791.90000000,15.28500000,2.61500000,12.67000000,242651.08000000,1175674.64000000,HIGH_VOLUME_NODE
92792.10000000,19.21000000,12.47800000,6.73200000,1157859.98000000,624676.96840000,HIGH_VOLUME_NODE
92792.20000000,21.16700000,16.93200000,4.23500000,1571159.22360000,392975.39050000,HIGH_VOLUME_NODE
92792.60000000,21.51600000,11.43000000,10.08600000,1060620.04040000,935906.37880000,HIGH_VOLUME_NODE
92793.10000000,16.82900000,10.98600000,5.84300000,1019425.92540000,542190.24220000,HIGH_VOLUME_NODE
92793.60000000,17.09100000,7.68400000,9.40700000,713026.35790000,872909.77680000,HIGH_VOLUME_NODE
92793.70000000,15.66200000,12.81100000,2.85100000,1188781.37180000,264555.12380000,HIGH_VOLUME_NODE
92793.80000000,16.19300000,2.05200000,14.14100000,190413.08280000,1312198.53990000,HIGH_VOLUME_NODE
92794.10000000,25.40700000,7.69200000,17.71500000,713772.49920000,1643848.99680000,HIGH_VOLUME_NODE
92794.60000000,27.70200000,11.28200000,16.42000000,1046909.25400000,1523688.52410000,HIGH_VOLUME_NODE
92794.70000000,18.03800000,7.30600000,10.73200000,677958.80880000,995873.79360000,HIGH_VOLUME_NODE
92794.90000000,20.28200000,8.21000000,12.07200000,761846.95000000,1120221.24000000,HIGH_VOLUME_NODE
92795.10000000,31.58200000,15.47400000,16.10800000,1435912.16950000,1494744.50320000,HIGH_VOLUME_NODE
92795.20000000,24.70100000,17.91600000,6.78500000,1662520.59480000,629616.11050000,HIGH_VOLUME_NODE
92795.30000000,24.14500000,14.91000000,9.23500000,1383579.41400000,856965.51900000,HIGH_VOLUME_NODE
92795.40000000,17.74100000,5.69500000,12.04600000,528470.37250000,1117814.59300000,HIGH_VOLUME_NODE
92795.60000000,43.87100000,30.48400000,13.38700000,2828782.38680000,1242255.67080000,HIGH_VOLUME_NODE
92795.70000000,19.67000000,9.84800000,9.82200000,913853.03840000,911440.34760000,HIGH_VOLUME_NODE
92795.80000000,20.26900000,17.93900000,2.33000000,1664665.65010000,216214.44700000,HIGH_VOLUME_NODE
92796.10000000,22.28600000,12.23100000,10.05500000,1134989.54020000,933065.39310000,HIGH_VOLUME_NODE
92796.20000000,24.70000000,10.08200000,14.61800000,935572.29660000,1356496.31340000,HIGH_VOLUME_NODE
92796.60000000,41.61500000,23.30500000,18.31000000,2162626.22930000,1699107.29500000,HIGH_VOLUME_NODE
92796.70000000,14.63800000,12.98600000,1.65200000,1205059.24480000,153300.31360000,HIGH_VOLUME_NODE
92796.90000000,13.09000000,6.39400000,6.69600000,593344.01800000,621368.71200000,HIGH_VOLUME_NODE
92797.10000000,64.53600000,16.42500000,48.11100000,1524193.23080000,4464561.62580000,HIGH_VOLUME_NODE
92797.20000000,14.52500000,11.92000000,2.60500000,1106143.81600000,241736.96650000,HIGH_VOLUME_NODE
92797.40000000,26.01500000,8.30900000,17.70600000,771054.42750000,1643072.53500000,HIGH_VOLUME_NODE
92797.60000000,14.72700000,11.84200000,2.88500000,1098909.75610000,267721.18300000,HIGH_VOLUME_NODE
92798.10000000,36.49700000,27.74600000,8.75100000,2574776.31370000,812076.25890000,HIGH_VOLUME_NODE
92798.90000000,70.98100000,31.93900000,39.04200000,2963907.26100000,3623058.55800000,HIGH_VOLUME_NODE
92799.10000000,25.87400000,19.57800000,6.29600000,1816820.99320000,584263.49410000,HIGH_VOLUME_NODE
92799.60000000,27.67800000,17.13600000,10.54200000,1590214.96790000,978293.95760000,HIGH_VOLUME_NODE
92799.70000000,28.85200000,17.62900000,11.22300000,1635967.67420000,1041492.15540000,HIGH_VOLUME_NODE
92799.80000000,72.10600000,19.84200000,52.26400000,1841335.61580000,4850093.97360000,HIGH_VOLUME_NODE
92799.90000000,511.31900000,260.10600000,251.21300000,24137836.80000000,23312566.40000000,HIGH_VOLUME_NODE
92800.10000000,64.24800000,40.43700000,23.81100000,3752558.53980000,2209663.79120000,HIGH_VOLUME_NODE
92800.20000000,13.05700000,3.44800000,9.60900000,319975.43440000,891718.08270000,HIGH_VOLUME_NODE
92800.40000000,13.85200000,10.10700000,3.74500000,937934.65350000,347537.87250000,HIGH_VOLUME_NODE
92800.60000000,16.02200000,6.72800000,9.29400000,624362.71290000,862489.31750000,HIGH_VOLUME_NODE
92800.70000000,16.66400000,7.82400000,8.84000000,726073.45920000,820359.07200000,HIGH_VOLUME_NODE
92800.80000000,21.49300000,17.41300000,4.08000000,1615942.07170000,378627.67200000,HIGH_VOLUME_NODE
92801.10000000,13.36300000,7.05300000,6.31000000,654526.65220000,585575.06170000,HIGH_VOLUME_NODE
92801.30000000,13.28900000,6.84800000,6.44100000,635503.98720000,597733.81740000,HIGH_VOLUME_NODE
92801.40000000,14.77000000,11.50800000,3.26200000,1067959.66200000,302718.49300000,HIGH_VOLUME_NODE
92801.60000000,26.30700000,12.12900000,14.17800000,1125590.93570000,1315741.48760000,HIGH_VOLUME_NODE
92801.70000000,15.12300000,14.20200000,0.92100000,1317971.16360000,85470.45780000,HIGH_VOLUME_NODE
92802.20000000,17.87200000,6.63300000,11.23900000,615557.65590000,1043005.04970000,HIGH_VOLUME_NODE
92802.60000000,84.46600000,33.59400000,50.87200000,3117613.36400000,4721056.71260000,HIGH_VOLUME_NODE
92802.70000000,21.66900000,11.42800000,10.24100000,1060550.39840000,950393.47480000,HIGH_VOLUME_NODE
92803.10000000,30.57200000,13.90100000,16.67100000,1290057.09280000,1547120.97870000,HIGH_VOLUME_NODE
92803.20000000,16.11100000,10.65400000,5.45700000,988726.35820000,506427.60810000,HIGH_VOLUME_NODE
92803.30000000,28.90000000,25.74500000,3.15500000,2389223.53300000,292794.72700000,HIGH_VOLUME_NODE
92803.60000000,16.27600000,4.56200000,11.71400000,423370.27010000,1087101.76210000,HIGH_VOLUME_NODE
92803.90000000,14.53300000,5.87300000,8.66000000,545037.89200000,803682.64000000,HIGH_VOLUME_NODE
92804.10000000,20.52900000,7.52400000,13.00500000,698258.27490000,1206917.78090000,HIGH_VOLUME_NODE
92804.30000000,21.24000000,9.27900000,11.96100000,861132.02760000,1110033.42840000,HIGH_VOLUME_NODE
92804.60000000,33.09800000,15.57900000,17.51900000,1445803.28400000,1625844.38890000,HIGH_VOLUME_NODE
92804.70000000,20.42100000,8.97500000,11.44600000,832923.08000000,1062243.74080000,HIGH_VOLUME_NODE
92804.90000000,15.85000000,8.27800000,7.57200000,768239.79000000,702719.46000000,HIGH_VOLUME_NODE
92805.10000000,33.42900000,16.25400000,17.17500000,1508454.56080000,1593928.65700000,HIGH_VOLUME_NODE
92805.20000000,23.55500000,17.71200000,5.84300000,1643767.47360000,542261.36790000,HIGH_VOLUME_NODE
92805.30000000,17.57200000,12.65100000,4.92100000,1174081.11540000,456695.37340000,HIGH_VOLUME_NODE
92805.60000000,12.68500000,7.27100000,5.41400000,674789.79980000,502449.66480000,HIGH_VOLUME_NODE
92806.10000000,24.92600000,15.65500000,9.27100000,1452880.07620000,860405.60650000,HIGH_VOLUME_NODE
92806.20000000,20.43900000,3.46800000,16.97100000,321852.24840000,1575015.71730000,HIGH_VOLUME_NODE
92806.60000000,15.72100000,11.23900000,4.48200000,1043053.98580000,415959.37410000,HIGH_VOLUME_NODE
92806.70000000,12.53300000,4.44800000,8.08500000,412804.64640000,750342.97800000,HIGH_VOLUME_NODE
92807.10000000,14.80100000,9.52500000,5.27600000,883988.08460000,489650.42840000,HIGH_VOLUME_NODE
92807.20000000,12.84600000,5.31700000,7.52900000,493456.41410000,698746.16170000,HIGH_VOLUME_NODE
92807.40000000,25.56800000,17.51500000,8.05300000,1625523.36250000,747378.79750000,HIGH_VOLUME_NODE
92807.60000000,15.68400000,11.07300000,4.61100000,1027658.80980000,427936.14190000,HIGH_VOLUME_NODE
92807.70000000,14.77300000,6.83500000,7.93800000,634341.31300000,736708.31640000,HIGH_VOLUME_NODE
92807.80000000,14.05500000,4.41300000,9.64200000,409561.26270000,894853.77180000,HIGH_VOLUME_NODE
92807.90000000,26.28000000,20.48000000,5.80000000,1900707.84000000,538286.40000000,HIGH_VOLUME_NODE
92808.10000000,25.41900000,14.92600000,10.49300000,1385254.03020000,973836.08020000,HIGH_VOLUME_NODE
92808.30000000,14.99500000,12.01400000,2.98100000,1115000.11760000,276661.84040000,HIGH_VOLUME_NODE
92808.60000000,20.05100000,10.84600000,9.20500000,1006602.87860000,854303.79800000,HIGH_VOLUME_NODE
92808.70000000,31.33000000,12.30800000,19.02200000,1142290.71040000,1765408.99360000,HIGH_VOLUME_NODE
92808.80000000,15.44900000,8.76100000,6.68800000,813098.77290000,620705.92320000,HIGH_VOLUME_NODE
92809.10000000,19.64900000,6.55000000,13.09900000,607899.76980000,1215707.37920000,HIGH_VOLUME_NODE
92809.20000000,20.70300000,10.82200000,9.88100000,1004382.24460000,917048.69330000,HIGH_VOLUME_NODE
92809.30000000,12.70300000,7.53600000,5.16700000,699411.63840000,479546.16980000,HIGH_VOLUME_NODE
92809.40000000,14.77300000,3.46500000,11.30800000,321584.91750000,1049489.82600000,HIGH_VOLUME_NODE
92809.60000000,30.41900000,16.76500000,13.65400000,1555953.80530000,1267222.81780000,HIGH_VOLUME_NODE
92809.70000000,14.50500000,9.31400000,5.19100000,864430.47720000,481775.67180000,HIGH_VOLUME_NODE
92809.80000000,20.46100000,8.36600000,12.09500000,776447.62340000,1122535.74050000,HIGH_VOLUME_NODE
92809.90000000,21.72600000,12.49000000,9.23600000,1159196.90000000,857193.16000000,HIGH_VOLUME_NODE
92810.10000000,31.80500000,18.57800000,13.22700000,1724226.87070000,1227599.41120000,HIGH_VOLUME_NODE
92810.60000000,22.09700000,12.79400000,9.30300000,1187419.54910000,863417.54070000,HIGH_VOLUME_NODE
92810.80000000,26.95000000,10.00200000,16.94800000,928294.62180000,1572959.13320000,HIGH_VOLUME_NODE
92810.90000000,29.47400000,15.62000000,13.85400000,1449707.82000000,1285803.59400000,HIGH_VOLUME_NODE
92811.10000000,42.09400000,28.21900000,13.87500000,2619038.41160000,1287754.36130000,HIGH_VOLUME_NODE
92811.40000000,20.52400000,1.38600000,19.13800000,128636.73900000,1776226.48700000,HIGH_VOLUME_NODE
92811.60000000,56.34400000,18.69600000,37.64800000,1735207.20920000,3494173.59800000,HIGH_VOLUME_NODE
92811.80000000,18.10500000,2.24900000,15.85600000,208733.96310000,1471625.48640000,HIGH_VOLUME_NODE
92811.90000000,17.66600000,3.47000000,14.19600000,322057.64000000,1317559.15200000,HIGH_VOLUME_NODE
92812.10000000,18.80500000,11.22300000,7.58200000,1041630.61440000,703701.73240000,HIGH_VOLUME_NODE
92812.20000000,13.39800000,4.78600000,8.61200000,444199.66780000,799299.52760000,HIGH_VOLUME_NODE
92812.30000000,21.89000000,12.42000000,9.47000000,1152730.00800000,878933.42800000,HIGH_VOLUME_NODE
92812.40000000,28.85200000,13.93000000,14.92200000,1292878.12500000,1384948.12500000,HIGH_VOLUME_NODE
92812.60000000,41.40200000,36.98100000,4.42100000,3432303.34070000,410324.68570000,HIGH_VOLUME_NODE
92812.70000000,13.39900000,7.90600000,5.49300000,733777.99680000,509820.71040000,HIGH_VOLUME_NODE
92812.80000000,22.02200000,6.02300000,15.99900000,559012.09670000,1484913.58710000,HIGH_VOLUME_NODE
92813.10000000,52.60100000,28.57500000,24.02600000,2652136.01200000,2229928.67490000,HIGH_VOLUME_NODE
92813.20000000,35.24700000,15.08100000,20.16600000,1399717.37730000,1871673.00780000,HIGH_VOLUME_NODE
92813.30000000,31.45400000,15.79200000,15.66200000,1465709.21280000,1453643.47080000,HIGH_VOLUME_NODE
92813.40000000,29.17300000,22.72600000,6.44700000,2109279.60100000,598368.63450000,HIGH_VOLUME_NODE
92813.60000000,30.04500000,14.54800000,15.49700000,1350253.05810000,1438333.39180000,HIGH_VOLUME_NODE
92813.70000000,15.11400000,7.72200000,7.39200000,716708.16360000,686079.60960000,HIGH_VOLUME_NODE
92813.90000000,18.29200000,5.67900000,12.61300000,527090.70600000,1170662.98200000,HIGH_VOLUME_NODE
92814.10000000,48.87000000,20.09300000,28.77700000,1864915.24290000,2670913.11390000,HIGH_VOLUME_NODE
92814.20000000,24.07100000,12.91800000,11.15300000,1198975.12740000,1035157.88790000,HIGH_VOLUME_NODE
92814.30000000,20.80800000,10.18500000,10.62300000,945314.66400000,985967.37120000,HIGH_VOLUME_NODE
92814.40000000,21.18000000,9.74500000,11.43500000,904477.30250000,1061333.80750000,HIGH_VOLUME_NODE
92814.60000000,17.71600000,6.42600000,11.29000000,596426.95820000,1047877.38020000,HIGH_VOLUME_NODE
92814.70000000,22.53900000,6.31500000,16.22400000,586125.46200000,1505827.31520000,HIGH_VOLUME_NODE
92814.80000000,18.96600000,5.70700000,13.25900000,529694.63430000,1230632.75910000,HIGH_VOLUME_NODE
92814.90000000,12.88400000,8.17500000,4.70900000,758762.62500000,437065.83500000,HIGH_VOLUME_NODE
92815.10000000,16.66300000,7.89300000,8.77000000,732589.81650000,813988.97280000,HIGH_VOLUME_NODE
92815.30000000,15.77900000,13.29600000,2.48300000,1234073.55840000,230460.63820000,HIGH_VOLUME_NODE
92815.40000000,20.21000000,15.04900000,5.16100000,1396780.45950000,479020.79550000,HIGH_VOLUME_NODE
92815.60000000,40.81600000,20.46200000,20.35400000,1899193.51250000,1889169.82450000,HIGH_VOLUME_NODE
92816.10000000,18.29300000,8.61500000,9.67800000,799610.99290000,898274.67930000,HIGH_VOLUME_NODE
92816.60000000,20.95500000,4.79500000,16.16000000,445055.87770000,1499916.56680000,HIGH_VOLUME_NODE
92816.90000000,17.09000000,8.64100000,8.44900000,802031.69700000,784210.83300000,HIGH_VOLUME_NODE
92817.10000000,33.13200000,18.61500000,14.51700000,1727790.78210000,1347427.08730000,HIGH_VOLUME_NODE
92817.40000000,13.54100000,5.28100000,8.26000000,490169.21750000,766672.55000000,HIGH_VOLUME_NODE
92817.60000000,32.03700000,21.27300000,10.76400000,1974509.08920000,999089.17930000,HIGH_VOLUME_NODE
92817.70000000,12.79700000,5.42600000,7.37100000,503629.38280000,684160.00380000,HIGH_VOLUME_NODE
92817.80000000,20.37900000,9.07700000,11.30200000,842508.07830000,1049027.90580000,HIGH_VOLUME_NODE
92818.10000000,18.62900000,12.04000000,6.58900000,1117530.73090000,611578.96060000,HIGH_VOLUME_NODE
92818.30000000,15.70100000,11.47100000,4.23000000,1064719.86640000,392621.83200000,HIGH_VOLUME_NODE
92818.40000000,21.74700000,7.40900000,14.33800000,687692.26650000,1330831.65300000,HIGH_VOLUME_NODE
92818.60000000,49.27100000,15.46800000,33.80300000,1435718.88240000,3137548.14600000,HIGH_VOLUME_NODE
92818.70000000,17.05000000,11.88600000,5.16400000,1103244.25680000,479316.28320000,HIGH_VOLUME_NODE
92818.80000000,20.21300000,10.65700000,9.55600000,989171.01730000,886977.40840000,HIGH_VOLUME_NODE
92819.10000000,22.38100000,13.57900000,8.80200000,1260391.25480000,816993.93210000,HIGH_VOLUME_NODE
92819.30000000,13.86800000,3.43400000,10.43400000,318741.81960000,968477.61960000,HIGH_VOLUME_NODE
92819.60000000,34.73600000,18.77300000,15.96300000,1742503.09670000,1481679.36770000,HIGH_VOLUME_NODE
92819.90000000,44.95300000,25.84900000,19.10400000,2399304.18000000,1773233.28000000,HIGH_VOLUME_NODE
92820.10000000,31.46400000,13.22800000,18.23600000,1227824.89110000,1692668.38820000,HIGH_VOLUME_NODE
92820.60000000,15.68800000,12.17900000,3.50900000,1130462.43410000,325707.62980000,HIGH_VOLUME_NODE
92820.90000000,16.44200000,11.80500000,4.63700000,1095751.90500000,430410.97700000,HIGH_VOLUME_NODE
92821.10000000,31.47900000,13.39500000,18.08400000,1243339.53490000,1678577.93930000,HIGH_VOLUME_NODE
92821.40000000,15.86400000,5.96500000,9.89900000,553680.24750000,918840.02850000,HIGH_VOLUME_NODE
92821.60000000,19.66300000,11.41800000,8.24500000,1059837.38630000,765314.48840000,HIGH_VOLUME_NODE
92821.70000000,14.87200000,2.25000000,12.62200000,208849.05000000,1171596.75960000,HIGH_VOLUME_NODE
92822.10000000,19.32800000,8.27800000,11.05000000,768381.94570000,1025684.87810000,HIGH_VOLUME_NODE
92822.20000000,38.99800000,21.83100000,17.16700000,2026403.63130000,1593480.42410000,HIGH_VOLUME_NODE
92822.30000000,24.46800000,18.11100000,6.35700000,1681106.48640000,590071.99680000,HIGH_VOLUME_NODE
92822.60000000,43.37300000,32.93900000,10.43400000,3057484.15280000,968511.22300000,HIGH_VOLUME_NODE
92822.70000000,15.40800000,6.15900000,9.24900000,571695.62520000,858518.07720000,HIGH_VOLUME_NODE
92823.10000000,38.49300000,14.77600000,23.71700000,1371555.01700000,2201486.75980000,HIGH_VOLUME_NODE
92823.20000000,15.24300000,12.73200000,2.51100000,1181826.25560000,233079.30630000,HIGH_VOLUME_NODE
92823.30000000,23.45200000,10.84300000,12.60900000,1006484.12620000,1170410.25060000,HIGH_VOLUME_NODE
92823.40000000,13.99400000,11.06400000,2.93000000,1026999.20400000,271972.85500000,HIGH_VOLUME_NODE
92823.60000000,21.22600000,11.20900000,10.01700000,1040460.51440000,929814.71440000,HIGH_VOLUME_NODE
92823.70000000,13.84000000,5.59900000,8.24100000,519720.45620000,764960.93580000,HIGH_VOLUME_NODE
92823.90000000,14.40800000,5.14700000,9.26100000,477765.12800000,859643.06400000,HIGH_VOLUME_NODE
92824.10000000,22.23100000,17.77000000,4.46100000,1649484.55840000,414088.46230000,HIGH_VOLUME_NODE
92824.20000000,12.66100000,0.94900000,11.71200000,88090.26070000,1087158.20160000,HIGH_VOLUME_NODE
92824.30000000,18.02800000,12.48800000,5.54000000,1159191.10720000,514247.17600000,HIGH_VOLUME_NODE
92824.40000000,13.59300000,2.77300000,10.82000000,257402.33850000,1004361.09000000,HIGH_VOLUME_NODE
92824.60000000,51.30100000,28.64200000,22.65900000,2658682.84140000,2103312.86610000,HIGH_VOLUME_NODE
92824.70000000,15.07800000,3.72000000,11.35800000,345308.25600000,1054304.07840000,HIGH_VOLUME_NODE
92824.90000000,21.93800000,3.74000000,18.19800000,347165.50000000,1689229.35000000,HIGH_VOLUME_NODE
92825.10000000,22.39500000,15.98600000,6.40900000,1483902.74830000,594916.17200000,HIGH_VOLUME_NODE
92825.60000000,15.60100000,7.48200000,8.11900000,694521.57470000,753651.35160000,HIGH_VOLUME_NODE
92825.90000000,19.15300000,8.12400000,11.02900000,754118.42400000,1023777.95400000,HIGH_VOLUME_NODE
92826.10000000,17.75000000,15.73300000,2.01700000,1460433.23110000,187230.28450000,HIGH_VOLUME_NODE
92826.60000000,18.38600000,11.90000000,6.48600000,1104637.52890000,602073.81750000,HIGH_VOLUME_NODE
92827.10000000,15.51500000,9.64600000,5.86900000,895410.43820000,544802.50860000,HIGH_VOLUME_NODE
92827.60000000,14.84300000,6.90900000,7.93400000,641346.09030000,736494.54720000,HIGH_VOLUME_NODE
92827.90000000,25.15800000,12.76500000,12.39300000,1184949.42000000,1150417.40400000,HIGH_VOLUME_NODE
92828.10000000,39.28400000,21.30900000,17.97500000,1978075.28280000,1668586.22860000,HIGH_VOLUME_NODE
92828.30000000,12.92500000,3.31400000,9.61100000,307633.31760000,892173.75240000,HIGH_VOLUME_NODE
92828.60000000,38.47000000,18.06100000,20.40900000,1676578.42990000,1894539.75920000,HIGH_VOLUME_NODE
92828.80000000,12.55700000,1.32300000,11.23400000,122812.63470000,1042839.86260000,HIGH_VOLUME_NODE
92829.10000000,26.80300000,8.52100000,18.28200000,790996.95630000,1697102.21790000,HIGH_VOLUME_NODE
92829.20000000,15.76400000,3.78800000,11.97600000,351637.38840000,1111723.69680000,HIGH_VOLUME_NODE
92829.80000000,17.03600000,3.56600000,13.47000000,331031.42340000,1250418.75300000,HIGH_VOLUME_NODE
92829.90000000,41.99700000,10.73900000,31.25800000,996901.37000000,2901680.14000000,HIGH_VOLUME_NODE
92830.10000000,29.93700000,23.86500000,6.07200000,2215391.45660000,563664.57340000,HIGH_VOLUME_NODE
92830.60000000,23.34800000,8.07100000,15.27700000,749236.03050000,1418173.21220000,HIGH_VOLUME_NODE
92830.90000000,12.55100000,2.48000000,10.07100000,230220.88000000,934901.00100000,HIGH_VOLUME_NODE
92831.10000000,14.83100000,6.69900000,8.13200000,621875.81510000,754902.99020000,HIGH_VOLUME_NODE
92831.20000000,19.76000000,6.93500000,12.82500000,643785.06550000,1190561.42250000,HIGH_VOLUME_NODE
92831.30000000,13.00500000,8.42900000,4.57600000,782475.87060000,424796.48640000,HIGH_VOLUME_NODE
92831.60000000,17.73200000,6.50600000,11.22600000,603962.48120000,1042128.39750000,HIGH_VOLUME_NODE
92831.80000000,15.78900000,4.79500000,10.99400000,445128.96050000,1020593.90860000,HIGH_VOLUME_NODE
92832.10000000,41.32400000,17.52600000,23.79800000,1626975.49420000,2209220.23980000,HIGH_VOLUME_NODE
92832.30000000,12.50100000,5.47100000,7.03000000,507886.06040000,652611.77200000,HIGH_VOLUME_NODE
92832.40000000,14.37700000,6.32900000,8.04800000,587536.89250000,747115.96000000,HIGH_VOLUME_NODE
92832.60000000,22.15100000,12.33800000,9.81300000,1145369.48120000,910966.62950000,HIGH_VOLUME_NODE
92833.10000000,20.76100000,14.62300000,6.13800000,1357499.66710000,569809.90170000,HIGH_VOLUME_NODE
92833.60000000,32.82000000,14.91000000,17.91000000,1384149.85160000,1662650.33010000,HIGH_VOLUME_NODE
92833.90000000,22.77300000,7.11400000,15.65900000,660421.07600000,1453687.60600000,HIGH_VOLUME_NODE
92834.10000000,18.62100000,6.87400000,11.74700000,638141.99570000,1090522.31080000,HIGH_VOLUME_NODE
92834.60000000,29.27200000,22.54300000,6.72900000,2092772.49670000,624684.20340000,HIGH_VOLUME_NODE
92834.90000000,18.11400000,11.49600000,6.61800000,1067231.16000000,614382.03000000,HIGH_VOLUME_NODE
92835.10000000,12.97000000,10.99800000,1.97200000,1021000.59610000,183070.96470000,HIGH_VOLUME_NODE
92835.80000000,30.79200000,26.50300000,4.28900000,2460429.85770000,398173.17510000,HIGH_VOLUME_NODE
92835.90000000,29.84100000,19.21800000,10.62300000,1784122.24800000,986196.82800000,HIGH_VOLUME_NODE
92836.10000000,14.48100000,9.52800000,4.95300000,884542.67720000,459817.48130000,HIGH_VOLUME_NODE
92836.30000000,15.75700000,5.90200000,9.85500000,547920.43280000,914902.72200000,HIGH_VOLUME_NODE
92836.40000000,12.67400000,7.77400000,4.90000000,721710.95100000,454898.85000000,HIGH_VOLUME_NODE
92836.60000000,30.57600000,6.74800000,23.82800000,626461.76780000,2212112.56990000,HIGH_VOLUME_NODE
92836.70000000,20.29100000,9.23500000,11.05600000,857347.84800000,1026403.66080000,HIGH_VOLUME_NODE
92837.10000000,34.10900000,14.53500000,19.57400000,1349388.54850000,1817193.91090000,HIGH_VOLUME_NODE
92837.20000000,17.59500000,4.72600000,12.86900000,438749.07980000,1194723.21370000,HIGH_VOLUME_NODE
92837.30000000,16.92900000,4.13200000,12.79700000,383604.13680000,1188040.20780000,HIGH_VOLUME_NODE
92837.40000000,14.20000000,3.23000000,10.97000000,299865.12500000,1018427.37500000,HIGH_VOLUME_NODE
92837.60000000,23.79500000,16.71400000,7.08100000,1551688.19850000,657383.42650000,HIGH_VOLUME_NODE
92837.70000000,23.33100000,3.15000000,20.18100000,292439.07000000,1873559.64180000,HIGH_VOLUME_NODE
92837.80000000,27.69000000,23.42400000,4.26600000,2174634.96960000,396046.48140000,HIGH_VOLUME_NODE
92838.10000000,18.10800000,11.88000000,6.22800000,1102916.87340000,578196.05820000,HIGH_VOLUME_NODE
92838.60000000,28.36700000,9.43200000,18.93500000,875653.96580000,1757900.35250000,HIGH_VOLUME_NODE
92839.10000000,17.87600000,9.79100000,8.08500000,908988.17570000,750604.52530000,HIGH_VOLUME_NODE
92839.20000000,16.62400000,2.52300000,14.10100000,234233.55390000,1309126.96930000,HIGH_VOLUME_NODE
92839.60000000,18.10800000,8.06200000,10.04600000,748473.37670000,932666.81650000,HIGH_VOLUME_NODE
92839.90000000,22.35600000,12.09100000,10.26500000,1122528.44000000,953002.60000000,HIGH_VOLUME_NODE
92840.10000000,28.29200000,21.72100000,6.57100000,2016581.30540000,610052.66120000,HIGH_VOLUME_NODE
92840.20000000,24.19600000,21.30700000,2.88900000,1978148.27210000,268215.62670000,HIGH_VOLUME_NODE
92840.30000000,16.35300000,11.77600000,4.57700000,1093288.55040000,424930.51080000,HIGH_VOLUME_NODE
92840.40000000,12.52100000,9.96100000,2.56000000,924784.22050000,237671.68000000,HIGH_VOLUME_NODE
92840.60000000,19.44100000,6.09500000,13.34600000,565863.74500000,1239051.19480000,HIGH_VOLUME_NODE
92840.70000000,14.62900000,4.64200000,9.98700000,430966.99360000,927201.06960000,HIGH_VOLUME_NODE
92840.90000000,34.31800000,8.99300000,25.32500000,834919.11300000,2351198.32500000,HIGH_VOLUME_NODE
92841.10000000,14.80200000,6.29300000,8.50900000,584249.44230000,789985.46720000,HIGH_VOLUME_NODE
92841.20000000,17.68900000,3.03000000,14.65900000,281309.13900000,1360960.61670000,HIGH_VOLUME_NODE
92841.30000000,15.91600000,3.36000000,12.55600000,311947.10400000,1165716.61840000,HIGH_VOLUME_NODE
92841.60000000,14.61300000,7.21100000,7.40200000,669481.08620000,687214.01010000,HIGH_VOLUME_NODE
92841.80000000,27.81700000,11.94800000,15.86900000,1109275.02120000,1473308.11110000,HIGH_VOLUME_NODE
92842.10000000,34.10100000,9.01100000,25.09000000,836600.46490000,2329409.97810000,HIGH_VOLUME_NODE
92842.60000000,26.27800000,10.84800000,15.43000000,1007157.00440000,1432561.89220000,HIGH_VOLUME_NODE
92842.70000000,18.15200000,2.03800000,16.11400000,189213.62640000,1496068.87920000,HIGH_VOLUME_NODE
92843.10000000,24.54000000,10.56100000,13.97900000,980516.51420000,1297854.24160000,HIGH_VOLUME_NODE
92843.60000000,30.23100000,18.53400000,11.69700000,1720764.64290000,1085992.32510000,HIGH_VOLUME_NODE
92843.70000000,19.63700000,8.50500000,11.13200000,789636.51900000,1033537.18160000,HIGH_VOLUME_NODE
92843.80000000,18.18300000,14.50200000,3.68100000,1346422.23780000,341758.39590000,HIGH_VOLUME_NODE
92843.90000000,23.98700000,6.91100000,17.07600000,641644.88400000,1585404.14400000,HIGH_VOLUME_NODE
92844.10000000,25.72600000,21.29300000,4.43300000,1976930.12670000,411578.05970000,HIGH_VOLUME_NODE
92845.10000000,14.81000000,9.84300000,4.96700000,913875.05850000,461161.82140000,HIGH_VOLUME_NODE
92845.60000000,21.73300000,11.45200000,10.28100000,1063268.25580000,954546.18840000,HIGH_VOLUME_NODE
92845.90000000,12.49200000,5.14400000,7.34800000,477599.82400000,682232.40800000,HIGH_VOLUME_NODE
92846.10000000,19.68600000,11.23200000,8.45400000,1042847.80390000,784921.10520000,HIGH_VOLUME_NODE
92846.30000000,12.29800000,8.35500000,3.94300000,775731.67200000,366093.35520000,HIGH_VOLUME_NODE
92846.40000000,13.87600000,2.30300000,11.57300000,213825.48950000,1074512.54450000,HIGH_VOLUME_NODE
92846.60000000,51.54500000,42.65500000,8.89000000,3960374.33790000,825406.54500000,HIGH_VOLUME_NODE
92846.90000000,15.83600000,14.41500000,1.42100000,1338389.50500000,131935.58700000,HIGH_VOLUME_NODE
92847.10000000,16.48700000,9.22300000,7.26400000,856329.51240000,674441.85680000,HIGH_VOLUME_NODE
92847.20000000,13.57600000,2.80900000,10.76700000,260808.06570000,999686.87910000,HIGH_VOLUME_NODE
92847.60000000,27.33200000,12.10200000,15.23000000,1123642.61050000,1414069.44510000,HIGH_VOLUME_NODE
92847.90000000,19.82300000,12.54900000,7.27400000,1165149.55200000,675376.35200000,HIGH_VOLUME_NODE
92848.10000000,21.98800000,10.67200000,11.31600000,990875.68890000,1050669.43070000,HIGH_VOLUME_NODE
92848.60000000,19.88000000,11.94800000,7.93200000,1109356.04060000,736475.77280000,HIGH_VOLUME_NODE
92848.70000000,30.67300000,25.95000000,4.72300000,2409426.36000000,438524.88240000,HIGH_VOLUME_NODE
92849.80000000,20.04700000,3.81500000,16.23200000,354222.36850000,1507139.57680000,HIGH_VOLUME_NODE
92849.90000000,250.01900000,55.31500000,194.70400000,5135997.75000000,18078266.40000000,HIGH_VOLUME_NODE
92850.10000000,112.50700000,91.44700000,21.06000000,8490865.19390000,1955423.44360000,HIGH_VOLUME_NODE
92850.20000000,25.44700000,13.09700000,12.35000000,1216060.37910000,1146701.20500000,HIGH_VOLUME_NODE
92850.30000000,23.07800000,10.29800000,12.78000000,956173.41920000,1186628.11200000,HIGH_VOLUME_NODE
92850.40000000,35.36200000,19.84100000,15.52100000,1842246.77050000,1441132.61050000,HIGH_VOLUME_NODE
92850.60000000,30.32400000,14.83400000,15.49000000,1377346.56180000,1438256.89770000,HIGH_VOLUME_NODE
92850.90000000,28.27000000,5.15500000,23.11500000,478646.90500000,2146250.86500000,HIGH_VOLUME_NODE
92851.10000000,19.89800000,9.08100000,10.81700000,843181.34700000,1004370.86040000,HIGH_VOLUME_NODE
92851.30000000,12.34800000,6.24600000,6.10200000,579949.84440000,566579.24280000,HIGH_VOLUME_NODE
92851.60000000,19.06700000,9.12300000,9.94400000,847085.51190000,923316.86650000,HIGH_VOLUME_NODE
92851.90000000,38.69000000,26.25900000,12.43100000,2438200.66800000,1154243.21200000,HIGH_VOLUME_NODE
92852.10000000,22.72200000,8.55500000,14.16700000,794349.93710000,1315436.18930000,HIGH_VOLUME_NODE
92852.60000000,14.22400000,7.34900000,6.87500000,682374.11800000,638361.85380000,HIGH_VOLUME_NODE
92853.10000000,13.36200000,7.81100000,5.55100000,725275.85650000,515427.76260000,HIGH_VOLUME_NODE
92853.20000000,16.67900000,2.32300000,14.35600000,215698.21590000,1333001.97480000,HIGH_VOLUME_NODE
92853.30000000,22.41100000,15.56900000,6.84200000,1445634.58460000,635302.96280000,HIGH_VOLUME_NODE
92853.60000000,28.90600000,22.59000000,6.31600000,2097563.07030000,586463.55440000,HIGH_VOLUME_NODE
92854.10000000,26.90200000,20.03300000,6.86900000,1860147.31660000,637815.13420000,HIGH_VOLUME_NODE
92854.40000000,15.63600000,4.10300000,11.53300000,380982.01350000,1070890.94850000,HIGH_VOLUME_NODE
92854.60000000,16.94400000,7.55600000,9.38800000,701609.72280000,871719.49700000,HIGH_VOLUME_NODE
92854.90000000,26.44800000,10.63900000,15.80900000,987884.34500000,1467944.69500000,HIGH_VOLUME_NODE
92855.10000000,37.26400000,24.28300000,12.98100000,2254801.36040000,1205352.39630000,HIGH_VOLUME_NODE
92855.30000000,14.78300000,9.23400000,5.54900000,857426.76360000,515254.61460000,HIGH_VOLUME_NODE
92855.40000000,24.04700000,10.84700000,13.20000000,1007203.60850000,1225692.60000000,HIGH_VOLUME_NODE
92855.60000000,20.85500000,12.47900000,8.37600000,1158745.52730000,777759.01500000,HIGH_VOLUME_NODE
92855.90000000,21.29100000,4.25700000,17.03400000,395287.99200000,1581709.10400000,HIGH_VOLUME_NODE
92856.10000000,21.50400000,9.54200000,11.96200000,886033.03800000,1110745.07520000,HIGH_VOLUME_NODE
92856.40000000,17.61200000,10.05300000,7.55900000,933486.39450000,701902.28350000,HIGH_VOLUME_NODE
92856.60000000,26.57800000,14.58000000,11.99800000,1353849.69780000,1114093.59800000,HIGH_VOLUME_NODE
92856.80000000,18.24900000,2.55000000,15.69900000,236785.09500000,1457760.47310000,HIGH_VOLUME_NODE
92856.90000000,16.71700000,4.26700000,12.45000000,396220.81900000,1156069.65000000,HIGH_VOLUME_NODE
92857.10000000,17.42800000,8.66200000,8.76600000,804328.65790000,813985.74020000,HIGH_VOLUME_NODE
92857.30000000,20.67400000,17.03900000,3.63500000,1582197.23860000,337536.64900000,HIGH_VOLUME_NODE
92857.60000000,14.49400000,7.15500000,7.33900000,664396.53470000,681482.45350000,HIGH_VOLUME_NODE
92857.80000000,13.00200000,7.52800000,5.47400000,699034.27120000,508304.14460000,HIGH_VOLUME_NODE
92858.10000000,25.65000000,12.86000000,12.79000000,1194155.70930000,1187655.49390000,HIGH_VOLUME_NODE
92858.20000000,18.43900000,12.92100000,5.51800000,1199822.09430000,512392.09940000,HIGH_VOLUME_NODE
92858.30000000,14.36400000,8.28800000,6.07600000,769610.41920000,564207.63840000,HIGH_VOLUME_NODE
92858.60000000,23.03100000,17.05800000,5.97300000,1583983.03940000,554644.70340000,HIGH_VOLUME_NODE
92858.90000000,24.20400000,8.78100000,15.42300000,815394.87900000,1432164.35700000,HIGH_VOLUME_NODE
92859.10000000,25.70400000,16.18500000,9.51900000,1502925.49560000,883926.32670000,HIGH_VOLUME_NODE
92859.20000000,16.16400000,8.54900000,7.61500000,793854.15570000,707123.56950000,HIGH_VOLUME_NODE
92859.30000000,12.74500000,5.27500000,7.47000000,489833.33500000,693659.71800000,HIGH_VOLUME_NODE
92859.60000000,39.86000000,18.60700000,21.25300000,1727840.13760000,1973545.64410000,HIGH_VOLUME_NODE
92859.70000000,14.78800000,2.03500000,12.75300000,188969.69300000,1184241.02940000,HIGH_VOLUME_NODE
92859.80000000,18.03800000,3.80200000,14.23600000,353053.33980000,1321953.53640000,HIGH_VOLUME_NODE
92859.90000000,36.17700000,19.05100000,17.12600000,1769075.86000000,1590320.36000000,HIGH_VOLUME_NODE
92860.10000000,41.47500000,19.31400000,22.16100000,1793501.01790000,2057873.53090000,HIGH_VOLUME_NODE
92860.20000000,16.25800000,11.36200000,4.89600000,1055078.72860000,454644.02880000,HIGH_VOLUME_NODE
92860.60000000,18.55100000,14.06400000,4.48700000,1305992.32420000,416665.74860000,HIGH_VOLUME_NODE
92860.90000000,18.51800000,7.33500000,11.18300000,681135.43500000,1038464.56300000,HIGH_VOLUME_NODE
92861.10000000,33.06600000,16.35800000,16.70800000,1519022.59740000,1551523.64840000,HIGH_VOLUME_NODE
92861.20000000,13.20100000,2.57100000,10.63000000,238746.40230000,987115.61900000,HIGH_VOLUME_NODE
92861.40000000,12.19500000,6.29000000,5.90500000,584098.83500000,548347.15750000,HIGH_VOLUME_NODE
92861.60000000,12.40800000,7.04300000,5.36500000,654024.48010000,498202.66350000,HIGH_VOLUME_NODE
92861.80000000,39.49300000,7.50200000,31.99100000,696649.97380000,2970745.04290000,HIGH_VOLUME_NODE
92861.90000000,16.71600000,8.44200000,8.27400000,783941.00400000,768340.18800000,HIGH_VOLUME_NODE
92862.10000000,23.95800000,15.37200000,8.58600000,1427477.20070000,797314.24770000,HIGH_VOLUME_NODE
92862.60000000,22.95900000,6.99100000,15.96800000,649202.71940000,1482830.37830000,HIGH_VOLUME_NODE
92862.80000000,16.41300000,1.87500000,14.53800000,174117.93750000,1350040.84020000,HIGH_VOLUME_NODE
92862.90000000,31.25500000,17.55300000,13.70200000,1630024.23900000,1272408.82600000,HIGH_VOLUME_NODE
92863.10000000,38.09200000,22.33200000,15.76000000,2073819.48560000,1463523.28470000,HIGH_VOLUME_NODE
92863.60000000,21.41100000,7.39600000,14.01500000,686819.69510000,1301484.03920000,HIGH_VOLUME_NODE
92863.70000000,23.35800000,10.51800000,12.84000000,976741.44840000,1192371.19200000,HIGH_VOLUME_NODE
92863.80000000,28.28000000,20.10200000,8.17800000,1866750.11780000,759440.97420000,HIGH_VOLUME_NODE
92863.90000000,25.30000000,10.81100000,14.48900000,1003952.70400000,1345506.49600000,HIGH_VOLUME_NODE
92864.10000000,27.43800000,16.13200000,11.30600000,1498083.89540000,1049921.90530000,HIGH_VOLUME_NODE
92864.20000000,17.00800000,12.26100000,4.74700000,1138609.18230000,440826.83210000,HIGH_VOLUME_NODE
92864.40000000,22.74600000,11.82300000,10.92300000,1097936.98350000,1014358.93350000,HIGH_VOLUME_NODE
92864.60000000,20.49300000,13.12800000,7.36500000,1219126.74940000,683948.20130000,HIGH_VOLUME_NODE
92864.90000000,19.24800000,14.58300000,4.66500000,1354250.29500000,433215.22500000,HIGH_VOLUME_NODE
92865.10000000,52.10800000,18.69200000,33.41600000,1735835.58210000,3103182.24470000,HIGH_VOLUME_NODE
92865.20000000,17.36800000,12.40200000,4.96600000,1151715.45060000,461169.07980000,HIGH_VOLUME_NODE
92865.60000000,20.59800000,15.49400000,5.10400000,1438860.20870000,473986.23440000,HIGH_VOLUME_NODE
92865.70000000,15.42000000,4.30000000,11.12000000,399322.94000000,1032667.69600000,HIGH_VOLUME_NODE
92865.80000000,15.05400000,9.25200000,5.80200000,859195.30680000,538807.95180000,HIGH_VOLUME_NODE
92866.10000000,29.86100000,8.55500000,21.30600000,794470.13780000,1978605.33620000,HIGH_VOLUME_NODE
92866.20000000,13.71900000,3.97900000,9.74000000,369515.00770000,904517.76200000,HIGH_VOLUME_NODE
92866.40000000,16.51000000,8.12400000,8.38600000,754447.44600000,778778.46900000,HIGH_VOLUME_NODE
92866.60000000,25.15100000,8.62200000,16.52900000,800696.33130000,1534993.04780000,HIGH_VOLUME_NODE
92866.70000000,13.22100000,12.09200000,1.12900000,1122945.34560000,104846.61720000,HIGH_VOLUME_NODE
92866.90000000,15.04700000,7.58700000,7.46000000,704581.92900000,692787.82000000,HIGH_VOLUME_NODE
92867.10000000,23.03100000,5.35100000,17.68000000,496932.16130000,1641890.74790000,HIGH_VOLUME_NODE
92867.20000000,14.65700000,3.42300000,11.23400000,317884.76790000,1043271.24820000,HIGH_VOLUME_NODE
92867.60000000,19.21100000,6.22000000,12.99100000,577636.87180000,1206443.45660000,HIGH_VOLUME_NODE
92867.90000000,21.84500000,9.07000000,12.77500000,842312.76000000,1186388.70000000,HIGH_VOLUME_NODE
92868.10000000,24.30200000,5.36400000,18.93800000,498144.74700000,1758737.60270000,HIGH_VOLUME_NODE
92868.20000000,21.01300000,6.85400000,14.15900000,636519.32820000,1314922.25970000,HIGH_VOLUME_NODE
92868.60000000,45.75900000,23.06400000,22.69500000,2141923.09750000,2107653.27040000,HIGH_VOLUME_NODE
92868.70000000,36.07000000,25.95500000,10.11500000,2410409.70400000,939367.91200000,HIGH_VOLUME_NODE
92868.80000000,22.00400000,17.47100000,4.53300000,1622512.55190000,420974.72370000,HIGH_VOLUME_NODE
92869.10000000,30.66600000,15.32000000,15.34600000,1422755.70640000,1425170.19810000,HIGH_VOLUME_NODE
92869.20000000,36.00700000,12.86800000,23.13900000,1195042.15240000,2148902.73270000,HIGH_VOLUME_NODE
92869.30000000,48.95500000,17.71600000,31.23900000,1645274.29040000,2901147.18660000,HIGH_VOLUME_NODE
92869.40000000,27.77300000,17.89700000,9.87600000,1662085.44150000,917179.18200000,HIGH_VOLUME_NODE
92869.60000000,25.38400000,12.49700000,12.88700000,1160591.62870000,1196811.16450000,HIGH_VOLUME_NODE
92869.80000000,21.05100000,8.31700000,12.73400000,772398.95830000,1182605.30660000,HIGH_VOLUME_NODE
92869.90000000,64.64500000,45.72200000,18.92300000,4246202.14000000,1757379.01000000,HIGH_VOLUME_NODE
92870.10000000,72.03800000,46.07300000,25.96500000,4278805.20430000,2411373.07080000,HIGH_VOLUME_NODE
92870.20000000,18.12800000,13.05000000,5.07800000,1211957.41500000,471595.38340000,HIGH_VOLUME_NODE
92870.30000000,13.15300000,4.83700000,8.31600000,449214.12480000,772310.24640000,HIGH_VOLUME_NODE
92870.60000000,13.60500000,5.81800000,7.78700000,540321.44500000,723183.60120000,HIGH_VOLUME_NODE
92870.90000000,18.00700000,8.56900000,9.43800000,795811.59900000,876516.49800000,HIGH_VOLUME_NODE
92871.10000000,27.59100000,13.38300000,14.20800000,1242894.40360000,1319513.38140000,HIGH_VOLUME_NODE
92871.60000000,23.72600000,6.45500000,17.27100000,599486.53960000,1603985.79430000,HIGH_VOLUME_NODE
92872.10000000,21.05300000,7.18300000,13.87000000,667100.67400000,1288136.56910000,HIGH_VOLUME_NODE
92872.30000000,12.89000000,3.30900000,9.58100000,307314.77160000,889810.46440000,HIGH_VOLUME_NODE
92872.40000000,40.92700000,11.27100000,29.65600000,1046765.94750000,2754226.86000000,HIGH_VOLUME_NODE
92872.60000000,29.87300000,17.66600000,12.20700000,1640688.43400000,1133696.41540000,HIGH_VOLUME_NODE
92872.70000000,15.73700000,7.27300000,8.46400000,675463.87440000,786075.37920000,HIGH_VOLUME_NODE
92872.80000000,18.44100000,10.32300000,8.11800000,958726.94670000,753942.20220000,HIGH_VOLUME_NODE
92873.10000000,21.56800000,5.68300000,15.88500000,527798.23090000,1475289.51050000,HIGH_VOLUME_NODE
92873.40000000,18.55300000,9.69900000,8.85400000,900780.07650000,822301.96900000,HIGH_VOLUME_NODE
92873.60000000,26.47300000,14.97800000,11.49500000,1391061.71690000,1067582.59630000,HIGH_VOLUME_NODE
92873.70000000,21.36900000,2.01500000,19.35400000,187140.70700000,1797479.52520000,HIGH_VOLUME_NODE
92873.80000000,19.03600000,9.08300000,9.95300000,843573.63370000,924373.92670000,HIGH_VOLUME_NODE
92873.90000000,12.83600000,5.01200000,7.82400000,465484.48800000,726646.17600000,HIGH_VOLUME_NODE
92874.10000000,32.52900000,17.20900000,15.32000000,1598271.27060000,1422832.05380000,HIGH_VOLUME_NODE
92874.30000000,14.65500000,4.86900000,9.78600000,452205.45360000,908868.87840000,HIGH_VOLUME_NODE
92874.40000000,13.28200000,3.44800000,9.83400000,320231.27600000,913327.83300000,HIGH_VOLUME_NODE
92874.60000000,21.32200000,13.68600000,7.63600000,1271082.70560000,709190.75000000,HIGH_VOLUME_NODE
92874.70000000,18.35500000,16.83500000,1.52000000,1563547.25800000,141169.69600000,HIGH_VOLUME_NODE
92874.80000000,13.13200000,6.76900000,6.36300000,628670.19810000,590962.98870000,HIGH_VOLUME_NODE
92874.90000000,23.00800000,10.63700000,12.37100000,987911.37500000,1148956.62500000,HIGH_VOLUME_NODE
92875.10000000,42.22200000,19.22200000,23.00000000,1785245.49180000,2136128.97050000,HIGH_VOLUME_NODE
92875.20000000,14.98200000,6.72500000,8.25700000,624586.39250000,766871.35210000,HIGH_VOLUME_NODE
92875.30000000,14.91600000,8.34700000,6.56900000,775230.96380000,610098.50260000,HIGH_VOLUME_NODE
92875.40000000,20.38700000,6.64200000,13.74500000,616879.07100000,1276573.74750000,HIGH_VOLUME_NODE
92875.60000000,35.47900000,15.03300000,20.44600000,1396199.44110000,1898934.77380000,HIGH_VOLUME_NODE
92875.70000000,13.61700000,4.26300000,9.35400000,395929.53540000,868760.23320000,HIGH_VOLUME_NODE
92875.90000000,20.59900000,13.17300000,7.42600000,1223455.54800000,689697.17600000,HIGH_VOLUME_NODE
92876.10000000,15.21200000,5.43900000,9.77300000,505153.32640000,907678.87820000,HIGH_VOLUME_NODE
92876.20000000,22.08800000,7.56500000,14.52300000,702609.20950000,1348842.50490000,HIGH_VOLUME_NODE
92876.30000000,17.46000000,4.16000000,13.30000000,386365.82400000,1235256.12000000,HIGH_VOLUME_NODE
92876.60000000,38.51700000,19.95000000,18.56700000,1852888.77870000,1724440.46010000,HIGH_VOLUME_NODE
92876.80000000,18.90300000,6.68400000,12.21900000,620789.19960000,1134862.84110000,HIGH_VOLUME_NODE
92877.10000000,49.14800000,26.46700000,22.68100000,2458180.34780000,2106547.04600000,HIGH_VOLUME_NODE
92877.20000000,21.60600000,11.15100000,10.45500000,1035674.77230000,971032.17150000,HIGH_VOLUME_NODE
92877.40000000,12.95100000,3.71800000,9.23300000,345318.54500000,857537.95750000,HIGH_VOLUME_NODE
92877.60000000,45.41400000,25.35500000,20.05900000,2354911.82270000,1863033.36170000,HIGH_VOLUME_NODE
92877.70000000,14.68300000,5.56300000,9.12000000,516679.20140000,847045.53600000,HIGH_VOLUME_NODE
92877.80000000,18.60100000,5.38500000,13.21600000,500147.49150000,1227474.32640000,HIGH_VOLUME_NODE
92877.90000000,28.55600000,14.27600000,14.28000000,1325926.32800000,1326297.84000000,HIGH_VOLUME_NODE
92878.10000000,49.85300000,28.35500000,21.49800000,2633559.57910000,1996694.73030000,HIGH_VOLUME_NODE
92878.20000000,32.28700000,7.13800000,25.14900000,662965.30540000,2335796.36670000,HIGH_VOLUME_NODE
92878.30000000,25.73600000,10.08100000,15.65500000,936307.15040000,1454011.35200000,HIGH_VOLUME_NODE
92878.40000000,12.33300000,4.85400000,7.47900000,450832.23900000,694638.30150000,HIGH_VOLUME_NODE
92878.60000000,58.10700000,18.19700000,39.91000000,1690113.27290000,3706786.91280000,HIGH_VOLUME_NODE
92878.70000000,24.22000000,16.71400000,7.50600000,1552376.26320000,697148.27280000,HIGH_VOLUME_NODE
92878.80000000,18.13200000,8.80800000,9.32400000,818077.35120000,866002.86360000,HIGH_VOLUME_NODE
92878.90000000,23.42500000,6.03300000,17.39200000,560339.00700000,1615351.56800000,HIGH_VOLUME_NODE
92879.10000000,27.02800000,16.41600000,10.61200000,1524703.65790000,985633.65130000,HIGH_VOLUME_NODE
92879.40000000,16.71000000,5.46000000,11.25000000,507122.07000000,1044894.37500000,HIGH_VOLUME_NODE
92879.60000000,36.45600000,15.95800000,20.49800000,1482173.87640000,1903847.21020000,HIGH_VOLUME_NODE
92879.70000000,17.19500000,10.87100000,6.32400000,1009696.30580000,587371.85520000,HIGH_VOLUME_NODE
92879.90000000,71.49400000,27.05600000,44.43800000,2512961.28000000,4127401.44000000,HIGH_VOLUME_NODE
92880.10000000,44.33100000,25.90600000,18.42500000,2406152.90530000,1711316.56890000,HIGH_VOLUME_NODE
92880.20000000,15.84400000,5.67200000,10.17200000,526817.06160000,944778.41160000,HIGH_VOLUME_NODE
92880.30000000,23.55400000,18.82100000,4.73300000,1748102.00840000,439602.93320000,HIGH_VOLUME_NODE
92880.60000000,44.88500000,12.87700000,32.00800000,1196024.42530000,2972924.97390000,HIGH_VOLUME_NODE
92880.70000000,23.58700000,17.62300000,5.96400000,1636838.33840000,553941.09120000,HIGH_VOLUME_NODE
92880.80000000,20.14200000,11.99100000,8.15100000,1113734.87190000,757072.21590000,HIGH_VOLUME_NODE
92880.90000000,22.85300000,8.37100000,14.48200000,777506.85100000,1345102.64200000,HIGH_VOLUME_NODE
92881.10000000,40.47100000,15.71200000,24.75900000,1459348.97280000,2299643.77230000,HIGH_VOLUME_NODE
92881.60000000,26.94400000,12.90100000,14.04300000,1198266.64610000,1304336.60810000,HIGH_VOLUME_NODE
92881.70000000,18.61700000,9.85600000,8.76100000,915443.02080000,813737.44980000,HIGH_VOLUME_NODE
92881.80000000,19.03000000,15.98000000,3.05000000,1484252.76200000,283289.79500000,HIGH_VOLUME_NODE
92881.90000000,21.14900000,5.48500000,15.66400000,509457.77000000,1454903.64800000,HIGH_VOLUME_NODE
92882.10000000,32.25500000,16.73100000,15.52400000,1554011.01260000,1441902.30390000,HIGH_VOLUME_NODE
92882.20000000,20.48300000,10.47300000,10.01000000,972756.32790000,929751.82300000,HIGH_VOLUME_NODE
92882.30000000,17.64600000,12.15000000,5.49600000,1128521.16000000,510481.67040000,HIGH_VOLUME_NODE
92882.60000000,44.05000000,7.50900000,36.54100000,697456.01650000,3394025.16260000,HIGH_VOLUME_NODE
92882.70000000,19.80500000,7.01400000,12.79100000,651479.95920000,1188063.89480000,HIGH_VOLUME_NODE
92882.80000000,18.45600000,5.92000000,12.53600000,549866.76800000,1164380.03440000,HIGH_VOLUME_NODE
92882.90000000,23.45900000,7.16200000,16.29700000,665228.04600000,1513714.25100000,HIGH_VOLUME_NODE
92883.10000000,44.07300000,20.41100000,23.66200000,1895838.38640000,2197801.24520000,HIGH_VOLUME_NODE
92883.20000000,23.40100000,14.00700000,9.39400000,1301016.38310000,872545.72020000,HIGH_VOLUME_NODE
92883.40000000,12.78000000,7.28100000,5.49900000,676284.76350000,510766.36650000,HIGH_VOLUME_NODE
92883.60000000,51.03200000,14.14900000,36.88300000,1314210.74840000,3425828.20210000,HIGH_VOLUME_NODE
92883.70000000,13.85400000,10.50700000,3.34700000,975930.08660000,310882.07860000,HIGH_VOLUME_NODE
92883.90000000,13.08100000,4.08800000,8.99300000,379709.79200000,835305.81200000,HIGH_VOLUME_NODE
92884.10000000,23.52800000,14.99900000,8.52900000,1393169.23770000,792208.67700000,HIGH_VOLUME_NODE
92884.20000000,14.18000000,6.43100000,7.74900000,597338.93330000,719760.44070000,HIGH_VOLUME_NODE
92884.30000000,27.82600000,16.44400000,11.38200000,1527391.07360000,1057210.24080000,HIGH_VOLUME_NODE
92884.40000000,13.15400000,8.98800000,4.16600000,834845.88600000,386956.82700000,HIGH_VOLUME_NODE
92884.60000000,33.52900000,18.24900000,15.28000000,1695051.44240000,1419277.82340000,HIGH_VOLUME_NODE
92884.70000000,14.41000000,11.58100000,2.82900000,1075698.86880000,262771.09920000,HIGH_VOLUME_NODE
92884.80000000,12.75400000,5.33200000,7.42200000,495262.28680000,689391.72780000,HIGH_VOLUME_NODE
92884.90000000,40.48200000,14.76800000,25.71400000,1371725.68000000,2388444.89000000,HIGH_VOLUME_NODE
92885.10000000,44.72700000,14.42900000,30.29800000,1340239.93840000,2814234.61970000,HIGH_VOLUME_NODE
92885.20000000,31.33900000,11.25000000,20.08900000,1044959.62500000,1865972.79170000,HIGH_VOLUME_NODE
92885.30000000,32.03600000,15.06800000,16.96800000,1399597.20720000,1576079.46720000,HIGH_VOLUME_NODE
92885.40000000,16.30000000,12.54200000,3.75800000,1164969.94100000,349063.70900000,HIGH_VOLUME_NODE
92885.60000000,24.63000000,12.25500000,12.37500000,1138313.78640000,1149459.79500000,HIGH_VOLUME_NODE
92886.10000000,18.88000000,9.45500000,9.42500000,878238.62950000,875451.93610000,HIGH_VOLUME_NODE
92886.30000000,20.61500000,5.82900000,14.78600000,541434.82560000,1373418.31040000,HIGH_VOLUME_NODE
92886.60000000,15.84200000,8.80800000,7.03400000,818145.38480000,653364.81480000,HIGH_VOLUME_NODE
92886.70000000,13.47900000,10.03200000,3.44700000,931840.37760000,320180.79960000,HIGH_VOLUME_NODE
92886.90000000,28.34700000,5.62500000,22.72200000,522489.37500000,2110578.41400000,HIGH_VOLUME_NODE
92887.10000000,54.87000000,32.15100000,22.71900000,2986414.32510000,2110303.24960000,HIGH_VOLUME_NODE
92887.20000000,15.37800000,5.75500000,9.62300000,534566.41150000,893854.48790000,HIGH_VOLUME_NODE
92887.30000000,26.23000000,5.29200000,20.93800000,491560.12080000,1944876.38120000,HIGH_VOLUME_NODE
92887.40000000,13.95400000,4.84000000,9.11400000,449575.50000000,846576.67500000,HIGH_VOLUME_NODE
92887.60000000,42.91700000,27.56100000,15.35600000,2560076.81640000,1426383.16430000,HIGH_VOLUME_NODE
92887.70000000,31.86800000,9.77800000,22.09000000,908256.90840000,2051891.50200000,HIGH_VOLUME_NODE
92887.80000000,32.39400000,20.37700000,12.01700000,1892776.73830000,1116233.89430000,HIGH_VOLUME_NODE
92887.90000000,102.66900000,56.34000000,46.32900000,5233309.92000000,4303408.15200000,HIGH_VOLUME_NODE
92888.10000000,63.92100000,33.83200000,30.08900000,3142590.90170000,2794912.08630000,HIGH_VOLUME_NODE
92888.60000000,23.60800000,15.58800000,8.02000000,1447947.93390000,744966.80310000,HIGH_VOLUME_NODE
92888.80000000,27.05300000,7.03500000,20.01800000,653473.41150000,1859450.00020000,HIGH_VOLUME_NODE
92888.90000000,36.26300000,15.21800000,21.04500000,1413584.80200000,1954849.00500000,HIGH_VOLUME_NODE
92889.10000000,41.81700000,19.54000000,22.27700000,1815053.19340000,2069292.16400000,HIGH_VOLUME_NODE
92889.20000000,15.41500000,7.35300000,8.06200000,683015.02290000,748873.53660000,HIGH_VOLUME_NODE
92889.40000000,12.93400000,6.87700000,6.05700000,638801.09150000,562631.70150000,HIGH_VOLUME_NODE
92889.60000000,50.45300000,23.30800000,27.14500000,2165072.17850000,2521488.91650000,HIGH_VOLUME_NODE
92889.70000000,22.72800000,10.05800000,12.67000000,934285.60840000,1176913.76600000,HIGH_VOLUME_NODE
92889.80000000,21.03000000,8.20100000,12.82900000,761790.06990000,1191684.52710000,HIGH_VOLUME_NODE
92889.90000000,65.76600000,37.24900000,28.51700000,3460059.61000000,2648944.13000000,HIGH_VOLUME_NODE
92890.10000000,31.20100000,15.16300000,16.03800000,1408493.26270000,1489772.38720000,HIGH_VOLUME_NODE
92890.20000000,21.82800000,9.75000000,12.07800000,905680.42500000,1121929.04340000,HIGH_VOLUME_NODE
92890.40000000,13.46500000,9.76900000,3.69600000,907447.29450000,343323.28800000,HIGH_VOLUME_NODE
92890.60000000,18.73100000,6.13800000,12.59300000,570162.85270000,1169772.09430000,HIGH_VOLUME_NODE
92890.70000000,16.37200000,5.30000000,11.07200000,492321.24000000,1028486.93760000,HIGH_VOLUME_NODE
92890.80000000,15.11100000,9.35800000,5.75300000,869273.04220000,534401.34770000,HIGH_VOLUME_NODE
92890.90000000,20.06100000,9.23900000,10.82200000,858219.94900000,1005266.40200000,HIGH_VOLUME_NODE
92891.10000000,33.15100000,12.37900000,20.77200000,1149899.65850000,1929535.39870000,HIGH_VOLUME_NODE
92891.20000000,13.30500000,7.29600000,6.00900000,677734.92480000,558183.82170000,HIGH_VOLUME_NODE
92891.40000000,16.96200000,7.00500000,9.95700000,650704.95750000,924920.66550000,HIGH_VOLUME_NODE
92891.60000000,13.64900000,5.53000000,8.11900000,513690.81670000,754187.38530000,HIGH_VOLUME_NODE
92891.70000000,12.45600000,6.55500000,5.90100000,608905.74900000,548154.51180000,HIGH_VOLUME_NODE
92891.90000000,18.00500000,7.38300000,10.62200000,685821.63600000,986698.82400000,HIGH_VOLUME_NODE
92892.10000000,34.84700000,9.35700000,25.49000000,869191.89760000,2367821.54040000,HIGH_VOLUME_NODE
92892.20000000,34.19200000,8.31900000,25.87300000,772771.04370000,2403402.47790000,HIGH_VOLUME_NODE
92892.30000000,38.00200000,23.13000000,14.87200000,2148601.21200000,1381495.77280000,HIGH_VOLUME_NODE
92892.40000000,25.35700000,18.23500000,7.12200000,1693894.73750000,661580.38500000,HIGH_VOLUME_NODE
92892.60000000,29.06100000,12.92000000,16.14100000,1200173.10770000,1499380.20040000,HIGH_VOLUME_NODE
92892.70000000,38.57400000,6.25900000,32.31500000,581416.03520000,3001830.83200000,HIGH_VOLUME_NODE
92892.80000000,19.10600000,7.31700000,11.78900000,679697.34930000,1095114.39810000,HIGH_VOLUME_NODE
92892.90000000,16.39300000,10.43300000,5.96000000,969152.66900000,553642.28000000,HIGH_VOLUME_NODE
92893.10000000,50.73600000,19.77500000,30.96100000,1836962.18210000,2876065.68540000,HIGH_VOLUME_NODE
92893.20000000,23.35500000,13.93200000,9.42300000,1294189.45560000,875333.56590000,HIGH_VOLUME_NODE
92893.30000000,22.63300000,13.08700000,9.54600000,1215695.92580000,886760.39640000,HIGH_VOLUME_NODE
92893.40000000,12.46900000,7.74900000,4.72000000,719831.73150000,438457.32000000,HIGH_VOLUME_NODE
92893.60000000,29.44900000,11.37000000,18.07900000,1056201.00610000,1679423.96080000,HIGH_VOLUME_NODE
92893.70000000,14.29700000,3.97800000,10.31900000,369531.53640000,958571.12220000,HIGH_VOLUME_NODE
92893.80000000,16.14700000,5.51500000,10.63200000,512309.85850000,987647.94480000,HIGH_VOLUME_NODE
92893.90000000,49.59800000,10.69300000,38.90500000,993315.54200000,3614041.07000000,HIGH_VOLUME_NODE
92894.10000000,39.72100000,25.77000000,13.95100000,2393883.10910000,1295966.13000000,HIGH_VOLUME_NODE
92894.20000000,14.88600000,10.96700000,3.91900000,1018771.78810000,364052.76170000,HIGH_VOLUME_NODE
92894.30000000,19.40000000,15.31200000,4.08800000,1422399.05280000,379752.30720000,HIGH_VOLUME_NODE
92894.40000000,18.18800000,12.73300000,5.45500000,1182825.66850000,506739.49750000,HIGH_VOLUME_NODE
92894.60000000,32.86100000,9.76900000,23.09200000,907487.91910000,2145122.68770000,HIGH_VOLUME_NODE
92894.90000000,39.97600000,18.74300000,21.23300000,1741130.98500000,1972439.53500000,HIGH_VOLUME_NODE
92895.10000000,46.40000000,15.97700000,30.42300000,1484185.44560000,2826150.12030000,HIGH_VOLUME_NODE
92895.20000000,17.76300000,10.18500000,7.57800000,946138.63050000,703960.58340000,HIGH_VOLUME_NODE
92895.60000000,58.89400000,22.67500000,36.21900000,2106408.32150000,3364586.93410000,HIGH_VOLUME_NODE
92895.70000000,14.27400000,8.08800000,6.18600000,751341.23040000,574653.41880000,HIGH_VOLUME_NODE
92895.90000000,15.29100000,12.02400000,3.26700000,1116981.50400000,303491.23200000,HIGH_VOLUME_NODE
92896.10000000,34.52100000,11.45900000,23.06200000,1064497.22900000,2142370.03530000,HIGH_VOLUME_NODE
92896.40000000,13.24600000,7.52000000,5.72600000,698581.68000000,531925.35900000,HIGH_VOLUME_NODE
92896.60000000,24.67600000,8.66500000,16.01100000,804949.31010000,1487367.84140000,HIGH_VOLUME_NODE
92896.70000000,14.30300000,5.41600000,8.88700000,503129.06880000,825573.86160000,HIGH_VOLUME_NODE
92896.90000000,34.15000000,7.27500000,26.87500000,675825.67500000,2496606.87500000,HIGH_VOLUME_NODE
92897.10000000,67.25100000,35.28700000,31.96400000,3278060.75730000,2969364.34740000,HIGH_VOLUME_NODE
92897.20000000,15.21200000,9.54100000,5.67100000,886333.13930000,526820.58830000,HIGH_VOLUME_NODE
92897.60000000,25.56100000,15.62800000,9.93300000,1451804.95870000,922752.21080000,HIGH_VOLUME_NODE
92897.70000000,21.13800000,6.77900000,14.35900000,629754.18620000,1333919.51020000,HIGH_VOLUME_NODE
92897.80000000,27.14200000,23.21300000,3.92900000,2156438.95270000,364995.84910000,HIGH_VOLUME_NODE
92898.10000000,22.46300000,15.55400000,6.90900000,1444937.67050000,641833.31020000,HIGH_VOLUME_NODE
92898.20000000,91.44400000,2.45600000,88.98800000,228158.22480000,8266833.92040000,HIGH_VOLUME_NODE
92898.30000000,29.31900000,15.45800000,13.86100000,1436023.46720000,1287664.72240000,HIGH_VOLUME_NODE
92898.60000000,28.81800000,10.42500000,18.39300000,968468.53860000,1708685.52220000,HIGH_VOLUME_NODE
92898.70000000,23.47100000,6.49800000,16.97300000,603656.40240000,1576771.33240000,HIGH_VOLUME_NODE
92898.80000000,29.60700000,8.54200000,21.06500000,793542.40380000,1956915.32850000,HIGH_VOLUME_NODE
92898.90000000,22.17900000,12.93600000,9.24300000,1201741.46400000,858665.45700000,HIGH_VOLUME_NODE
92899.10000000,19.52700000,9.98500000,9.54200000,927598.11610000,886443.55570000,HIGH_VOLUME_NODE
92899.20000000,15.64100000,8.64200000,6.99900000,802835.75060000,650202.20070000,HIGH_VOLUME_NODE
92899.30000000,27.87800000,20.77800000,7.10000000,1930263.73320000,659585.74000000,HIGH_VOLUME_NODE
92899.40000000,18.87800000,3.06600000,15.81200000,284829.86700000,1468926.89400000,HIGH_VOLUME_NODE
92899.60000000,13.79500000,5.81700000,7.97800000,540397.10790000,741153.33950000,HIGH_VOLUME_NODE
92899.70000000,13.62400000,2.89800000,10.72600000,269223.62040000,996443.25480000,HIGH_VOLUME_NODE
92899.80000000,55.58800000,5.73100000,49.85700000,532409.32690000,4631710.31430000,HIGH_VOLUME_NODE
92899.90000000,545.03400000,206.10000000,338.93400000,19146690.00000000,31486968.60000000,HIGH_VOLUME_NODE
92900.10000000,73.20600000,39.40200000,33.80400000,3660449.94630000,3140395.30560000,HIGH_VOLUME_NODE
92900.40000000,20.40600000,5.40100000,15.00500000,501755.60050000,1393972.00250000,HIGH_VOLUME_NODE
92900.60000000,25.86400000,11.19400000,14.67000000,1039929.58310000,1362852.58840000,HIGH_VOLUME_NODE
92900.80000000,14.74000000,8.61600000,6.12400000,800434.15440000,568925.11160000,HIGH_VOLUME_NODE
92900.90000000,16.74700000,11.39900000,5.34800000,1058978.49900000,496834.54800000,HIGH_VOLUME_NODE
92901.10000000,29.68000000,11.71800000,17.96200000,1088615.74600000,1668690.23080000,HIGH_VOLUME_NODE
92901.30000000,15.83700000,5.54200000,10.29500000,514859.55880000,956419.91300000,HIGH_VOLUME_NODE
92901.40000000,15.37000000,9.31500000,6.05500000,865377.47250000,562518.58250000,HIGH_VOLUME_NODE
92901.60000000,28.54400000,15.88500000,12.65900000,1475742.52700000,1176041.92250000,HIGH_VOLUME_NODE
92901.70000000,13.51900000,9.83700000,3.68200000,913875.00660000,342064.42760000,HIGH_VOLUME_NODE
92901.90000000,27.72600000,11.81100000,15.91500000,1097265.52200000,1478535.33000000,HIGH_VOLUME_NODE
92902.10000000,41.21300000,21.39800000,19.81500000,1987920.37490000,1840856.25130000,HIGH_VOLUME_NODE
92902.20000000,15.15900000,12.37000000,2.78900000,1149201.45100000,259104.51470000,HIGH_VOLUME_NODE
92902.40000000,13.49300000,5.20300000,8.29000000,483371.70750000,770161.72500000,HIGH_VOLUME_NODE
92902.60000000,25.33200000,10.25400000,15.07800000,952623.63720000,1400786.71910000,HIGH_VOLUME_NODE
92902.70000000,13.02500000,8.87100000,4.15400000,824140.73880000,385918.23120000,HIGH_VOLUME_NODE
92902.80000000,15.69700000,8.17800000,7.51900000,759759.91620000,698536.90510000,HIGH_VOLUME_NODE
92903.10000000,30.85800000,19.24400000,11.61400000,1787827.56920000,1078977.25070000,HIGH_VOLUME_NODE
92903.20000000,15.42000000,6.52100000,8.89900000,605822.41930000,826746.46670000,HIGH_VOLUME_NODE
92903.30000000,15.29600000,9.27400000,6.02200000,861586.13160000,559464.27480000,HIGH_VOLUME_NODE
92903.40000000,16.93300000,6.25400000,10.67900000,581018.48900000,992116.47650000,HIGH_VOLUME_NODE
92903.60000000,32.82200000,13.17800000,19.64400000,1224284.39220000,1824999.34650000,HIGH_VOLUME_NODE
92904.10000000,34.25700000,15.99500000,18.26200000,1486002.24430000,1696615.89270000,HIGH_VOLUME_NODE
92904.20000000,24.62800000,18.14800000,6.48000000,1686027.23640000,602019.86400000,HIGH_VOLUME_NODE
92904.30000000,18.02300000,9.61800000,8.40500000,893554.51920000,780861.48200000,HIGH_VOLUME_NODE
92904.60000000,22.52800000,5.19000000,17.33800000,482175.10570000,1610781.49000000,HIGH_VOLUME_NODE
92904.80000000,23.12400000,5.65200000,17.47200000,525098.49480000,1623234.41280000,HIGH_VOLUME_NODE
92904.90000000,26.97600000,12.95600000,14.02000000,1203677.18000000,1302528.10000000,HIGH_VOLUME_NODE
92905.10000000,36.85200000,29.86600000,6.98600000,2774704.55370000,649035.38610000,HIGH_VOLUME_NODE
92905.60000000,27.75100000,9.26700000,18.48400000,860956.45590000,1717268.75850000,HIGH_VOLUME_NODE
92905.70000000,15.27600000,8.74600000,6.53000000,812554.12680000,606674.87400000,HIGH_VOLUME_NODE
92905.90000000,25.46200000,6.79700000,18.66500000,631482.08200000,1734090.49000000,HIGH_VOLUME_NODE
92906.10000000,61.25100000,19.50100000,41.75000000,1811763.37490000,3878831.58690000,HIGH_VOLUME_NODE
92906.20000000,17.85000000,13.30900000,4.54100000,1236489.94670000,421887.50830000,HIGH_VOLUME_NODE
92906.70000000,25.99200000,4.76900000,21.22300000,443072.52920000,1971761.01640000,HIGH_VOLUME_NODE
92906.80000000,24.32200000,10.54000000,13.78200000,979238.72600000,1280442.89580000,HIGH_VOLUME_NODE
92906.90000000,42.27300000,27.32500000,14.94800000,2538683.77500000,1388773.83600000,HIGH_VOLUME_NODE
92907.10000000,17.68000000,8.06000000,9.62000000,748831.64400000,893766.74280000,HIGH_VOLUME_NODE
92907.20000000,26.10300000,13.81500000,12.28800000,1283514.34950000,1141644.90240000,HIGH_VOLUME_NODE
92907.60000000,22.18100000,6.87700000,15.30400000,638925.87820000,1421859.07680000,HIGH_VOLUME_NODE
92907.70000000,15.81600000,10.90500000,4.91100000,1013159.55900000,456270.20580000,HIGH_VOLUME_NODE
92907.80000000,17.53400000,4.33500000,13.19900000,402755.74650000,1226291.37210000,HIGH_VOLUME_NODE
92907.90000000,12.66300000,4.78300000,7.88000000,444378.96400000,732115.04000000,HIGH_VOLUME_NODE
92908.10000000,43.30300000,28.55400000,14.74900000,2652899.12650000,1370302.38000000,HIGH_VOLUME_NODE
92908.20000000,18.81800000,9.65200000,9.16600000,896750.91160000,851597.47780000,HIGH_VOLUME_NODE
92908.60000000,34.94000000,6.67200000,28.26800000,619886.57680000,2626342.20060000,HIGH_VOLUME_NODE
92908.70000000,54.38600000,20.56500000,33.82100000,1910669.47200000,3142268.52480000,HIGH_VOLUME_NODE
92908.80000000,12.57700000,7.39900000,5.17800000,687432.95110000,481082.28420000,HIGH_VOLUME_NODE
92908.90000000,17.88800000,2.83900000,15.04900000,263768.65100000,1398187.54100000,HIGH_VOLUME_NODE
92909.10000000,53.11300000,32.00900000,21.10400000,2973928.03920000,1960755.18850000,HIGH_VOLUME_NODE
92909.60000000,48.82700000,15.06800000,33.75900000,1399962.74220000,3136536.19630000,HIGH_VOLUME_NODE
92909.70000000,13.07100000,10.11700000,2.95400000,939968.44660000,274455.54920000,HIGH_VOLUME_NODE
92909.80000000,23.96700000,2.45500000,21.51200000,228093.80450000,1998677.76880000,HIGH_VOLUME_NODE
92909.90000000,74.67800000,25.88300000,48.79500000,2404789.53000000,4533543.45000000,HIGH_VOLUME_NODE
92910.10000000,58.64400000,35.85100000,22.79300000,3330920.84230000,2117700.99050000,HIGH_VOLUME_NODE
92910.20000000,14.65300000,7.20500000,7.44800000,669418.71150000,691995.91440000,HIGH_VOLUME_NODE
92910.40000000,15.80700000,5.41200000,10.39500000,502831.62600000,965804.64750000,HIGH_VOLUME_NODE
92910.60000000,54.50000000,39.75900000,14.74100000,3694034.98240000,1369595.82230000,HIGH_VOLUME_NODE
92910.70000000,25.16700000,9.55100000,15.61600000,887391.05080000,1450895.05280000,HIGH_VOLUME_NODE
92910.80000000,24.37600000,9.80100000,14.57500000,910619.73090000,1354176.36750000,HIGH_VOLUME_NODE
92910.90000000,48.93600000,11.82100000,37.11500000,1098300.93100000,3448391.76500000,HIGH_VOLUME_NODE
92911.10000000,43.76900000,17.43700000,26.33200000,1620091.36380000,2446536.85810000,HIGH_VOLUME_NODE
92911.20000000,15.73900000,3.81200000,11.92700000,354177.87560000,1108153.07510000,HIGH_VOLUME_NODE
92911.30000000,12.58200000,3.42000000,9.16200000,317756.98800000,851254.24680000,HIGH_VOLUME_NODE
92911.40000000,14.10400000,10.64000000,3.46400000,988578.36000000,321845.43600000,HIGH_VOLUME_NODE
92911.60000000,19.40400000,9.42800000,9.97600000,875971.04330000,926886.32440000,HIGH_VOLUME_NODE
92911.80000000,14.97600000,7.58900000,7.38700000,705108.40910000,686340.20530000,HIGH_VOLUME_NODE
92911.90000000,14.35500000,4.72100000,9.63400000,438637.55200000,895114.20800000,HIGH_VOLUME_NODE
92912.10000000,48.42900000,28.82200000,19.60700000,2677914.90590000,1821728.17110000,HIGH_VOLUME_NODE
92912.20000000,16.40800000,5.04900000,11.35900000,469114.20270000,1055390.81570000,HIGH_VOLUME_NODE
92912.30000000,14.34300000,10.14200000,4.20100000,942317.56080000,390324.99240000,HIGH_VOLUME_NODE
92912.60000000,14.67700000,5.46100000,9.21600000,507395.88420000,856282.91440000,HIGH_VOLUME_NODE
92912.80000000,18.26700000,2.35200000,15.91500000,218531.14080000,1478708.80350000,HIGH_VOLUME_NODE
92912.90000000,25.16000000,12.19700000,12.96300000,1133259.86100000,1204431.21900000,HIGH_VOLUME_NODE
92913.10000000,23.17300000,11.50100000,11.67200000,1068594.32980000,1084482.09080000,HIGH_VOLUME_NODE
92913.20000000,24.59400000,7.87500000,16.71900000,731692.23750000,1553417.46270000,HIGH_VOLUME_NODE
92913.30000000,19.31500000,6.11900000,13.19600000,568537.09460000,1226085.22640000,HIGH_VOLUME_NODE
92913.40000000,20.02900000,10.76100000,9.26800000,999842.17350000,861122.31800000,HIGH_VOLUME_NODE
92913.60000000,15.71000000,6.74100000,8.96900000,626330.85200000,833342.63380000,HIGH_VOLUME_NODE
92913.70000000,17.28800000,10.32900000,6.95900000,959706.64020000,646587.13420000,HIGH_VOLUME_NODE
92913.80000000,18.67400000,7.65700000,11.01700000,711441.73230000,1023632.43630000,HIGH_VOLUME_NODE
92913.90000000,25.96300000,16.02700000,9.93600000,1489132.67800000,923193.50400000,HIGH_VOLUME_NODE
92914.10000000,48.40300000,18.63100000,29.77200000,1731083.21900000,2766240.20770000,HIGH_VOLUME_NODE
92914.30000000,12.22600000,5.16900000,7.05700000,480274.53360000,655696.92080000,HIGH_VOLUME_NODE
92914.40000000,30.55000000,17.85700000,12.69300000,1659174.22650000,1179363.74850000,HIGH_VOLUME_NODE
92914.60000000,18.38600000,10.03500000,8.35100000,932398.28100000,775930.44620000,HIGH_VOLUME_NODE
92914.70000000,14.35700000,7.57200000,6.78500000,703550.86560000,630426.91800000,HIGH_VOLUME_NODE
92914.80000000,14.71400000,8.80000000,5.91400000,817651.12000000,549498.71860000,HIGH_VOLUME_NODE
92914.90000000,17.81400000,10.44400000,7.37000000,970404.26000000,684783.55000000,HIGH_VOLUME_NODE
92915.10000000,49.71300000,39.39200000,10.32100000,3660114.82630000,958977.29360000,HIGH_VOLUME_NODE
92915.20000000,29.74000000,3.90800000,25.83200000,363112.99240000,2400188.02960000,HIGH_VOLUME_NODE
92915.30000000,27.47600000,14.70800000,12.76800000,1366599.70320000,1186343.82720000,HIGH_VOLUME_NODE
92915.40000000,23.70800000,11.62200000,12.08600000,1079863.94100000,1122976.73300000,HIGH_VOLUME_NODE
92915.60000000,26.06300000,17.50500000,8.55800000,1626488.55100000,795172.07590000,HIGH_VOLUME_NODE
92915.80000000,12.61800000,5.66600000,6.95200000,526461.48940000,645951.33680000,HIGH_VOLUME_NODE
92915.90000000,24.55700000,14.62500000,9.93200000,1358896.50000000,922841.71200000,HIGH_VOLUME_NODE
92916.10000000,44.89600000,13.45000000,31.44600000,1249722.10300000,2921841.59940000,HIGH_VOLUME_NODE
92916.30000000,33.98900000,25.78400000,8.20500000,2395756.45760000,762379.06200000,HIGH_VOLUME_NODE
92916.60000000,29.17700000,14.45900000,14.71800000,1343482.17690000,1367547.40790000,HIGH_VOLUME_NODE
92916.70000000,16.82200000,7.35100000,9.47100000,683031.39680000,880015.01280000,HIGH_VOLUME_NODE
92916.80000000,27.83500000,20.40700000,7.42800000,1896155.17830000,690186.73320000,HIGH_VOLUME_NODE
92916.90000000,24.60400000,13.79400000,10.81000000,1281697.09800000,1004432.77000000,HIGH_VOLUME_NODE
92917.10000000,49.11600000,22.61600000,26.50000000,2101414.03590000,2462303.89910000,HIGH_VOLUME_NODE
92917.20000000,24.97200000,11.35700000,13.61500000,1055261.77610000,1265069.03950000,HIGH_VOLUME_NODE
92917.30000000,17.20600000,8.53300000,8.67300000,792864.17420000,805872.61020000,HIGH_VOLUME_NODE
92917.40000000,27.48400000,7.87100000,19.61300000,731353.64250000,1822390.92750000,HIGH_VOLUME_NODE
92917.60000000,44.90000000,15.49600000,29.40400000,1439852.30230000,2732149.98520000,HIGH_VOLUME_NODE
92917.70000000,15.16600000,8.52900000,6.63700000,792495.91620000,616695.43860000,HIGH_VOLUME_NODE
92917.90000000,35.56100000,10.84100000,24.72000000,1007324.03800000,2296932.96000000,HIGH_VOLUME_NODE
92918.10000000,42.07100000,20.41200000,21.65900000,1896644.99870000,2012513.67750000,HIGH_VOLUME_NODE
92918.20000000,39.63900000,13.35500000,26.28400000,1240923.89650000,2442264.59720000,HIGH_VOLUME_NODE
92918.30000000,20.52600000,13.19000000,7.33600000,1225593.69600000,681649.38240000,HIGH_VOLUME_NODE
92918.40000000,22.50300000,13.69900000,8.80400000,1272890.53150000,818054.47400000,HIGH_VOLUME_NODE
92918.60000000,57.09900000,25.39500000,31.70400000,2359669.56310000,2945891.77880000,HIGH_VOLUME_NODE
92918.90000000,38.22200000,23.18500000,15.03700000,2154327.01500000,1397223.00300000,HIGH_VOLUME_NODE
92919.10000000,40.50900000,25.62800000,14.88100000,2381331.80090000,1382730.15640000,HIGH_VOLUME_NODE
92919.20000000,14.28300000,5.85400000,8.42900000,543949.58220000,783216.77970000,HIGH_VOLUME_NODE
92919.30000000,17.25500000,12.69100000,4.56400000,1179240.10540000,424084.14160000,HIGH_VOLUME_NODE
92919.40000000,26.70900000,4.28300000,22.42600000,397974.21850000,2083812.70700000,HIGH_VOLUME_NODE
92919.60000000,32.54500000,10.40100000,22.14400000,966457.32750000,2057612.57050000,HIGH_VOLUME_NODE
92919.80000000,46.93800000,15.32500000,31.61300000,1423997.46750000,2937476.79870000,HIGH_VOLUME_NODE
92919.90000000,116.29400000,71.82900000,44.46500000,6674350.68000000,4131687.80000000,HIGH_VOLUME_NODE
92920.10000000,61.32200000,36.48500000,24.83700000,3390190.82470000,2307857.19010000,HIGH_VOLUME_NODE
92920.20000000,17.78100000,3.00500000,14.77600000,279225.50150000,1372990.35280000,HIGH_VOLUME_NODE
92920.30000000,27.69200000,18.56600000,9.12600000,1725160.14640000,847991.57040000,HIGH_VOLUME_NODE
92920.40000000,14.93200000,7.77000000,7.16200000,721992.28500000,665496.62100000,HIGH_VOLUME_NODE
92920.60000000,32.27100000,20.66100000,11.61000000,1919833.42710000,1078808.92670000,HIGH_VOLUME_NODE
92920.70000000,19.12400000,9.01700000,10.10700000,837866.85360000,939150.52560000,HIGH_VOLUME_NODE
92920.80000000,30.94000000,17.04100000,13.89900000,1583465.05690000,1291507.58910000,HIGH_VOLUME_NODE
92920.90000000,15.52300000,7.69100000,7.83200000,714655.41100000,727757.27200000,HIGH_VOLUME_NODE
92921.10000000,30.99500000,8.86000000,22.13500000,823281.55880000,2056809.96830000,HIGH_VOLUME_NODE
92921.20000000,18.09400000,11.78000000,6.31400000,1094612.91400000,586705.08820000,HIGH_VOLUME_NODE
92921.30000000,20.33600000,13.21100000,7.12500000,1227584.61540000,662064.97500000,HIGH_VOLUME_NODE
92921.60000000,23.69700000,10.26100000,13.43600000,953469.02510000,1248495.64000000,HIGH_VOLUME_NODE
92921.70000000,15.70500000,7.76000000,7.94500000,721073.16800000,738263.70100000,HIGH_VOLUME_NODE
92921.80000000,15.42300000,10.10900000,5.31400000,939347.48710000,493786.97660000,HIGH_VOLUME_NODE
92921.90000000,39.99900000,26.26500000,13.73400000,2440596.33000000,1276190.74800000,HIGH_VOLUME_NODE
92922.10000000,36.89700000,12.30500000,24.59200000,1143406.94270000,2285142.17020000,HIGH_VOLUME_NODE
92922.20000000,36.55900000,10.87700000,25.68200000,1010715.85710000,2386430.50860000,HIGH_VOLUME_NODE
92922.30000000,38.64000000,20.82000000,17.82000000,1934644.36800000,1655877.16800000,HIGH_VOLUME_NODE
92922.40000000,18.88800000,8.75600000,10.13200000,813629.41000000,941490.77000000,HIGH_VOLUME_NODE
92922.60000000,19.92200000,12.95500000,6.96700000,1203812.84860000,647391.95930000,HIGH_VOLUME_NODE
92922.80000000,16.52500000,5.72300000,10.80200000,531797.75670000,1003753.16580000,HIGH_VOLUME_NODE
92922.90000000,17.79600000,12.84900000,4.94700000,1193967.62700000,459690.08100000,HIGH_VOLUME_NODE
92923.10000000,49.39800000,26.58800000,22.81000000,2470640.94200000,2119576.57610000,HIGH_VOLUME_NODE
92923.20000000,18.63300000,14.18200000,4.45100000,1317838.24060000,413601.60830000,HIGH_VOLUME_NODE
92923.40000000,12.90500000,3.92200000,8.98300000,364445.96700000,834731.80050000,HIGH_VOLUME_NODE
92923.60000000,45.09100000,22.48900000,22.60200000,2089760.23470000,2100259.57450000,HIGH_VOLUME_NODE
92923.70000000,22.00100000,15.12500000,6.87600000,1405472.47500000,638944.04880000,HIGH_VOLUME_NODE
92923.80000000,44.30400000,3.71200000,40.59200000,344933.51680000,3771966.94880000,HIGH_VOLUME_NODE
92923.90000000,29.77900000,20.20800000,9.57100000,1877808.19200000,889375.60400000,HIGH_VOLUME_NODE
92924.10000000,23.56900000,12.61900000,10.95000000,1172609.60960000,1017518.99510000,HIGH_VOLUME_NODE
92924.20000000,26.46000000,14.20300000,12.25700000,1319803.83290000,1138973.14510000,HIGH_VOLUME_NODE
92924.30000000,22.70100000,6.95900000,15.74200000,646660.89960000,1462815.90480000,HIGH_VOLUME_NODE
92924.40000000,21.64000000,10.71400000,10.92600000,995593.09300000,1015293.08700000,HIGH_VOLUME_NODE
92924.60000000,28.96200000,18.26800000,10.69400000,1697547.31020000,993735.80890000,HIGH_VOLUME_NODE
92924.70000000,17.83000000,5.75800000,12.07200000,535060.99840000,1121788.18560000,HIGH_VOLUME_NODE
92924.80000000,19.80500000,5.23700000,14.56800000,486647.70130000,1353729.94320000,HIGH_VOLUME_NODE
92924.90000000,47.50000000,22.13200000,25.36800000,2056616.10000000,2357321.40000000,HIGH_VOLUME_NODE
92925.10000000,42.57100000,29.50100000,13.07000000,2741384.34520000,1214531.90360000,HIGH_VOLUME_NODE
92925.20000000,14.05000000,9.46500000,4.58500000,879537.96450000,426062.50050000,HIGH_VOLUME_NODE
92925.30000000,17.46300000,11.21300000,6.25000000,1041972.51020000,580783.75000000,HIGH_VOLUME_NODE
92925.40000000,13.06800000,8.50600000,4.56200000,790424.30300000,423926.13100000,HIGH_VOLUME_NODE
92925.60000000,33.34400000,16.74200000,16.60200000,1555760.89750000,1542751.29920000,HIGH_VOLUME_NODE
92925.70000000,22.74300000,9.12500000,13.61800000,847947.92500000,1265463.54440000,HIGH_VOLUME_NODE
92925.80000000,28.94800000,23.33300000,5.61500000,2168240.02470000,521778.92850000,HIGH_VOLUME_NODE
92926.10000000,23.86900000,7.12400000,16.74500000,662006.04410000,1556048.19270000,HIGH_VOLUME_NODE
92926.20000000,19.11300000,13.57800000,5.53500000,1261753.30140000,514347.07050000,HIGH_VOLUME_NODE
92926.30000000,19.74800000,11.55000000,8.19800000,1073299.92000000,761810.62720000,HIGH_VOLUME_NODE
92926.40000000,15.02900000,6.21900000,8.81000000,577909.90350000,818682.46500000,HIGH_VOLUME_NODE
92926.60000000,37.71400000,25.13800000,12.57600000,2335989.92310000,1168645.65500000,HIGH_VOLUME_NODE
92926.70000000,14.38700000,9.01900000,5.36800000,838106.80920000,498831.06240000,HIGH_VOLUME_NODE
92926.80000000,20.48200000,10.64400000,9.83800000,989113.92360000,914214.84220000,HIGH_VOLUME_NODE
92926.90000000,25.76900000,4.08900000,21.68000000,379978.50300000,2014657.36000000,HIGH_VOLUME_NODE
92927.10000000,30.28500000,18.76300000,11.52200000,1743591.63860000,1070706.44930000,HIGH_VOLUME_NODE
92927.20000000,15.13800000,8.89800000,6.24000000,826867.11540000,579866.35200000,HIGH_VOLUME_NODE
92927.30000000,19.60900000,9.66300000,9.94600000,897957.46620000,924255.92040000,HIGH_VOLUME_NODE
92927.40000000,19.88600000,7.96000000,11.92600000,739702.90000000,1108253.36500000,HIGH_VOLUME_NODE
92927.60000000,30.50700000,23.31600000,7.19100000,2166700.59080000,668242.75130000,HIGH_VOLUME_NODE
92927.70000000,15.05200000,6.62400000,8.42800000,615553.74720000,783195.49840000,HIGH_VOLUME_NODE
92927.80000000,18.01600000,8.07300000,9.94300000,750206.93670000,923982.10970000,HIGH_VOLUME_NODE
92927.90000000,18.83600000,10.34300000,8.49300000,961154.30400000,789237.50400000,HIGH_VOLUME_NODE
92928.10000000,24.42900000,7.71700000,16.71200000,717126.68160000,1553015.08740000,HIGH_VOLUME_NODE
92928.20000000,12.66400000,3.84400000,8.82000000,357216.38520000,819627.60600000,HIGH_VOLUME_NODE
92928.30000000,21.95800000,11.32100000,10.63700000,1052042.41640000,988479.39080000,HIGH_VOLUME_NODE
92928.40000000,19.05900000,7.78400000,11.27500000,723355.44400000,1047768.83750000,HIGH_VOLUME_NODE
92928.60000000,25.71100000,14.93400000,10.77700000,1387796.56510000,1001492.21320000,HIGH_VOLUME_NODE
92928.90000000,14.72300000,5.59300000,9.13000000,519751.89700000,848441.77000000,HIGH_VOLUME_NODE
92929.10000000,64.59400000,36.35400000,28.24000000,3378347.07710000,2624319.41650000,HIGH_VOLUME_NODE
92929.20000000,14.72300000,8.60600000,6.11700000,799749.55580000,568448.52810000,HIGH_VOLUME_NODE
92929.30000000,27.09900000,15.23700000,11.86200000,1415965.26780000,1102328.54280000,HIGH_VOLUME_NODE
92929.40000000,34.73800000,16.65400000,18.08400000,1547647.89300000,1680537.07800000,HIGH_VOLUME_NODE
92929.60000000,34.40600000,15.90000000,18.50600000,1477581.11220000,1719756.45720000,HIGH_VOLUME_NODE
92929.70000000,16.50800000,8.53600000,7.97200000,793248.77280000,740836.36560000,HIGH_VOLUME_NODE
92929.80000000,20.81000000,4.56900000,16.24100000,424596.71310000,1509274.50590000,HIGH_VOLUME_NODE
92929.90000000,159.33000000,128.44000000,30.89000000,11935929.20000000,2870607.70000000,HIGH_VOLUME_NODE
92930.10000000,33.49900000,20.69000000,12.80900000,1922724.25990000,1190342.49650000,HIGH_VOLUME_NODE
92930.20000000,19.30700000,10.08700000,9.22000000,937387.93610000,856817.36600000,HIGH_VOLUME_NODE
92930.30000000,29.33000000,11.38000000,17.95000000,1057547.95200000,1668100.68000000,HIGH_VOLUME_NODE
92930.40000000,15.71100000,11.14600000,4.56500000,1035803.35300000,424227.73250000,HIGH_VOLUME_NODE
92930.60000000,22.56100000,14.09500000,8.46600000,1309857.68650000,786750.89930000,HIGH_VOLUME_NODE
92930.70000000,24.57700000,14.28200000,10.29500000,1327237.68560000,956722.58600000,HIGH_VOLUME_NODE
92930.80000000,15.20200000,9.43600000,5.76600000,876895.97240000,535839.56940000,HIGH_VOLUME_NODE
92931.10000000,33.15700000,13.32900000,19.82800000,1238678.95480000,1842639.13610000,HIGH_VOLUME_NODE
92931.20000000,25.80500000,4.62700000,21.17800000,429993.12510000,1968099.07140000,HIGH_VOLUME_NODE
92931.30000000,12.37400000,7.28300000,5.09100000,676819.38620000,473113.75740000,HIGH_VOLUME_NODE
92931.60000000,46.52300000,15.42000000,31.10300000,1433005.99730000,2890453.33650000,HIGH_VOLUME_NODE
92931.70000000,23.33200000,10.13800000,13.19400000,942142.58840000,1226142.16920000,HIGH_VOLUME_NODE
92931.80000000,13.60900000,7.99400000,5.61500000,742897.60860000,521812.61850000,HIGH_VOLUME_NODE
92931.90000000,17.45200000,11.21900000,6.23300000,1042604.10800000,579245.15600000,HIGH_VOLUME_NODE
92932.10000000,30.21800000,14.83100000,15.38700000,1378276.46480000,1429947.16380000,HIGH_VOLUME_NODE
92932.20000000,21.63700000,18.20100000,3.43600000,1691460.79230000,319315.38280000,HIGH_VOLUME_NODE
92932.40000000,24.14200000,4.44200000,19.70000000,412806.16500000,1830770.25000000,HIGH_VOLUME_NODE
92932.60000000,19.74200000,7.02000000,12.72200000,652387.24640000,1182289.42330000,HIGH_VOLUME_NODE
92932.70000000,12.98200000,7.92000000,5.06200000,736027.77600000,470425.83360000,HIGH_VOLUME_NODE
92932.80000000,13.42300000,7.54800000,5.87500000,701457.52920000,545980.78750000,HIGH_VOLUME_NODE
92932.90000000,24.52100000,15.52500000,8.99600000,1442784.82500000,836025.26800000,HIGH_VOLUME_NODE
92933.10000000,41.07900000,26.18000000,14.89900000,2432990.07450000,1384610.61470000,HIGH_VOLUME_NODE
92933.20000000,15.88000000,5.22800000,10.65200000,485855.29240000,989925.51160000,HIGH_VOLUME_NODE
92933.30000000,16.81200000,8.14600000,8.66600000,757035.47640000,805360.84440000,HIGH_VOLUME_NODE
92933.40000000,18.25400000,11.77700000,6.47700000,1094477.82950000,601930.27950000,HIGH_VOLUME_NODE
92933.60000000,32.82800000,10.99400000,21.83400000,1021712.47730000,2029112.97920000,HIGH_VOLUME_NODE
92933.70000000,28.33300000,15.81600000,12.51700000,1469840.98080000,1163252.37460000,HIGH_VOLUME_NODE
92933.80000000,18.65800000,9.68700000,8.97100000,900250.68930000,833710.01690000,HIGH_VOLUME_NODE
92933.90000000,28.47000000,17.63700000,10.83300000,1639076.95800000,1006754.02200000,HIGH_VOLUME_NODE
92934.10000000,36.63000000,24.76600000,11.86400000,2301607.32490000,1102570.56590000,HIGH_VOLUME_NODE
92934.20000000,12.85500000,3.02900000,9.82600000,281497.99470000,913172.43180000,HIGH_VOLUME_NODE
92934.30000000,27.39100000,15.34600000,12.04500000,1426171.30240000,1119394.84800000,HIGH_VOLUME_NODE
92934.60000000,31.41700000,11.41400000,20.00300000,1060756.30550000,1858971.10390000,HIGH_VOLUME_NODE
92934.70000000,20.26100000,5.01300000,15.24800000,465882.15240000,1417069.83040000,HIGH_VOLUME_NODE
92934.80000000,20.71500000,15.02300000,5.69200000,1396161.00270000,528985.45080000,HIGH_VOLUME_NODE
92934.90000000,12.99100000,6.80600000,6.18500000,632515.61000000,574802.97500000,HIGH_VOLUME_NODE
92935.10000000,29.27900000,12.94700000,16.33200000,1203231.11360000,1517817.18980000,HIGH_VOLUME_NODE
92935.60000000,15.09100000,7.92300000,7.16800000,736329.38440000,666162.85060000,HIGH_VOLUME_NODE
92935.70000000,16.67300000,4.95800000,11.71500000,460775.69640000,1088742.89700000,HIGH_VOLUME_NODE
92935.80000000,17.87300000,8.74200000,9.13100000,812445.63780000,848597.70290000,HIGH_VOLUME_NODE
92935.90000000,12.48400000,4.77000000,7.71400000,443304.72000000,716908.30400000,HIGH_VOLUME_NODE
92936.10000000,20.31500000,14.07500000,6.24000000,1308076.33830000,579921.51870000,HIGH_VOLUME_NODE
92936.30000000,13.69900000,7.29100000,6.40800000,677599.29240000,595536.45120000,HIGH_VOLUME_NODE
92936.40000000,12.97200000,2.72000000,10.25200000,252787.28000000,952784.99800000,HIGH_VOLUME_NODE
92936.60000000,42.04000000,22.27300000,19.76700000,2069978.43470000,1837077.98080000,HIGH_VOLUME_NODE
92936.80000000,30.10700000,21.14400000,8.96300000,1965057.81360000,832993.43470000,HIGH_VOLUME_NODE
92936.90000000,36.19900000,24.90500000,11.29400000,2314595.98500000,1049630.47800000,HIGH_VOLUME_NODE
92937.10000000,29.59800000,22.29300000,7.30500000,2071847.36230000,678905.82770000,HIGH_VOLUME_NODE
92937.40000000,26.47300000,5.41300000,21.06000000,503070.68750000,1957263.75000000,HIGH_VOLUME_NODE
92937.60000000,72.10200000,29.36000000,42.74200000,2728649.40300000,3972340.86070000,HIGH_VOLUME_NODE
92937.70000000,20.97500000,14.12300000,6.85200000,1312560.54940000,636809.80560000,HIGH_VOLUME_NODE
92937.80000000,20.23300000,12.77600000,7.45700000,1187374.61040000,693037.92030000,HIGH_VOLUME_NODE
92938.10000000,43.16600000,27.47900000,15.68700000,2553847.61700000,1457920.41630000,HIGH_VOLUME_NODE
92938.20000000,23.89000000,6.92500000,16.96500000,643597.72750000,1576698.25950000,HIGH_VOLUME_NODE
92938.30000000,21.37300000,10.66100000,10.71200000,990816.28240000,995556.14080000,HIGH_VOLUME_NODE
92938.40000000,37.70500000,25.40300000,12.30200000,2360916.71550000,1143329.42700000,HIGH_VOLUME_NODE
92938.60000000,53.22700000,33.03100000,20.19600000,3069857.04130000,1876988.40710000,HIGH_VOLUME_NODE
92938.70000000,18.06300000,3.86800000,14.19500000,359487.27840000,1319266.26600000,HIGH_VOLUME_NODE
92938.80000000,22.12900000,13.44500000,8.68400000,1249563.51050000,807081.40760000,HIGH_VOLUME_NODE
92938.90000000,18.43700000,11.37200000,7.06500000,1056902.30800000,656614.03500000,HIGH_VOLUME_NODE
92939.10000000,28.25300000,18.75600000,9.49700000,1743166.12750000,882643.25880000,HIGH_VOLUME_NODE
92939.40000000,17.91500000,7.61200000,10.30300000,707455.47400000,957555.66850000,HIGH_VOLUME_NODE
92939.60000000,49.64000000,36.40500000,13.23500000,3383468.81970000,1230056.16570000,HIGH_VOLUME_NODE
92939.80000000,13.12000000,8.09400000,5.02600000,752255.55060000,467115.93740000,HIGH_VOLUME_NODE
92939.90000000,82.41100000,31.51400000,50.89700000,2928911.16000000,4730367.18000000,HIGH_VOLUME_NODE
92940.10000000,38.48600000,24.23700000,14.24900000,2252590.44540000,1324303.86140000,HIGH_VOLUME_NODE
92940.20000000,14.66800000,10.21800000,4.45000000,949663.98540000,413584.33500000,HIGH_VOLUME_NODE
92940.30000000,17.35000000,7.33500000,10.01500000,681717.83400000,930798.10600000,HIGH_VOLUME_NODE
92940.40000000,16.44700000,3.40700000,13.04000000,316648.28350000,1211944.12000000,HIGH_VOLUME_NODE
92940.60000000,21.65900000,14.71000000,6.94900000,1367156.56810000,645844.56670000,HIGH_VOLUME_NODE
92940.90000000,21.20600000,3.97800000,17.22800000,369719.29800000,1601187.54800000,HIGH_VOLUME_NODE
92941.10000000,59.68500000,24.66700000,35.01800000,2292579.81420000,3254613.73460000,HIGH_VOLUME_NODE
92941.20000000,16.69200000,9.22400000,7.46800000,857290.55120000,694085.62840000,HIGH_VOLUME_NODE
92941.40000000,14.16800000,9.11300000,5.05500000,846975.88950000,469819.28250000,HIGH_VOLUME_NODE
92941.60000000,16.36800000,5.49700000,10.87100000,510900.26150000,1010368.86800000,HIGH_VOLUME_NODE
92941.70000000,12.76600000,8.84700000,3.91900000,822256.10460000,364238.91420000,HIGH_VOLUME_NODE
92941.80000000,17.81200000,6.60100000,11.21100000,613509.48190000,1041971.64090000,HIGH_VOLUME_NODE
92941.90000000,25.64000000,12.95900000,12.68100000,1204435.37800000,1178597.50200000,HIGH_VOLUME_NODE
92942.10000000,44.69100000,23.47400000,21.21700000,2181724.22180000,1971953.13200000,HIGH_VOLUME_NODE
92942.40000000,13.73800000,4.18100000,9.55700000,388592.59250000,888251.47250000,HIGH_VOLUME_NODE
92942.60000000,31.37000000,18.39300000,12.97700000,1709493.88230000,1206116.42750000,HIGH_VOLUME_NODE
92942.70000000,14.86900000,1.84600000,13.02300000,171572.40880000,1210394.08440000,HIGH_VOLUME_NODE
92942.80000000,41.44400000,14.06100000,27.38300000,1306870.11690000,2545055.43070000,HIGH_VOLUME_NODE
92942.90000000,40.34200000,22.15500000,18.18700000,2059152.16500000,1690354.34100000,HIGH_VOLUME_NODE
92943.10000000,52.91700000,20.19100000,32.72600000,1876614.86270000,3041658.71970000,HIGH_VOLUME_NODE
92943.20000000,17.61900000,10.18400000,7.43500000,946534.56720000,691033.43550000,HIGH_VOLUME_NODE
92943.30000000,15.85400000,9.44200000,6.41200000,877571.58280000,595953.08080000,HIGH_VOLUME_NODE
92943.40000000,18.12900000,10.33900000,7.79000000,960942.84650000,724029.86500000,HIGH_VOLUME_NODE
92943.60000000,51.27600000,31.10900000,20.16700000,2891384.53490000,1874394.04010000,HIGH_VOLUME_NODE
92943.70000000,16.97500000,6.60300000,10.37200000,613707.91140000,964013.09360000,HIGH_VOLUME_NODE
92943.80000000,18.17900000,2.65800000,15.52100000,247044.88620000,1442582.27190000,HIGH_VOLUME_NODE
92943.90000000,26.94000000,9.76300000,17.17700000,907412.27200000,1596499.08800000,HIGH_VOLUME_NODE
92944.10000000,35.28300000,13.12900000,22.15400000,1220263.62950000,2059084.55240000,HIGH_VOLUME_NODE
92944.20000000,14.78600000,7.70000000,7.08600000,715671.11000000,658603.30980000,HIGH_VOLUME_NODE
92944.30000000,13.53600000,6.76000000,6.77600000,628304.14400000,629791.25440000,HIGH_VOLUME_NODE
92944.40000000,18.84800000,8.94400000,9.90400000,831295.60800000,920522.32800000,HIGH_VOLUME_NODE
92944.60000000,16.59000000,6.02500000,10.56500000,559991.41810000,981960.53010000,HIGH_VOLUME_NODE
92944.70000000,18.72600000,8.10900000,10.61700000,753689.38320000,986794.94160000,HIGH_VOLUME_NODE
92944.80000000,18.02000000,7.59900000,10.42100000,706288.29510000,968578.80290000,HIGH_VOLUME_NODE
92944.90000000,14.15000000,8.62600000,5.52400000,801743.57000000,513428.18000000,HIGH_VOLUME_NODE
92945.10000000,20.02500000,11.24500000,8.78000000,1045168.21710000,816058.56290000,HIGH_VOLUME_NODE
92945.30000000,14.25200000,6.54200000,7.71000000,608048.80680000,716609.03400000,HIGH_VOLUME_NODE
92945.40000000,18.94400000,11.35900000,7.58500000,1055767.93450000,704991.61750000,HIGH_VOLUME_NODE
92945.60000000,60.75500000,39.25600000,21.49900000,3648674.70450000,1998238.27490000,HIGH_VOLUME_NODE
92946.10000000,28.59000000,14.36300000,14.22700000,1334986.08950000,1322344.57230000,HIGH_VOLUME_NODE
92946.20000000,19.46100000,8.07000000,11.39100000,750076.64100000,1058751.30330000,HIGH_VOLUME_NODE
92946.30000000,24.84600000,19.81600000,5.03000000,1841825.86240000,467520.39200000,HIGH_VOLUME_NODE
92946.40000000,15.48500000,2.41300000,13.07200000,224279.90450000,1214996.64800000,HIGH_VOLUME_NODE
92946.60000000,41.34900000,14.34700000,27.00200000,1333505.70230000,2509745.54540000,HIGH_VOLUME_NODE
92946.70000000,29.67500000,20.58700000,9.08800000,1913495.77160000,844700.51840000,HIGH_VOLUME_NODE
92946.80000000,16.20200000,7.95100000,8.25100000,739020.80190000,766904.87190000,HIGH_VOLUME_NODE
92946.90000000,20.00800000,14.63400000,5.37400000,1360186.39800000,499497.17800000,HIGH_VOLUME_NODE
92947.10000000,36.43800000,19.10600000,17.33200000,1775848.23510000,1610959.73190000,HIGH_VOLUME_NODE
92947.30000000,13.52000000,8.38600000,5.13400000,779456.89640000,477191.95160000,HIGH_VOLUME_NODE
92947.40000000,32.79500000,19.69900000,13.09600000,1830972.80250000,1217240.46000000,HIGH_VOLUME_NODE
92947.60000000,42.20000000,20.96000000,21.24000000,1948182.91180000,1974208.44380000,HIGH_VOLUME_NODE
92947.70000000,20.28300000,7.22000000,13.06300000,671083.11600000,1214177.11140000,HIGH_VOLUME_NODE
92947.80000000,15.50400000,9.28800000,6.21600000,863300.09520000,577764.14640000,HIGH_VOLUME_NODE
92948.10000000,36.85100000,23.58300000,13.26800000,2191996.32810000,1233235.81120000,HIGH_VOLUME_NODE
92948.20000000,16.78700000,6.52900000,10.25800000,606859.45070000,953463.66140000,HIGH_VOLUME_NODE
92948.30000000,21.44800000,14.69500000,6.75300000,1365876.73800000,627680.54520000,HIGH_VOLUME_NODE
92948.40000000,24.01300000,11.07600000,12.93700000,1029497.58600000,1202474.74450000,HIGH_VOLUME_NODE
92948.60000000,27.07600000,13.15600000,13.92000000,1222832.62210000,1293845.27020000,HIGH_VOLUME_NODE
92948.70000000,24.57400000,12.59400000,11.98000000,1170597.18720000,1113526.62400000,HIGH_VOLUME_NODE
92948.80000000,18.16100000,6.18200000,11.97900000,574610.09980000,1113434.87310000,HIGH_VOLUME_NODE
92948.90000000,30.54400000,14.16400000,16.38000000,1316529.63600000,1522504.62000000,HIGH_VOLUME_NODE
92949.10000000,40.55700000,23.60500000,16.95200000,2194064.47210000,1575673.54370000,HIGH_VOLUME_NODE
92949.20000000,15.29700000,3.54800000,11.74900000,329784.11640000,1092061.32570000,HIGH_VOLUME_NODE
92949.30000000,16.51600000,6.37000000,10.14600000,592087.67800000,943064.61240000,HIGH_VOLUME_NODE
92949.40000000,17.14500000,6.23100000,10.91400000,579168.33450000,1014450.84300000,HIGH_VOLUME_NODE
92949.60000000,35.83600000,20.58000000,15.25600000,1912903.94640000,1418039.88800000,HIGH_VOLUME_NODE
92949.70000000,23.08800000,12.47600000,10.61200000,1159641.70480000,986383.27760000,HIGH_VOLUME_NODE
92949.80000000,97.98200000,49.61700000,48.36500000,4611895.18830000,4495521.91350000,HIGH_VOLUME_NODE
92949.90000000,168.89000000,90.98800000,77.90200000,8457334.60000000,7240990.90000000,HIGH_VOLUME_NODE
92950.10000000,74.24000000,49.04300000,25.19700000,4558552.51150000,2342064.71690000,HIGH_VOLUME_NODE
92950.40000000,28.34100000,11.29200000,17.04900000,1049597.04600000,1584713.07450000,HIGH_VOLUME_NODE
92950.60000000,39.85600000,27.85700000,11.99900000,2589326.05670000,1115314.39560000,HIGH_VOLUME_NODE
92950.70000000,15.23200000,12.76000000,2.47200000,1186052.20800000,229774.37760000,HIGH_VOLUME_NODE
92950.90000000,23.01500000,15.19600000,7.81900000,1412483.39600000,726783.86900000,HIGH_VOLUME_NODE
92951.10000000,36.53500000,16.36300000,20.17200000,1520959.90990000,1875010.40430000,HIGH_VOLUME_NODE
92951.20000000,12.45600000,5.86700000,6.58900000,545345.27710000,612456.11570000,HIGH_VOLUME_NODE
92951.30000000,12.85300000,9.28500000,3.56800000,863053.74900000,331650.59520000,HIGH_VOLUME_NODE
92951.40000000,12.65000000,5.00100000,7.64900000,464850.45150000,710986.02350000,HIGH_VOLUME_NODE
92951.60000000,27.76300000,18.25500000,9.50800000,1696832.09590000,883784.22100000,HIGH_VOLUME_NODE
92951.80000000,16.12200000,3.03900000,13.08300000,282480.82410000,1216089.70770000,HIGH_VOLUME_NODE
92951.90000000,31.60500000,10.74900000,20.85600000,999141.04800000,1938606.91200000,HIGH_VOLUME_NODE
92952.10000000,51.10400000,23.48100000,27.62300000,2182610.15360000,2567616.63900000,HIGH_VOLUME_NODE
92952.20000000,30.60700000,18.95000000,11.65700000,1761446.08500000,1083544.96110000,HIGH_VOLUME_NODE
92952.30000000,17.46900000,4.33600000,13.13300000,403041.60640000,1220743.86920000,HIGH_VOLUME_NODE
92952.40000000,33.30400000,16.64500000,16.65900000,1547194.36250000,1548495.69750000,HIGH_VOLUME_NODE
92952.60000000,27.11600000,4.89600000,22.22000000,455096.24640000,2065408.20030000,HIGH_VOLUME_NODE
92952.70000000,19.01800000,7.94400000,11.07400000,738417.04320000,1029359.30720000,HIGH_VOLUME_NODE
92952.80000000,29.66200000,20.14100000,9.52100000,1872164.35890000,885004.56090000,HIGH_VOLUME_NODE
92952.90000000,16.53400000,13.86600000,2.66800000,1288886.29800000,247998.60400000,HIGH_VOLUME_NODE
92953.10000000,24.36700000,10.95400000,13.41300000,1018208.66450000,1246780.35940000,HIGH_VOLUME_NODE
92953.20000000,13.28900000,5.82800000,7.46100000,541731.83240000,693524.57130000,HIGH_VOLUME_NODE
92953.60000000,24.67900000,8.14600000,16.53300000,757200.25680000,1536803.03480000,HIGH_VOLUME_NODE
92953.70000000,30.72000000,12.68600000,18.03400000,1179211.90680000,1676328.82920000,HIGH_VOLUME_NODE
92953.80000000,16.29100000,11.76200000,4.52900000,1093323.77180000,420988.21310000,HIGH_VOLUME_NODE
92953.90000000,16.22000000,10.01800000,6.20200000,931213.17200000,576500.70800000,HIGH_VOLUME_NODE
92954.10000000,49.75300000,28.90000000,20.85300000,2686373.77570000,1938372.92440000,HIGH_VOLUME_NODE
92954.20000000,19.54200000,11.22500000,8.31700000,1043412.01750000,773100.91310000,HIGH_VOLUME_NODE
92954.30000000,12.20100000,9.23800000,2.96300000,858712.74720000,275423.88720000,HIGH_VOLUME_NODE
92954.40000000,18.07700000,1.32000000,16.75700000,122699.94000000,1557638.55650000,HIGH_VOLUME_NODE
92954.60000000,26.29900000,16.76300000,9.53600000,1558198.92440000,886415.15010000,HIGH_VOLUME_NODE
92954.80000000,21.24000000,4.83300000,16.40700000,449251.03170000,1525111.04430000,HIGH_VOLUME_NODE
92954.90000000,29.29700000,15.41300000,13.88400000,1432715.41500000,1290587.22000000,HIGH_VOLUME_NODE
92955.10000000,47.44400000,26.80300000,20.64100000,2491476.44460000,1918687.60220000,HIGH_VOLUME_NODE
92955.20000000,29.69400000,12.10400000,17.59000000,1125130.95120000,1635083.72700000,HIGH_VOLUME_NODE
92955.30000000,19.43400000,2.52700000,16.90700000,234898.29580000,1571596.94780000,HIGH_VOLUME_NODE
92955.40000000,31.86900000,15.01500000,16.85400000,1395726.83250000,1566671.99700000,HIGH_VOLUME_NODE
92955.60000000,26.62500000,14.38100000,12.24400000,1336794.95650000,1138148.86840000,HIGH_VOLUME_NODE
92955.70000000,16.17400000,1.33300000,14.84100000,123910.08140000,1379557.02780000,HIGH_VOLUME_NODE
92955.80000000,34.57200000,10.90800000,23.66400000,1013962.95720000,2199708.41760000,HIGH_VOLUME_NODE
92955.90000000,21.12800000,15.78900000,5.33900000,1467682.28400000,496292.08400000,HIGH_VOLUME_NODE
92956.10000000,27.74500000,8.68200000,19.06300000,807045.24110000,1772023.28310000,HIGH_VOLUME_NODE
92956.20000000,15.41600000,8.15600000,7.26000000,758151.58280000,674862.73800000,HIGH_VOLUME_NODE
92956.30000000,16.47700000,10.82900000,5.64800000,1006624.85560000,525017.74720000,HIGH_VOLUME_NODE
92956.60000000,23.21900000,8.29300000,14.92600000,770889.72400000,1387470.68370000,HIGH_VOLUME_NODE
92956.70000000,24.91300000,7.67000000,17.24300000,712978.65600000,1602854.10240000,HIGH_VOLUME_NODE
92956.80000000,15.14600000,10.32800000,4.81800000,960058.86320000,447866.34420000,HIGH_VOLUME_NODE
92956.90000000,13.20200000,4.38100000,8.82100000,407244.61700000,819973.69700000,HIGH_VOLUME_NODE
92957.10000000,22.60700000,11.14900000,11.45800000,1036379.22200000,1065103.29810000,HIGH_VOLUME_NODE
92957.20000000,13.69300000,6.38800000,7.30500000,593811.23240000,679053.07650000,HIGH_VOLUME_NODE
92957.40000000,16.19200000,9.70700000,6.48500000,902338.45250000,602829.38750000,HIGH_VOLUME_NODE
92957.60000000,29.83200000,20.80900000,9.02300000,1934356.17770000,838756.80370000,HIGH_VOLUME_NODE
92957.70000000,14.42200000,6.54200000,7.88000000,608129.92760000,732507.46400000,HIGH_VOLUME_NODE
92957.80000000,20.15300000,7.06400000,13.08900000,656654.60560000,1216725.95310000,HIGH_VOLUME_NODE
92958.10000000,49.92000000,17.14100000,32.77900000,1593395.88550000,3047075.92660000,HIGH_VOLUME_NODE
92958.20000000,19.44100000,10.26200000,9.17900000,953938.07460000,853264.23570000,HIGH_VOLUME_NODE
92958.30000000,14.39900000,12.78500000,1.61400000,1188473.14400000,150034.85760000,HIGH_VOLUME_NODE
92958.40000000,17.01400000,2.97800000,14.03600000,276830.41300000,1304765.50600000,HIGH_VOLUME_NODE
92958.60000000,41.81600000,23.74300000,18.07300000,2207116.86190000,1680041.18080000,HIGH_VOLUME_NODE
92958.90000000,16.01300000,6.01800000,9.99500000,559427.26200000,929125.20500000,HIGH_VOLUME_NODE
92959.10000000,48.06000000,32.70100000,15.35900000,3039856.58340000,1427759.46460000,HIGH_VOLUME_NODE
92959.30000000,18.38600000,12.54800000,5.83800000,1166454.55120000,542696.97720000,HIGH_VOLUME_NODE
92959.40000000,14.03600000,3.33700000,10.69900000,310205.85150000,994573.69050000,HIGH_VOLUME_NODE
92959.60000000,35.42100000,11.93800000,23.48300000,1109752.01240000,2182971.62030000,HIGH_VOLUME_NODE
92959.70000000,17.11300000,4.79200000,12.32100000,445463.36160000,1145357.69580000,HIGH_VOLUME_NODE
92959.80000000,35.62600000,4.07100000,31.55500000,378439.75290000,2933349.64450000,HIGH_VOLUME_NODE
92959.90000000,75.32000000,50.93400000,24.38600000,4734824.64000000,2266922.56000000,HIGH_VOLUME_NODE
92960.10000000,43.92300000,32.30300000,11.62000000,3002890.83270000,1080196.47390000,HIGH_VOLUME_NODE
92960.40000000,19.38700000,7.96900000,11.41800000,740802.22450000,1061422.98900000,HIGH_VOLUME_NODE
92960.60000000,48.05000000,31.17400000,16.87600000,2897954.72260000,1568803.59120000,HIGH_VOLUME_NODE
92960.70000000,14.11400000,5.03400000,9.08000000,467964.66720000,844084.06400000,HIGH_VOLUME_NODE
92960.80000000,23.38800000,10.71600000,12.67200000,996169.00440000,1178000.52480000,HIGH_VOLUME_NODE
92960.90000000,18.70200000,10.54200000,8.16000000,979994.86200000,758561.76000000,HIGH_VOLUME_NODE
92961.10000000,44.32500000,21.22300000,23.10200000,1972913.99730000,2147588.36190000,HIGH_VOLUME_NODE
92961.20000000,16.21400000,10.25700000,5.95700000,953504.05410000,553770.46410000,HIGH_VOLUME_NODE
92961.30000000,28.65200000,8.96900000,19.68300000,833770.79660000,1829759.23620000,HIGH_VOLUME_NODE
92961.40000000,21.21300000,12.58800000,8.62500000,1170199.36200000,801792.93750000,HIGH_VOLUME_NODE
92961.60000000,38.49800000,28.80600000,9.69200000,2677852.55650000,900984.35290000,HIGH_VOLUME_NODE
92961.70000000,19.27400000,5.61200000,13.66200000,521701.62160000,1270044.11160000,HIGH_VOLUME_NODE
92961.80000000,14.74500000,11.03100000,3.71400000,1025462.71890000,345260.49660000,HIGH_VOLUME_NODE
92961.90000000,13.70500000,6.21500000,7.49000000,577758.83000000,696285.38000000,HIGH_VOLUME_NODE
92962.10000000,21.32300000,15.34700000,5.97600000,1426690.34030000,555541.87530000,HIGH_VOLUME_NODE
92962.40000000,12.80900000,8.58300000,4.22600000,797897.13750000,392859.52500000,HIGH_VOLUME_NODE
92962.60000000,37.03100000,12.71300000,24.31800000,1181834.57380000,2260665.98390000,HIGH_VOLUME_NODE
92962.70000000,13.29700000,5.47500000,7.82200000,508971.33000000,727155.02160000,HIGH_VOLUME_NODE
92962.80000000,20.00000000,9.22200000,10.77800000,857303.86380000,1001954.13620000,HIGH_VOLUME_NODE
92962.90000000,19.00200000,6.10900000,12.89300000,567910.96700000,1198571.95900000,HIGH_VOLUME_NODE
92963.10000000,87.86200000,11.62400000,76.23800000,1080603.40440000,7087328.23770000,HIGH_VOLUME_NODE
92963.30000000,23.12600000,8.54600000,14.58000000,794465.21640000,1355406.37200000,HIGH_VOLUME_NODE
92963.40000000,35.46300000,13.11700000,22.34600000,1219402.22950000,2077362.37100000,HIGH_VOLUME_NODE
92963.60000000,37.49400000,22.80900000,14.68500000,2120407.25490000,1365171.75510000,HIGH_VOLUME_NODE
92963.70000000,20.77400000,7.40700000,13.36700000,688582.86660000,1242647.11460000,HIGH_VOLUME_NODE
92963.80000000,12.30600000,8.34700000,3.95900000,775969.67330000,368044.08010000,HIGH_VOLUME_NODE
92963.90000000,19.69100000,8.87600000,10.81500000,825148.46400000,1005405.66000000,HIGH_VOLUME_NODE
92964.10000000,26.26100000,17.92400000,8.33700000,1666289.41310000,775042.17080000,HIGH_VOLUME_NODE
92964.30000000,17.34200000,8.66400000,8.67800000,805443.56160000,806745.06320000,HIGH_VOLUME_NODE
92964.40000000,15.59100000,5.36400000,10.22700000,498661.57800000,950747.94150000,HIGH_VOLUME_NODE
92964.60000000,37.78200000,18.70200000,19.08000000,1738624.87850000,1773765.17350000,HIGH_VOLUME_NODE
92964.90000000,13.43300000,11.10900000,2.32400000,1032748.18500000,216050.66000000,HIGH_VOLUME_NODE
92965.10000000,17.53600000,12.31300000,5.22300000,1144680.10830000,485557.02850000,HIGH_VOLUME_NODE
92965.20000000,12.91700000,7.90000000,5.01700000,734425.87000000,466406.91010000,HIGH_VOLUME_NODE
92965.30000000,27.40700000,6.79000000,20.61700000,631235.06600000,1916667.65180000,HIGH_VOLUME_NODE
92965.40000000,24.03200000,10.24200000,13.79000000,952152.65100000,1281994.24500000,HIGH_VOLUME_NODE
92965.60000000,50.77900000,24.06800000,26.71100000,2237497.25670000,2483205.39080000,HIGH_VOLUME_NODE
92965.80000000,22.20200000,4.74900000,17.45300000,441495.05910000,1622533.85270000,HIGH_VOLUME_NODE
92965.90000000,40.63800000,29.10300000,11.53500000,2705589.49800000,1072362.81000000,HIGH_VOLUME_NODE
92966.10000000,35.60300000,16.24100000,19.36200000,1509863.50380000,1800009.92100000,HIGH_VOLUME_NODE
92966.20000000,22.86300000,7.51800000,15.34500000,698920.64340000,1426567.87350000,HIGH_VOLUME_NODE
92966.30000000,16.51600000,6.43800000,10.07800000,598517.68320000,936915.37920000,HIGH_VOLUME_NODE
92966.40000000,13.13800000,7.47100000,5.66700000,694552.72150000,526841.15550000,HIGH_VOLUME_NODE
92966.60000000,37.61000000,21.71300000,15.89700000,2018585.05240000,1477891.37470000,HIGH_VOLUME_NODE
92966.80000000,13.59100000,7.56200000,6.02900000,703015.69780000,560497.44010000,HIGH_VOLUME_NODE
92966.90000000,16.64100000,11.21500000,5.42600000,1042624.90500000,504438.94200000,HIGH_VOLUME_NODE
92967.10000000,44.22400000,27.73600000,16.48800000,2578537.44010000,1532841.79940000,HIGH_VOLUME_NODE
92967.20000000,24.64900000,17.47300000,7.17600000,1624417.63290000,667133.34480000,HIGH_VOLUME_NODE
92967.30000000,19.75200000,16.06800000,3.68400000,1493800.18320000,342491.90160000,HIGH_VOLUME_NODE
92967.60000000,22.75000000,11.46200000,11.28800000,1065595.08140000,1049418.94170000,HIGH_VOLUME_NODE
92967.80000000,17.00300000,4.41600000,12.58700000,410546.24640000,1170186.95730000,HIGH_VOLUME_NODE
92967.90000000,56.59200000,11.72400000,44.86800000,1089956.83200000,4171288.22400000,HIGH_VOLUME_NODE
92968.10000000,27.00400000,9.85200000,17.15200000,915922.13280000,1594589.34130000,HIGH_VOLUME_NODE
92968.20000000,12.42800000,9.77400000,2.65400000,908672.16420000,246737.86820000,HIGH_VOLUME_NODE
92968.40000000,20.86100000,5.94400000,14.91700000,552604.76400000,1386811.11450000,HIGH_VOLUME_NODE
92968.60000000,30.45900000,22.79200000,7.66700000,2118941.07880000,712790.62190000,HIGH_VOLUME_NODE
92968.90000000,14.12700000,5.96300000,8.16400000,554374.14700000,758998.91600000,HIGH_VOLUME_NODE
92969.10000000,32.79300000,16.81700000,15.97600000,1563462.12520000,1485275.02320000,HIGH_VOLUME_NODE
92969.30000000,14.08700000,8.95400000,5.13300000,832448.00760000,477211.93020000,HIGH_VOLUME_NODE
92969.60000000,21.69200000,10.10100000,11.59100000,939086.25660000,1077611.04270000,HIGH_VOLUME_NODE
92969.70000000,28.03200000,3.92500000,24.10700000,364906.46500000,2241222.96860000,HIGH_VOLUME_NODE
92969.80000000,62.50700000,15.69200000,46.81500000,1458883.67080000,4352385.86850000,HIGH_VOLUME_NODE
92969.90000000,64.11100000,40.56000000,23.55100000,3770863.20000000,2189536.47000000,HIGH_VOLUME_NODE
92970.10000000,35.36000000,17.79600000,17.56400000,1654496.86030000,1632927.96510000,HIGH_VOLUME_NODE
92970.20000000,13.16600000,5.37600000,7.79000000,499808.33280000,724238.63700000,HIGH_VOLUME_NODE
92970.30000000,17.36400000,8.58800000,8.77600000,798429.79520000,815908.23040000,HIGH_VOLUME_NODE
92970.40000000,19.31500000,13.99400000,5.32100000,1301029.17700000,494696.03050000,HIGH_VOLUME_NODE
92970.60000000,35.90500000,12.49800000,23.40700000,1161946.95640000,2176164.07190000,HIGH_VOLUME_NODE
92970.70000000,19.81400000,11.04600000,8.76800000,1026955.45680000,815167.97440000,HIGH_VOLUME_NODE
92970.80000000,14.56700000,6.44200000,8.12500000,598918.53780000,755388.56250000,HIGH_VOLUME_NODE
92971.10000000,67.34000000,41.62000000,25.72000000,3869458.43560000,2391218.00930000,HIGH_VOLUME_NODE
92971.20000000,15.31800000,10.85300000,4.46500000,1009017.51890000,415116.85450000,HIGH_VOLUME_NODE
92971.30000000,19.18000000,8.00600000,11.17400000,744329.02840000,1038862.42360000,HIGH_VOLUME_NODE
92971.60000000,23.88000000,5.94700000,17.93300000,552902.43290000,1667260.75960000,HIGH_VOLUME_NODE
92971.70000000,24.27200000,12.41800000,11.85400000,1154523.81240000,1102087.71720000,HIGH_VOLUME_NODE
92972.10000000,15.42300000,8.29800000,7.12500000,771482.86190000,662426.49610000,HIGH_VOLUME_NODE
92972.30000000,17.27000000,0.92000000,16.35000000,85534.60800000,1520098.74000000,HIGH_VOLUME_NODE
92972.40000000,15.55800000,9.10000000,6.45800000,846049.75000000,600416.40500000,HIGH_VOLUME_NODE
92972.60000000,55.18600000,25.92100000,29.26500000,2409943.78980000,2720844.46180000,HIGH_VOLUME_NODE
92972.70000000,15.07100000,11.87400000,3.19700000,1103959.02720000,297234.04160000,HIGH_VOLUME_NODE
92973.10000000,17.32100000,4.11300000,13.20800000,382398.55190000,1227989.86220000,HIGH_VOLUME_NODE
92973.20000000,16.46400000,12.46300000,4.00100000,1158726.23790000,371986.17330000,HIGH_VOLUME_NODE
92973.40000000,13.69200000,0.86800000,12.82400000,80700.99800000,1192292.16400000,HIGH_VOLUME_NODE
92973.60000000,31.84500000,18.64700000,13.19800000,1733679.59500000,1227066.30500000,HIGH_VOLUME_NODE
92973.70000000,12.34500000,2.70500000,9.64000000,251494.12900000,896267.43200000,HIGH_VOLUME_NODE
92973.80000000,12.81200000,4.61000000,8.20200000,428609.67900000,762571.92780000,HIGH_VOLUME_NODE
92973.90000000,21.16500000,16.19900000,4.96600000,1506085.82600000,461708.88400000,HIGH_VOLUME_NODE
92974.10000000,21.63600000,12.33200000,9.30400000,1146557.37120000,865031.31260000,HIGH_VOLUME_NODE
92974.30000000,13.94000000,3.07300000,10.86700000,285710.33120000,1010352.80480000,HIGH_VOLUME_NODE
92974.40000000,14.59400000,9.84000000,4.75400000,914869.08000000,442000.77300000,HIGH_VOLUME_NODE
92974.60000000,39.25800000,14.58800000,24.67000000,1356313.96310000,2293685.17540000,HIGH_VOLUME_NODE
92974.70000000,20.63300000,11.20100000,9.43200000,1041410.73480000,876938.31360000,HIGH_VOLUME_NODE
92974.80000000,23.40300000,8.66600000,14.73700000,805720.48340000,1370171.10130000,HIGH_VOLUME_NODE
92974.90000000,68.57300000,34.13300000,34.44000000,3173515.67500000,3202059.00000000,HIGH_VOLUME_NODE
92975.10000000,60.03000000,36.48700000,23.54300000,3392383.69050000,2188913.25150000,HIGH_VOLUME_NODE
92975.20000000,14.75200000,7.16300000,7.58900000,665982.07390000,705589.55170000,HIGH_VOLUME_NODE
92975.30000000,21.66200000,11.08800000,10.57400000,1030911.23520000,983121.87960000,HIGH_VOLUME_NODE
92975.40000000,23.47000000,6.63700000,16.83300000,617078.39350000,1565056.59150000,HIGH_VOLUME_NODE
92975.60000000,41.89700000,10.06200000,31.83500000,935520.98780000,2959879.57200000,HIGH_VOLUME_NODE
92975.70000000,14.63800000,7.35100000,7.28700000,683465.10580000,677514.65460000,HIGH_VOLUME_NODE
92976.10000000,29.76600000,13.95100000,15.81500000,1297110.60030000,1470418.25880000,HIGH_VOLUME_NODE
92976.20000000,19.12000000,10.24000000,8.88000000,952077.31200000,825629.54400000,HIGH_VOLUME_NODE
92976.30000000,20.26400000,5.20500000,15.05900000,483942.16200000,1400131.60760000,HIGH_VOLUME_NODE
92976.40000000,16.22000000,5.12700000,11.09300000,476690.51550000,1031388.31450000,HIGH_VOLUME_NODE
92976.60000000,37.13600000,11.53800000,25.59800000,1072764.36900000,2380016.72760000,HIGH_VOLUME_NODE
92976.70000000,21.00200000,13.31100000,7.69100000,1237614.18480000,715084.56880000,HIGH_VOLUME_NODE
92976.80000000,12.46100000,6.10100000,6.36000000,567252.06690000,591333.08400000,HIGH_VOLUME_NODE
92976.90000000,20.76100000,10.02400000,10.73700000,932001.44800000,998294.04900000,HIGH_VOLUME_NODE
92977.10000000,27.75100000,12.29100000,15.46000000,1142782.08730000,1437426.86590000,HIGH_VOLUME_NODE
92977.40000000,19.91600000,4.69600000,15.22000000,436622.34000000,1415117.55000000,HIGH_VOLUME_NODE
92977.60000000,12.87500000,7.59200000,5.28300000,705886.29450000,491200.98010000,HIGH_VOLUME_NODE
92977.70000000,24.83300000,3.08100000,21.75200000,286464.60180000,2022453.10560000,HIGH_VOLUME_NODE
92977.80000000,20.84700000,10.69900000,10.14800000,994770.55210000,943539.72920000,HIGH_VOLUME_NODE
92977.90000000,21.13800000,8.42200000,12.71600000,783060.71600000,1182308.24800000,HIGH_VOLUME_NODE
92978.10000000,42.67100000,34.80300000,7.86800000,3235917.53280000,731551.83380000,HIGH_VOLUME_NODE
92978.20000000,13.34700000,2.16400000,11.18300000,201205.04120000,1039776.32890000,HIGH_VOLUME_NODE
92978.30000000,13.64100000,7.72800000,5.91300000,718537.07520000,549781.27920000,HIGH_VOLUME_NODE
92978.40000000,22.67000000,13.64100000,9.02900000,1268319.71850000,839502.87650000,HIGH_VOLUME_NODE
92978.60000000,17.73400000,8.72700000,9.00700000,811424.51030000,837458.56680000,HIGH_VOLUME_NODE
92978.80000000,12.75900000,3.28200000,9.47700000,305156.74980000,881161.03530000,HIGH_VOLUME_NODE
92978.90000000,23.04300000,10.67400000,12.36900000,992457.84600000,1150057.25100000,HIGH_VOLUME_NODE
92979.10000000,29.80000000,19.51800000,10.28200000,1814767.31280000,956011.70280000,HIGH_VOLUME_NODE
92979.30000000,13.42000000,9.87800000,3.54200000,918450.51320000,329333.03480000,HIGH_VOLUME_NODE
92979.40000000,39.46600000,3.47300000,35.99300000,322917.80350000,3346611.14350000,HIGH_VOLUME_NODE
92979.60000000,27.68500000,18.59100000,9.09400000,1728584.71510000,845556.71890000,HIGH_VOLUME_NODE
92979.70000000,18.48100000,6.80200000,11.67900000,632448.59960000,1085911.08420000,HIGH_VOLUME_NODE
92979.80000000,33.30800000,21.40300000,11.90500000,1990048.79970000,1106925.70950000,HIGH_VOLUME_NODE
92979.90000000,69.30000000,31.33700000,37.96300000,2913714.26000000,3529799.74000000,HIGH_VOLUME_NODE
92980.10000000,53.43000000,34.84800000,18.58200000,3240171.06470000,1727757.30830000,HIGH_VOLUME_NODE
92980.20000000,28.85700000,25.54500000,3.31200000,2375181.76350000,307950.75360000,HIGH_VOLUME_NODE
92980.30000000,13.98600000,6.75000000,7.23600000,627617.70000000,672806.17440000,HIGH_VOLUME_NODE
92980.40000000,14.55200000,8.13600000,6.41600000,756489.34800000,596562.88800000,HIGH_VOLUME_NODE
92980.60000000,19.96700000,5.66700000,14.30000000,526921.27290000,1329623.18480000,HIGH_VOLUME_NODE
92981.10000000,33.56800000,17.54500000,16.02300000,1631353.82720000,1489837.26090000,HIGH_VOLUME_NODE
92981.20000000,14.36800000,10.49200000,3.87600000,975559.79960000,360395.51880000,HIGH_VOLUME_NODE
92981.30000000,23.79500000,5.40400000,18.39100000,502471.48560000,1710020.92740000,HIGH_VOLUME_NODE
92981.40000000,19.71900000,9.22000000,10.49900000,857289.43000000,976212.76850000,HIGH_VOLUME_NODE
92981.60000000,31.40100000,25.95900000,5.44200000,2413710.22400000,506006.09880000,HIGH_VOLUME_NODE
92981.90000000,14.46700000,7.24400000,7.22300000,673561.60800000,671608.98600000,HIGH_VOLUME_NODE
92982.10000000,22.74800000,13.68800000,9.06000000,1272739.62030000,842418.23860000,HIGH_VOLUME_NODE
92982.30000000,16.69500000,4.19800000,12.49700000,390340.11520000,1162001.05280000,HIGH_VOLUME_NODE
92982.40000000,16.48300000,8.52600000,7.95700000,792768.79500000,739861.75250000,HIGH_VOLUME_NODE
92982.60000000,35.03200000,22.69500000,12.33700000,2110241.41260000,1147126.67880000,HIGH_VOLUME_NODE
92982.70000000,18.25600000,9.93000000,8.32600000,923319.20400000,774174.79280000,HIGH_VOLUME_NODE
92982.80000000,19.81800000,9.76200000,10.05600000,907699.06980000,935036.04240000,HIGH_VOLUME_NODE
92982.90000000,19.63900000,11.85300000,7.78600000,1102127.49900000,723965.63800000,HIGH_VOLUME_NODE
92983.10000000,30.96700000,10.79400000,20.17300000,1003660.07880000,1875748.59950000,HIGH_VOLUME_NODE
92983.30000000,24.30200000,5.44300000,18.85900000,506108.64620000,1753573.94060000,HIGH_VOLUME_NODE
92983.40000000,18.83800000,5.53400000,13.30400000,514570.68900000,1237052.48400000,HIGH_VOLUME_NODE
92983.60000000,21.21600000,10.57100000,10.64500000,982930.43740000,989811.02060000,HIGH_VOLUME_NODE
92983.70000000,14.67300000,4.12000000,10.55300000,383093.25600000,981258.04140000,HIGH_VOLUME_NODE
92983.80000000,20.14800000,7.19200000,12.95600000,668740.20880000,1204699.40840000,HIGH_VOLUME_NODE
92984.10000000,21.93100000,13.75000000,8.18100000,1278531.74490000,760703.47450000,HIGH_VOLUME_NODE
92984.20000000,18.60900000,3.02900000,15.58000000,281649.44470000,1448695.39400000,HIGH_VOLUME_NODE
92984.60000000,33.51800000,25.15400000,8.36400000,2338935.90240000,777723.61760000,HIGH_VOLUME_NODE
92984.70000000,18.47100000,4.37400000,14.09700000,406715.51520000,1310806.72560000,HIGH_VOLUME_NODE
92984.80000000,16.37500000,14.63700000,1.73800000,1361019.98130000,161607.75620000,HIGH_VOLUME_NODE
92984.90000000,31.75900000,17.30500000,14.45400000,1609105.42500000,1344005.19000000,HIGH_VOLUME_NODE
92985.10000000,40.31000000,20.23000000,20.08000000,1881089.98240000,1867141.21300000,HIGH_VOLUME_NODE
92985.20000000,25.60900000,12.54000000,13.06900000,1166035.66200000,1215224.88570000,HIGH_VOLUME_NODE
92985.30000000,15.72500000,8.90200000,6.82300000,827756.03080000,634439.38420000,HIGH_VOLUME_NODE
92985.40000000,27.74400000,12.19300000,15.55100000,1133772.20150000,1446017.51050000,HIGH_VOLUME_NODE
92985.60000000,21.09100000,15.93300000,5.15800000,1481539.70290000,479620.07060000,HIGH_VOLUME_NODE
92986.10000000,40.17000000,14.15600000,26.01400000,1316312.19320000,2418941.33950000,HIGH_VOLUME_NODE
92986.30000000,18.92000000,6.64400000,12.27600000,617801.64160000,1141501.04640000,HIGH_VOLUME_NODE
92986.60000000,14.78500000,7.94900000,6.83600000,739150.82150000,635656.57580000,HIGH_VOLUME_NODE
92986.90000000,19.25600000,15.30800000,3.94800000,1423444.99600000,367112.67600000,HIGH_VOLUME_NODE
92987.10000000,62.06700000,17.33200000,44.73500000,1611653.55630000,4159780.71380000,HIGH_VOLUME_NODE
92987.20000000,17.07500000,13.42200000,3.65300000,1248075.54060000,339682.60690000,HIGH_VOLUME_NODE
92987.60000000,12.21100000,6.13200000,6.07900000,570200.10290000,565272.15690000,HIGH_VOLUME_NODE
92987.70000000,14.16900000,3.22300000,10.94600000,299699.67940000,1017844.45880000,HIGH_VOLUME_NODE
92987.80000000,18.92200000,4.47600000,14.44600000,416213.84040000,1343303.20340000,HIGH_VOLUME_NODE
92987.90000000,47.96000000,24.31800000,23.64200000,2261282.18400000,2198422.29600000,HIGH_VOLUME_NODE
92988.10000000,28.16200000,18.44700000,9.71500000,1715352.01330000,903379.61880000,HIGH_VOLUME_NODE
92988.60000000,22.43300000,12.70600000,9.72700000,1181513.43190000,904500.33980000,HIGH_VOLUME_NODE
92988.80000000,15.42000000,6.15400000,9.26600000,572253.69060000,861635.14740000,HIGH_VOLUME_NODE
92988.90000000,16.23500000,7.75700000,8.47800000,721315.67300000,788360.74200000,HIGH_VOLUME_NODE
92989.10000000,54.03200000,31.17300000,22.85900000,2898750.66800000,2125638.42130000,HIGH_VOLUME_NODE
92989.40000000,18.06300000,10.50600000,7.55700000,976947.68700000,702721.65150000,HIGH_VOLUME_NODE
92989.60000000,29.31500000,19.92300000,9.39200000,1852633.20410000,873358.62280000,HIGH_VOLUME_NODE
92989.70000000,13.01400000,3.54100000,9.47300000,329276.88180000,880892.37540000,HIGH_VOLUME_NODE
92989.80000000,27.00000000,13.36400000,13.63600000,1242717.02360000,1268010.27640000,HIGH_VOLUME_NODE
92989.90000000,26.05200000,18.13000000,7.92200000,1685908.70000000,736666.78000000,HIGH_VOLUME_NODE
92990.10000000,34.57700000,25.68300000,8.89400000,2388265.45530000,827054.17630000,HIGH_VOLUME_NODE
92990.30000000,39.59100000,7.94300000,31.64800000,738622.74720000,2942960.17920000,HIGH_VOLUME_NODE
92990.40000000,27.01800000,20.81500000,6.20300000,1935597.25750000,576820.07150000,HIGH_VOLUME_NODE
92990.60000000,25.48500000,10.22800000,15.25700000,951108.38720000,1418758.40220000,HIGH_VOLUME_NODE
92990.80000000,19.43500000,5.51100000,13.92400000,512472.84990000,1294805.29160000,HIGH_VOLUME_NODE
92990.90000000,23.74200000,7.10800000,16.63400000,660980.02800000,1546812.29400000,HIGH_VOLUME_NODE
92991.10000000,40.56200000,27.37300000,13.18900000,2545446.33730000,1226460.16550000,HIGH_VOLUME_NODE
92991.40000000,17.10500000,9.42900000,7.67600000,876816.85350000,713802.75400000,HIGH_VOLUME_NODE
92991.60000000,30.51800000,14.39700000,16.12100000,1338800.67520000,1499118.06920000,HIGH_VOLUME_NODE
92991.70000000,13.79100000,9.01800000,4.77300000,838600.05240000,443849.86140000,HIGH_VOLUME_NODE
92991.90000000,14.75800000,4.80200000,9.95600000,446547.58400000,925828.35200000,HIGH_VOLUME_NODE
92992.10000000,12.93800000,6.94300000,5.99500000,645644.52690000,557488.06430000,HIGH_VOLUME_NODE
92992.20000000,27.52000000,8.83500000,18.68500000,821586.97050000,1737561.12550000,HIGH_VOLUME_NODE
92992.60000000,28.33200000,14.07600000,14.25600000,1308964.86570000,1325703.01460000,HIGH_VOLUME_NODE
92992.70000000,12.42700000,4.13700000,8.29000000,384711.21360000,770910.31200000,HIGH_VOLUME_NODE
92992.80000000,17.62600000,16.59200000,1.03400000,1542938.19680000,96154.65860000,HIGH_VOLUME_NODE
92992.90000000,23.12900000,4.44700000,18.68200000,413539.87100000,1737295.22600000,HIGH_VOLUME_NODE
92993.10000000,23.02600000,10.05800000,12.96800000,935325.11290000,1205935.26700000,HIGH_VOLUME_NODE
92993.20000000,21.84600000,12.97100000,8.87500000,1206216.09430000,825315.53750000,HIGH_VOLUME_NODE
92993.30000000,15.27700000,10.34100000,4.93600000,961644.74940000,459015.42240000,HIGH_VOLUME_NODE
92993.40000000,20.67400000,16.02000000,4.65400000,1489755.87000000,432791.74900000,HIGH_VOLUME_NODE
92993.60000000,32.97200000,12.64000000,20.33200000,1175439.82730000,1890746.82620000,HIGH_VOLUME_NODE
92993.70000000,16.10100000,7.62500000,8.47600000,709077.72500000,788215.44880000,HIGH_VOLUME_NODE
92993.80000000,34.64300000,10.10600000,24.53700000,939796.35340000,2281791.32430000,HIGH_VOLUME_NODE
92993.90000000,26.98400000,24.24500000,2.73900000,2254639.53000000,254710.56600000,HIGH_VOLUME_NODE
92994.10000000,30.28600000,17.81200000,12.47400000,1656412.04170000,1160009.28550000,HIGH_VOLUME_NODE
92994.20000000,14.07900000,4.90400000,9.17500000,456044.04720000,853222.70250000,HIGH_VOLUME_NODE
92994.40000000,28.96700000,6.84800000,22.11900000,636826.33600000,2056945.34550000,HIGH_VOLUME_NODE
92994.90000000,43.09100000,23.25000000,19.84100000,2162133.75000000,1845113.79500000,HIGH_VOLUME_NODE
92995.10000000,34.93600000,21.17300000,13.76300000,1968985.67940000,1279892.22540000,HIGH_VOLUME_NODE
92995.40000000,21.36700000,4.46700000,16.90000000,415410.89850000,1571623.95000000,HIGH_VOLUME_NODE
92995.60000000,54.96200000,21.80200000,33.16000000,2027490.35940000,3083736.95050000,HIGH_VOLUME_NODE
92995.70000000,13.32100000,10.04500000,3.27600000,934142.81100000,304654.24080000,HIGH_VOLUME_NODE
92995.80000000,14.32400000,8.17400000,6.15000000,760148.48660000,571924.78500000,HIGH_VOLUME_NODE
92995.90000000,23.67200000,5.17200000,18.50000000,480975.31200000,1720426.00000000,HIGH_VOLUME_NODE
92996.10000000,18.71300000,12.96600000,5.74700000,1205787.63940000,534448.83730000,HIGH_VOLUME_NODE
92996.20000000,24.68000000,2.77400000,21.90600000,257971.73620000,2037176.94780000,HIGH_VOLUME_NODE
92996.30000000,18.76900000,14.39500000,4.37400000,1338683.17800000,406766.25360000,HIGH_VOLUME_NODE
92996.60000000,30.49100000,11.93200000,18.55900000,1109636.28130000,1725924.34990000,HIGH_VOLUME_NODE
92996.80000000,13.18300000,5.61200000,7.57100000,521898.60280000,704079.52990000,HIGH_VOLUME_NODE
92996.90000000,29.50800000,14.96400000,14.54400000,1391607.10800000,1352548.36800000,HIGH_VOLUME_NODE
92997.10000000,54.58300000,18.98900000,35.59400000,1765922.71990000,3310139.59990000,HIGH_VOLUME_NODE
92997.20000000,12.46100000,4.35300000,8.10800000,404817.24690000,754022.10840000,HIGH_VOLUME_NODE
92997.70000000,14.09400000,5.78300000,8.31100000,537806.27740000,772904.71580000,HIGH_VOLUME_NODE
92997.90000000,12.44700000,9.73200000,2.71500000,905056.53600000,252489.57000000,HIGH_VOLUME_NODE
92998.10000000,39.26900000,21.16200000,18.10700000,1968027.48040000,1683917.18510000,HIGH_VOLUME_NODE
92998.30000000,30.37300000,24.12100000,6.25200000,2243214.40640000,581425.99680000,HIGH_VOLUME_NODE
92998.40000000,17.34900000,14.61300000,2.73600000,1358987.08050000,254443.89600000,HIGH_VOLUME_NODE
92998.60000000,32.06100000,15.90900000,16.15200000,1479515.17380000,1502113.92190000,HIGH_VOLUME_NODE
92998.70000000,21.94300000,16.79200000,5.15100000,1561635.84960000,479036.81880000,HIGH_VOLUME_NODE
92998.80000000,72.93800000,58.64800000,14.29000000,5454199.48720000,1328954.28100000,HIGH_VOLUME_NODE
92998.90000000,114.62300000,105.70600000,8.91700000,9830552.29400000,829272.08300000,HIGH_VOLUME_NODE
92999.10000000,20.91300000,13.32500000,7.58800000,1239213.50870000,705677.71100000,HIGH_VOLUME_NODE
92999.40000000,16.67700000,3.62300000,13.05400000,336937.18850000,1214015.47300000,HIGH_VOLUME_NODE
92999.60000000,32.47200000,20.32900000,12.14300000,1890589.29170000,1129294.83860000,HIGH_VOLUME_NODE
92999.70000000,32.42000000,6.23000000,26.19000000,579388.75400000,2435664.76200000,HIGH_VOLUME_NODE
92999.80000000,191.70800000,81.70400000,110.00400000,7598463.82960000,10230360.99960000,HIGH_VOLUME_NODE
92999.90000000,2054.42500000,1834.16000000,220.26500000,170576880.00000000,20484645.00000000,HIGH_VOLUME_NODE
93000.10000000,93.80600000,49.21900000,44.58700000,4577373.04900000,4146596.54420000,HIGH_VOLUME_NODE
93000.60000000,22.98000000,12.36700000,10.61300000,1150139.52900000,987015.81540000,HIGH_VOLUME_NODE
93000.90000000,36.09300000,14.28300000,21.81000000,1328333.28300000,2028351.81000000,HIGH_VOLUME_NODE
93001.10000000,17.76100000,2.86600000,14.89500000,266541.34310000,1385252.30690000,HIGH_VOLUME_NODE
93001.30000000,13.94200000,5.07700000,8.86500000,472168.10780000,824457.41100000,HIGH_VOLUME_NODE
93001.70000000,21.51900000,5.34500000,16.17400000,497094.62100000,1504211.11320000,HIGH_VOLUME_NODE
93001.80000000,18.22800000,6.78500000,11.44300000,631017.89150000,1064220.74170000,HIGH_VOLUME_NODE
93001.90000000,19.02100000,11.30100000,7.72000000,1051015.60200000,717975.44000000,HIGH_VOLUME_NODE
93002.10000000,22.43100000,13.31400000,9.11700000,1238230.97500000,847900.64970000,HIGH_VOLUME_NODE
93002.20000000,27.09700000,15.13300000,11.96400000,1407403.80590000,1112679.51720000,HIGH_VOLUME_NODE
93002.30000000,23.95200000,16.83600000,7.11600000,1565788.40640000,661805.07840000,HIGH_VOLUME_NODE
93002.60000000,34.41100000,8.63200000,25.77900000,802799.08850000,2397514.47730000,HIGH_VOLUME_NODE
93002.90000000,19.00100000,10.42100000,8.58000000,969184.26300000,797965.74000000,HIGH_VOLUME_NODE
93003.10000000,34.55800000,18.48000000,16.07800000,1718698.30820000,1495304.91780000,HIGH_VOLUME_NODE
93003.20000000,20.12700000,6.22600000,13.90100000,579038.54580000,1292838.87330000,HIGH_VOLUME_NODE
93003.60000000,18.06400000,7.83900000,10.22500000,729055.67200000,950962.62150000,HIGH_VOLUME_NODE
93003.70000000,13.29200000,4.68500000,8.60700000,435722.80300000,800483.70660000,HIGH_VOLUME_NODE
93003.80000000,16.42800000,3.05100000,13.37700000,283754.89890000,1244113.17030000,HIGH_VOLUME_NODE
93004.10000000,64.89900000,27.65400000,37.24500000,2571936.40570000,3463938.92510000,HIGH_VOLUME_NODE
93004.20000000,15.14200000,10.10900000,5.03300000,940180.46870000,468090.64190000,HIGH_VOLUME_NODE
93004.40000000,12.80800000,4.06500000,8.74300000,378063.29250000,813138.34350000,HIGH_VOLUME_NODE
93004.60000000,19.63800000,7.12900000,12.50900000,663029.94980000,1163395.17970000,HIGH_VOLUME_NODE
93004.70000000,20.94500000,4.72800000,16.21700000,439726.69440000,1508258.84160000,HIGH_VOLUME_NODE
93004.80000000,15.30500000,10.56300000,4.74200000,982410.75870000,441029.23580000,HIGH_VOLUME_NODE
93005.10000000,41.08600000,16.80700000,24.27900000,1563138.26000000,2258071.78330000,HIGH_VOLUME_NODE
93005.20000000,20.32600000,10.79800000,9.52800000,1004271.22940000,886154.49840000,HIGH_VOLUME_NODE
93005.30000000,36.31300000,24.62700000,11.68600000,2290443.98580000,1086861.10440000,HIGH_VOLUME_NODE
93005.40000000,37.13400000,22.15400000,14.98000000,2060443.84700000,1393222.39000000,HIGH_VOLUME_NODE
93005.60000000,25.45100000,8.60500000,16.84600000,800313.32100000,1566773.23910000,HIGH_VOLUME_NODE
93005.70000000,38.66800000,27.42700000,11.24100000,2550870.07660000,1045478.19780000,HIGH_VOLUME_NODE
93005.80000000,18.15200000,10.18500000,7.96700000,947265.09150000,740978.00530000,HIGH_VOLUME_NODE
93005.90000000,40.33700000,15.49600000,24.84100000,1441220.97600000,2310362.04600000,HIGH_VOLUME_NODE
93006.10000000,34.87200000,21.79000000,13.08200000,2026603.72390000,1216706.39770000,HIGH_VOLUME_NODE
93006.40000000,14.05600000,6.09100000,7.96500000,566502.59150000,740796.77250000,HIGH_VOLUME_NODE
93006.70000000,17.28800000,2.91800000,14.37000000,271393.84240000,1336507.71600000,HIGH_VOLUME_NODE
93006.80000000,13.01000000,3.10900000,9.90100000,289158.45210000,920861.31690000,HIGH_VOLUME_NODE
93006.90000000,13.86500000,10.04200000,3.82300000,933976.29400000,355565.76100000,HIGH_VOLUME_NODE
93007.10000000,16.00700000,3.99900000,12.00800000,371935.60630000,1116830.03680000,HIGH_VOLUME_NODE
93007.30000000,13.15500000,6.47700000,6.67800000,602408.92980000,621103.41720000,HIGH_VOLUME_NODE
93007.60000000,20.75500000,7.03700000,13.71800000,654494.89110000,1275878.81230000,HIGH_VOLUME_NODE
93007.70000000,24.16500000,12.38800000,11.77700000,1152180.62640000,1095352.86060000,HIGH_VOLUME_NODE
93007.80000000,13.08700000,4.82500000,8.26200000,448763.11750000,768431.26980000,HIGH_VOLUME_NODE
93007.90000000,17.05600000,5.19800000,11.85800000,483455.58400000,1102888.86400000,HIGH_VOLUME_NODE
93008.10000000,23.25000000,11.44000000,11.81000000,1064013.61520000,1098426.67410000,HIGH_VOLUME_NODE
93008.20000000,15.24600000,4.29000000,10.95600000,399005.60700000,1018998.93480000,HIGH_VOLUME_NODE
93008.30000000,17.39300000,4.55300000,12.84000000,423467.24520000,1194227.85600000,HIGH_VOLUME_NODE
93008.60000000,36.31200000,23.46900000,12.84300000,2182820.53630000,1194510.03830000,HIGH_VOLUME_NODE
93008.70000000,22.71900000,15.19200000,7.52700000,1412989.68960000,700077.23760000,HIGH_VOLUME_NODE
93008.80000000,17.14200000,7.25500000,9.88700000,674779.56950000,919578.99430000,HIGH_VOLUME_NODE
93008.90000000,16.87900000,12.11800000,4.76100000,1127083.06200000,442815.84900000,HIGH_VOLUME_NODE
93009.10000000,32.57800000,15.10400000,17.47400000,1404810.71320000,1625241.56780000,HIGH_VOLUME_NODE
93009.20000000,13.24700000,5.59000000,7.65700000,519921.98700000,712172.21010000,HIGH_VOLUME_NODE
93009.30000000,14.04000000,5.13500000,8.90500000,477603.26900000,828248.70700000,HIGH_VOLUME_NODE
93009.60000000,37.41700000,12.91700000,24.50000000,1201405.55960000,2278736.74730000,HIGH_VOLUME_NODE
93009.70000000,29.31000000,14.76700000,14.54300000,1373475.71660000,1352641.52140000,HIGH_VOLUME_NODE
93009.80000000,14.62600000,8.70900000,5.91700000,810023.21910000,550339.57830000,HIGH_VOLUME_NODE
93009.90000000,37.12100000,27.23200000,9.88900000,2532848.32000000,919775.89000000,HIGH_VOLUME_NODE
93010.10000000,55.57900000,39.02500000,16.55400000,3629720.45860000,1539689.63080000,HIGH_VOLUME_NODE
93010.30000000,20.96900000,4.38800000,16.58100000,408129.63520000,1542205.44240000,HIGH_VOLUME_NODE
93010.40000000,39.63300000,9.15400000,30.47900000,851418.11700000,2834867.02950000,HIGH_VOLUME_NODE
93010.60000000,37.42500000,21.96500000,15.46000000,2042978.23960000,1437944.86060000,HIGH_VOLUME_NODE
93010.70000000,13.34800000,11.97000000,1.37800000,1113339.27600000,128168.88240000,HIGH_VOLUME_NODE
93010.90000000,23.92200000,5.55400000,18.36800000,516583.09400000,1708426.04800000,HIGH_VOLUME_NODE
93011.10000000,22.17200000,10.51800000,11.65400000,978291.20520000,1083951.96520000,HIGH_VOLUME_NODE
93011.30000000,17.90300000,5.62000000,12.28300000,522724.06800000,1142459.02620000,HIGH_VOLUME_NODE
93011.40000000,20.45700000,9.57200000,10.88500000,890306.07800000,1012430.17750000,HIGH_VOLUME_NODE
93011.60000000,14.46600000,6.92500000,7.54100000,644105.43310000,701400.93390000,HIGH_VOLUME_NODE
93011.90000000,32.22400000,11.29400000,20.93000000,1050477.52800000,1946741.16000000,HIGH_VOLUME_NODE
93012.10000000,23.31400000,9.67300000,13.64100000,899706.45680000,1268778.82040000,HIGH_VOLUME_NODE
93012.20000000,14.06500000,8.67300000,5.39200000,806695.67790000,501522.32160000,HIGH_VOLUME_NODE
93012.30000000,14.13500000,4.89500000,9.24000000,455295.69800000,859434.57600000,HIGH_VOLUME_NODE
93012.60000000,23.91500000,7.64000000,16.27500000,710616.73510000,1513781.25630000,HIGH_VOLUME_NODE
93012.70000000,29.60000000,9.56500000,20.03500000,889667.43200000,1863511.44800000,HIGH_VOLUME_NODE
93012.90000000,13.16500000,4.76700000,8.39800000,443392.97100000,781123.17400000,HIGH_VOLUME_NODE
93013.10000000,28.65900000,12.37600000,16.28300000,1151130.91820000,1514533.51840000,HIGH_VOLUME_NODE
93013.20000000,19.63000000,9.93300000,9.69700000,923901.10890000,901949.97010000,HIGH_VOLUME_NODE
93013.40000000,13.28100000,9.90400000,3.37700000,921205.70400000,314106.58950000,HIGH_VOLUME_NODE
93013.60000000,33.35800000,10.54900000,22.80900000,981200.81450000,2121548.78330000,HIGH_VOLUME_NODE
93014.10000000,21.75600000,13.03300000,8.72300000,1212253.53350000,811362.36990000,HIGH_VOLUME_NODE
93014.20000000,24.83100000,5.75900000,19.07200000,535669.35370000,1773968.72960000,HIGH_VOLUME_NODE
93014.40000000,18.33400000,15.05900000,3.27500000,1400705.35550000,304622.48750000,HIGH_VOLUME_NODE
93014.60000000,34.78500000,11.19800000,23.58700000,1041578.19330000,2193936.82670000,HIGH_VOLUME_NODE
93014.90000000,20.01300000,11.77200000,8.24100000,1094972.58000000,766536.61500000,HIGH_VOLUME_NODE
93015.10000000,43.35200000,28.30400000,15.04800000,2632701.70170000,1399691.84000000,HIGH_VOLUME_NODE
93015.30000000,14.33600000,2.12000000,12.21600000,197192.64800000,1136276.12640000,HIGH_VOLUME_NODE
93015.60000000,33.76700000,12.76000000,21.00700000,1186879.42780000,1953979.46870000,HIGH_VOLUME_NODE
93015.70000000,31.69800000,9.62300000,22.07500000,895091.04340000,2053323.78500000,HIGH_VOLUME_NODE
93015.80000000,41.97500000,26.32000000,15.65500000,2448178.48800000,1456163.91450000,HIGH_VOLUME_NODE
93015.90000000,16.76600000,9.98300000,6.78300000,928578.72800000,630927.52800000,HIGH_VOLUME_NODE
93016.10000000,32.19800000,18.33400000,13.86400000,1705357.29960000,1289576.08750000,HIGH_VOLUME_NODE
93016.60000000,33.45800000,8.76300000,24.69500000,815105.10640000,2297046.48960000,HIGH_VOLUME_NODE
93016.90000000,26.39200000,4.29700000,22.09500000,399694.04900000,2055210.61500000,HIGH_VOLUME_NODE
93017.10000000,56.09100000,35.22000000,20.87100000,3276063.08040000,1941360.40930000,HIGH_VOLUME_NODE
93017.30000000,17.02400000,8.24500000,8.77900000,766928.46300000,816599.75460000,HIGH_VOLUME_NODE
93017.60000000,25.54400000,6.55500000,18.98900000,609730.59730000,1766312.49710000,HIGH_VOLUME_NODE
93017.80000000,18.61000000,9.66600000,8.94400000,899111.02140000,831952.09760000,HIGH_VOLUME_NODE
93017.90000000,26.27000000,9.38700000,16.88300000,873159.96600000,1570422.89400000,HIGH_VOLUME_NODE
93018.10000000,37.63800000,21.91700000,15.72100000,2038677.94990000,1462338.90490000,HIGH_VOLUME_NODE
93018.20000000,17.15500000,10.13300000,7.02200000,942554.43390000,653174.50260000,HIGH_VOLUME_NODE
93018.60000000,30.09100000,18.25500000,11.83600000,1698055.40900000,1100968.53830000,HIGH_VOLUME_NODE
93018.70000000,16.03100000,5.23000000,10.80100000,486488.32400000,1004696.05880000,HIGH_VOLUME_NODE
93018.80000000,17.85300000,13.33800000,4.51500000,1240686.08820000,419980.33350000,HIGH_VOLUME_NODE
93019.10000000,24.16300000,9.39100000,14.77200000,873542.73520000,1374078.69410000,HIGH_VOLUME_NODE
93019.30000000,16.12200000,5.50400000,10.61800000,511978.77760000,987679.98920000,HIGH_VOLUME_NODE
93019.40000000,15.49400000,10.48300000,5.01100000,975123.41850000,466120.71450000,HIGH_VOLUME_NODE
93019.60000000,32.30800000,10.98600000,21.32200000,1021913.71380000,1983365.22260000,HIGH_VOLUME_NODE
93019.80000000,34.70500000,11.90300000,22.80200000,1107215.86970000,2121039.75980000,HIGH_VOLUME_NODE
93019.90000000,46.90300000,30.75900000,16.14400000,2861202.18000000,1501714.88000000,HIGH_VOLUME_NODE
93020.10000000,13.72400000,5.97300000,7.75100000,555609.24670000,720999.16640000,HIGH_VOLUME_NODE
93020.60000000,39.54300000,5.97100000,33.57200000,555426.36890000,3122888.48870000,HIGH_VOLUME_NODE
93020.70000000,19.43900000,4.75500000,14.68400000,442313.90400000,1365917.42720000,HIGH_VOLUME_NODE
93020.80000000,13.33400000,7.80500000,5.52900000,726028.12450000,514312.55610000,HIGH_VOLUME_NODE
93020.90000000,13.57600000,4.97000000,8.60600000,462314.37000000,800538.72600000,HIGH_VOLUME_NODE
93021.10000000,37.38900000,22.58200000,14.80700000,2100604.07530000,1377364.43850000,HIGH_VOLUME_NODE
93021.20000000,15.28600000,6.55500000,8.73100000,609754.62150000,812168.97030000,HIGH_VOLUME_NODE
93021.40000000,13.08000000,7.18700000,5.89300000,668545.52050000,548175.69950000,HIGH_VOLUME_NODE
93021.60000000,35.10300000,20.91200000,14.19100000,1945268.50210000,1320070.31950000,HIGH_VOLUME_NODE
93021.70000000,13.72500000,11.70200000,2.02300000,1088541.10360000,188183.10140000,HIGH_VOLUME_NODE
93021.80000000,12.99500000,7.77800000,5.21700000,723524.33820000,485295.25230000,HIGH_VOLUME_NODE
93021.90000000,22.38300000,11.60200000,10.78100000,1079241.24400000,1002870.18200000,HIGH_VOLUME_NODE
93022.10000000,35.53200000,18.21800000,17.31400000,1694677.17290000,1610585.85750000,HIGH_VOLUME_NODE
93022.30000000,21.27900000,14.14700000,7.13200000,1315987.89280000,663435.75680000,HIGH_VOLUME_NODE
93022.40000000,25.83000000,16.78700000,9.04300000,1561568.70750000,841202.46750000,HIGH_VOLUME_NODE
93022.60000000,18.44500000,5.47000000,12.97500000,508833.73630000,1206969.37520000,HIGH_VOLUME_NODE
93022.70000000,15.00300000,8.29800000,6.70500000,771903.19440000,623717.87400000,HIGH_VOLUME_NODE
93023.10000000,31.24400000,12.99500000,18.24900000,1208835.43780000,1697579.75510000,HIGH_VOLUME_NODE
93023.30000000,19.03000000,6.18100000,12.84900000,574977.63540000,1195257.66660000,HIGH_VOLUME_NODE
93023.40000000,13.48000000,4.33100000,9.14900000,402884.77850000,851072.00150000,HIGH_VOLUME_NODE
93023.60000000,52.95500000,34.23200000,18.72300000,3184384.63350000,1741681.35030000,HIGH_VOLUME_NODE
93023.90000000,18.63900000,9.93500000,8.70400000,924193.44000000,809680.89600000,HIGH_VOLUME_NODE
93024.10000000,23.45800000,6.54800000,16.91000000,609122.09520000,1573038.71420000,HIGH_VOLUME_NODE
93024.60000000,12.64600000,5.49800000,7.14800000,511449.43090000,664940.09430000,HIGH_VOLUME_NODE
93024.90000000,21.58500000,12.33500000,9.25000000,1147463.37500000,860481.25000000,HIGH_VOLUME_NODE
93025.10000000,21.30300000,13.08500000,8.21800000,1217234.21200000,764480.74190000,HIGH_VOLUME_NODE
93025.30000000,31.39500000,25.50100000,5.89400000,2372240.72540000,548291.70760000,HIGH_VOLUME_NODE
93025.40000000,15.39100000,1.61700000,13.77400000,150422.23350000,1281333.23700000,HIGH_VOLUME_NODE
93025.60000000,28.95800000,13.05800000,15.90000000,1214729.02220000,1479107.80660000,HIGH_VOLUME_NODE
93025.70000000,16.35000000,9.61100000,6.73900000,894070.96380000,626900.86620000,HIGH_VOLUME_NODE
93025.90000000,13.36300000,6.32800000,7.03500000,588668.52800000,654437.91000000,HIGH_VOLUME_NODE
93026.10000000,23.61400000,13.68200000,9.93200000,1272783.95610000,923935.83470000,HIGH_VOLUME_NODE
93026.30000000,22.58700000,11.53100000,11.05600000,1072687.41840000,1028499.87840000,HIGH_VOLUME_NODE
93026.40000000,20.02800000,2.58900000,17.43900000,240845.60850000,1622289.13350000,HIGH_VOLUME_NODE
93026.60000000,38.21700000,17.66700000,20.55000000,1643501.98000000,1911697.63480000,HIGH_VOLUME_NODE
93026.70000000,15.16600000,5.73300000,9.43300000,533322.64440000,877521.80440000,HIGH_VOLUME_NODE
93027.10000000,30.90300000,16.64500000,14.25800000,1548437.03860000,1326380.69250000,HIGH_VOLUME_NODE
93027.20000000,19.86700000,2.23200000,17.63500000,207636.93360000,1640536.43550000,HIGH_VOLUME_NODE
93027.30000000,27.34900000,12.00000000,15.34900000,1116328.80000000,1427877.56260000,HIGH_VOLUME_NODE
93027.60000000,38.16300000,19.21600000,18.94700000,1787618.97920000,1762595.16120000,HIGH_VOLUME_NODE
93027.90000000,13.98200000,4.56000000,9.42200000,424207.68000000,876509.81600000,HIGH_VOLUME_NODE
93028.10000000,29.18800000,10.36100000,18.82700000,963864.83880000,1751440.15660000,HIGH_VOLUME_NODE
93028.30000000,27.69100000,5.05400000,22.63700000,470165.53360000,2105883.89080000,HIGH_VOLUME_NODE
93028.60000000,23.35700000,13.96900000,9.38800000,1299516.98810000,873353.02660000,HIGH_VOLUME_NODE
93028.80000000,20.31700000,10.95000000,9.36700000,1018666.45500000,871401.70630000,HIGH_VOLUME_NODE
93029.10000000,37.52200000,23.75900000,13.76300000,2210280.38130000,1280360.31170000,HIGH_VOLUME_NODE
93029.20000000,13.52500000,0.92700000,12.59800000,86238.16110000,1171983.12140000,HIGH_VOLUME_NODE
93029.30000000,25.30700000,10.89600000,14.41100000,1013648.34240000,1340646.68340000,HIGH_VOLUME_NODE
93029.40000000,17.21500000,3.39200000,13.82300000,315556.06400000,1285946.77850000,HIGH_VOLUME_NODE
93029.60000000,41.69600000,16.37800000,25.31800000,1523639.54670000,2355324.98000000,HIGH_VOLUME_NODE
93029.70000000,13.29400000,10.68000000,2.61400000,993558.26400000,243179.89720000,HIGH_VOLUME_NODE
93029.80000000,14.03700000,4.89300000,9.14400000,455195.30070000,850665.40560000,HIGH_VOLUME_NODE
93029.90000000,51.37500000,14.94300000,36.43200000,1390147.29000000,3389268.96000000,HIGH_VOLUME_NODE
93030.10000000,72.31700000,44.39900000,27.91800000,4130444.21090000,2597215.17600000,HIGH_VOLUME_NODE
93030.20000000,16.87600000,10.81300000,6.06300000,1005936.63390000,564042.70890000,HIGH_VOLUME_NODE
93030.30000000,20.78800000,10.92700000,9.86100000,1016543.18080000,917372.77440000,HIGH_VOLUME_NODE
93030.60000000,19.18400000,7.97100000,11.21300000,741547.14140000,1043152.69250000,HIGH_VOLUME_NODE
93030.90000000,15.46500000,13.91500000,1.55000000,1294526.36500000,144198.05000000,HIGH_VOLUME_NODE
93031.10000000,36.26200000,15.67500000,20.58700000,1458263.90650000,1915232.65040000,HIGH_VOLUME_NODE
93031.20000000,15.59300000,11.24000000,4.35300000,1045671.81200000,404965.24890000,HIGH_VOLUME_NODE
93031.40000000,18.57300000,6.49900000,12.07400000,604611.71850000,1123262.33100000,HIGH_VOLUME_NODE
93031.60000000,23.54300000,17.01800000,6.52500000,1583212.19650000,607031.55530000,HIGH_VOLUME_NODE
93032.10000000,39.34600000,16.12100000,23.22500000,1499771.53990000,2160671.97720000,HIGH_VOLUME_NODE
93032.30000000,13.93100000,5.85600000,8.07500000,544797.73440000,751236.63000000,HIGH_VOLUME_NODE
93032.70000000,13.15000000,2.32100000,10.82900000,215929.12880000,1007452.19120000,HIGH_VOLUME_NODE
93032.80000000,14.42400000,2.85200000,11.57200000,265329.83080000,1076576.71880000,HIGH_VOLUME_NODE
93032.90000000,29.06300000,13.60500000,15.45800000,1265713.96500000,1438104.11400000,HIGH_VOLUME_NODE
93033.10000000,12.67400000,8.74600000,3.92800000,813667.76460000,365434.31560000,HIGH_VOLUME_NODE
93033.20000000,16.60400000,8.55800000,8.04600000,796178.98140000,748545.93180000,HIGH_VOLUME_NODE
93033.30000000,14.75600000,7.55300000,7.20300000,702681.27020000,670119.58020000,HIGH_VOLUME_NODE
93033.60000000,13.89900000,6.57600000,7.32300000,611789.36490000,681285.34200000,HIGH_VOLUME_NODE
93033.70000000,14.69100000,3.83900000,10.85200000,357156.75820000,1009602.79760000,HIGH_VOLUME_NODE
93033.80000000,22.11400000,5.42400000,16.69000000,504615.87360000,1552735.79100000,HIGH_VOLUME_NODE
93033.90000000,26.73900000,13.39600000,13.34300000,1246283.46400000,1241352.66200000,HIGH_VOLUME_NODE
93034.10000000,29.78700000,17.48000000,12.30700000,1626236.21960000,1144971.37070000,HIGH_VOLUME_NODE
93034.20000000,23.74800000,9.14600000,14.60200000,850891.70780000,1358486.84860000,HIGH_VOLUME_NODE
93034.30000000,16.79900000,13.68900000,3.11000000,1273547.90160000,289336.98400000,HIGH_VOLUME_NODE
93034.40000000,17.62400000,3.16700000,14.45700000,294640.26150000,1344999.76650000,HIGH_VOLUME_NODE
93034.60000000,31.95300000,14.04100000,17.91200000,1306299.41930000,1666436.56330000,HIGH_VOLUME_NODE
93034.80000000,16.12000000,3.59700000,12.52300000,334646.53530000,1165076.05270000,HIGH_VOLUME_NODE
93034.90000000,36.35700000,28.86700000,7.49000000,2685641.34500000,696832.15000000,HIGH_VOLUME_NODE
93035.10000000,15.85300000,10.35000000,5.50300000,962913.40430000,511972.46950000,HIGH_VOLUME_NODE
93035.20000000,12.91600000,9.34700000,3.56900000,869600.94910000,332042.98570000,HIGH_VOLUME_NODE
93035.60000000,59.99500000,25.48900000,34.50600000,2371386.47660000,3210288.12080000,HIGH_VOLUME_NODE
93035.80000000,16.00500000,12.13600000,3.86900000,1129083.68240000,359955.89710000,HIGH_VOLUME_NODE
93035.90000000,15.21800000,6.48700000,8.73100000,603524.53200000,812297.31600000,HIGH_VOLUME_NODE
93036.10000000,29.92200000,15.04600000,14.87600000,1399821.74270000,1384006.24200000,HIGH_VOLUME_NODE
93036.40000000,14.18800000,3.76700000,10.42100000,350468.49550000,969533.36650000,HIGH_VOLUME_NODE
93036.60000000,35.90800000,24.89000000,11.01800000,2315682.50130000,1025077.61610000,HIGH_VOLUME_NODE
93036.70000000,13.84100000,7.97200000,5.86900000,741689.36960000,546032.97920000,HIGH_VOLUME_NODE
93036.80000000,12.99400000,7.74200000,5.25200000,720291.67980000,488629.79880000,HIGH_VOLUME_NODE
93036.90000000,21.61000000,9.50400000,12.10600000,884223.64800000,1126305.92200000,HIGH_VOLUME_NODE
93037.10000000,32.13100000,20.38000000,11.75100000,1896097.13020000,1093279.52250000,HIGH_VOLUME_NODE
93037.20000000,13.79500000,8.80400000,4.99100000,819100.38920000,464349.16430000,HIGH_VOLUME_NODE
93037.30000000,27.76500000,3.64000000,24.12500000,338656.13600000,2244527.27500000,HIGH_VOLUME_NODE
93037.40000000,12.76900000,6.21800000,6.55100000,578507.17500000,609488.66250000,HIGH_VOLUME_NODE
93037.60000000,24.07100000,11.03100000,13.04000000,1026298.30410000,1213211.11160000,HIGH_VOLUME_NODE
93037.70000000,24.31400000,12.09600000,12.21800000,1125385.22880000,1136735.84040000,HIGH_VOLUME_NODE
93037.80000000,28.24300000,25.43300000,2.81000000,2366232.91070000,261436.49900000,HIGH_VOLUME_NODE
93038.10000000,17.46300000,4.61100000,12.85200000,428998.89980000,1195726.26620000,HIGH_VOLUME_NODE
93038.20000000,14.15700000,8.32300000,5.83400000,774357.77090000,542785.44220000,HIGH_VOLUME_NODE
93038.60000000,26.24500000,12.74000000,13.50500000,1185312.03570000,1256487.00710000,HIGH_VOLUME_NODE
93038.70000000,17.17300000,11.15200000,6.02100000,1037568.69760000,560186.61480000,HIGH_VOLUME_NODE
93038.80000000,15.11100000,11.70100000,3.41000000,1088648.16890000,317262.64900000,HIGH_VOLUME_NODE
93038.90000000,12.24200000,3.83800000,8.40400000,357083.68200000,781899.75600000,HIGH_VOLUME_NODE
93039.40000000,18.45500000,10.89800000,7.55700000,1013944.47100000,703099.50150000,HIGH_VOLUME_NODE
93039.60000000,44.57500000,31.72000000,12.85500000,2951217.49270000,1196024.19900000,HIGH_VOLUME_NODE
93039.80000000,16.65000000,7.90700000,8.74300000,735666.48930000,813447.84570000,HIGH_VOLUME_NODE
93039.90000000,24.83200000,15.96000000,8.87200000,1484918.40000000,825450.88000000,HIGH_VOLUME_NODE
93040.10000000,23.55000000,14.17900000,9.37100000,1319216.06210000,871879.06480000,HIGH_VOLUME_NODE
93040.60000000,16.50900000,8.49800000,8.01100000,790659.28060000,745348.81550000,HIGH_VOLUME_NODE
93040.80000000,19.58400000,14.92900000,4.65500000,1389007.59610000,433105.38950000,HIGH_VOLUME_NODE
93041.10000000,40.81100000,14.55700000,26.25400000,1354399.86590000,2442701.78280000,HIGH_VOLUME_NODE
93041.20000000,21.91900000,16.35800000,5.56100000,1521969.58540000,517402.66930000,HIGH_VOLUME_NODE
93041.40000000,14.81200000,4.51500000,10.29700000,420082.37250000,958048.32550000,HIGH_VOLUME_NODE
93041.60000000,35.40600000,21.43000000,13.97600000,1993882.80230000,1300349.83150000,HIGH_VOLUME_NODE
93041.80000000,14.57800000,4.40700000,10.17100000,410035.65330000,946329.16490000,HIGH_VOLUME_NODE
93041.90000000,25.12800000,9.50300000,15.62500000,884178.12600000,1453781.25000000,HIGH_VOLUME_NODE
93042.10000000,32.18000000,28.92100000,3.25900000,2690870.79980000,303224.31410000,HIGH_VOLUME_NODE
93042.20000000,16.64500000,11.83800000,4.80700000,1101434.74740000,447254.33610000,HIGH_VOLUME_NODE
93042.30000000,14.46000000,7.20100000,7.25900000,669998.32240000,675394.78160000,HIGH_VOLUME_NODE
93042.40000000,24.59100000,4.93500000,19.65600000,459164.73750000,1828843.38000000,HIGH_VOLUME_NODE
93042.60000000,38.51300000,31.76400000,6.74900000,2955407.55220000,627944.80000000,HIGH_VOLUME_NODE
93042.70000000,14.28600000,5.53200000,8.75400000,514712.76960000,814496.67120000,HIGH_VOLUME_NODE
93042.80000000,14.28800000,5.66900000,8.61900000,527460.20010000,801936.75510000,HIGH_VOLUME_NODE
93042.90000000,17.76400000,4.67400000,13.09000000,434882.98200000,1217932.87000000,HIGH_VOLUME_NODE
93043.10000000,36.49900000,13.53300000,22.96600000,1259152.77710000,2136828.48510000,HIGH_VOLUME_NODE
93043.60000000,24.22100000,8.59400000,15.62700000,799617.17440000,1453993.14000000,HIGH_VOLUME_NODE
93043.90000000,12.64900000,3.99000000,8.65900000,371245.56000000,805667.99600000,HIGH_VOLUME_NODE
93044.10000000,43.15600000,27.63000000,15.52600000,2570809.96300000,1444603.31510000,HIGH_VOLUME_NODE
93044.60000000,32.73300000,22.23200000,10.50100000,2068568.67050000,977061.45140000,HIGH_VOLUME_NODE
93044.80000000,12.92100000,5.93700000,6.98400000,552407.57130000,649825.58160000,HIGH_VOLUME_NODE
93044.90000000,12.98200000,6.87100000,6.11100000,639312.19500000,568597.99500000,HIGH_VOLUME_NODE
93045.10000000,19.39500000,8.94300000,10.45200000,832102.65550000,972507.93750000,HIGH_VOLUME_NODE
93045.20000000,18.06800000,4.14900000,13.91900000,386044.94970000,1295097.53070000,HIGH_VOLUME_NODE
93045.30000000,17.35500000,9.89400000,7.46100000,920591.18760000,694211.72940000,HIGH_VOLUME_NODE
93045.40000000,28.19400000,19.87700000,8.31700000,1849465.40350000,773859.42350000,HIGH_VOLUME_NODE
93045.60000000,28.51700000,16.60900000,11.90800000,1545394.83050000,1107987.61590000,HIGH_VOLUME_NODE
93045.70000000,15.76800000,8.84700000,6.92100000,823176.19260000,643969.98180000,HIGH_VOLUME_NODE
93046.10000000,14.27800000,10.21700000,4.06100000,950652.45450000,377860.37480000,HIGH_VOLUME_NODE
93046.60000000,26.59400000,16.88100000,9.71300000,1570720.85720000,903762.14390000,HIGH_VOLUME_NODE
93046.70000000,14.77400000,7.59000000,7.18400000,706225.21200000,668448.21120000,HIGH_VOLUME_NODE
93047.10000000,20.65100000,9.60600000,11.04500000,893810.68710000,1027706.00650000,HIGH_VOLUME_NODE
93047.60000000,31.09900000,6.01000000,25.08900000,559216.38150000,2334472.42120000,HIGH_VOLUME_NODE
93047.80000000,16.23500000,6.59500000,9.64000000,613650.90050000,896981.75600000,HIGH_VOLUME_NODE
93047.90000000,27.21000000,13.54200000,13.66800000,1260056.01600000,1271780.06400000,HIGH_VOLUME_NODE
93048.10000000,20.32800000,11.37300000,8.95500000,1058236.53040000,833246.06350000,HIGH_VOLUME_NODE
93048.20000000,17.07400000,9.58100000,7.49300000,891495.76230000,697210.91190000,HIGH_VOLUME_NODE
93048.60000000,19.80100000,9.06100000,10.74000000,843113.77810000,999342.79280000,HIGH_VOLUME_NODE
93048.70000000,42.02300000,30.67000000,11.35300000,2853806.69600000,1056383.02640000,HIGH_VOLUME_NODE
93049.10000000,29.09500000,22.00700000,7.08800000,2047732.43910000,659532.55240000,HIGH_VOLUME_NODE
93049.40000000,12.27000000,10.87600000,1.39400000,1012006.36200000,129711.00300000,HIGH_VOLUME_NODE
93049.60000000,22.54400000,13.59600000,8.94800000,1265102.81330000,832608.02650000,HIGH_VOLUME_NODE
93049.80000000,45.74700000,12.99000000,32.75700000,1208718.20100000,3048035.57430000,HIGH_VOLUME_NODE
93049.90000000,320.00200000,239.91300000,80.08900000,22323904.65000000,7452281.45000000,HIGH_VOLUME_NODE
93050.10000000,30.76700000,16.61400000,14.15300000,1545934.63650000,1316939.00680000,HIGH_VOLUME_NODE
93050.20000000,14.01400000,10.31000000,3.70400000,959348.59300000,344658.31120000,HIGH_VOLUME_NODE
93050.40000000,16.20400000,10.52400000,5.68000000,979263.46200000,528526.84000000,HIGH_VOLUME_NODE
93050.60000000,30.28800000,10.89300000,19.39500000,1013600.79230000,1804717.01450000,HIGH_VOLUME_NODE
93050.70000000,17.28300000,10.62700000,6.65600000,988850.85160000,619346.12480000,HIGH_VOLUME_NODE
93050.80000000,13.20000000,5.87600000,7.32400000,546767.08840000,681504.79160000,HIGH_VOLUME_NODE
93051.40000000,26.87100000,9.65200000,17.21900000,898133.07800000,1602253.77850000,HIGH_VOLUME_NODE
93051.60000000,21.51100000,14.77500000,6.73600000,1374838.09230000,626795.97080000,HIGH_VOLUME_NODE
93051.80000000,15.00100000,12.43900000,2.56200000,1157472.58410000,238398.96780000,HIGH_VOLUME_NODE
93051.90000000,13.79600000,7.38000000,6.41600000,686723.76000000,597021.63200000,HIGH_VOLUME_NODE
93052.10000000,24.67000000,13.12400000,11.54600000,1221216.27690000,1074380.49010000,HIGH_VOLUME_NODE
93052.20000000,17.25600000,7.79300000,9.46300000,725156.57390000,880553.91490000,HIGH_VOLUME_NODE
93052.30000000,21.85100000,15.40000000,6.45100000,1433006.96000000,600281.03240000,HIGH_VOLUME_NODE
93052.60000000,59.16800000,40.93600000,18.23200000,3809203.82110000,1696535.87610000,HIGH_VOLUME_NODE
93052.70000000,15.02800000,10.74400000,4.28400000,999759.28320000,398638.19520000,HIGH_VOLUME_NODE
93052.80000000,16.94900000,10.73400000,6.21500000,998829.82860000,578323.77350000,HIGH_VOLUME_NODE
93053.10000000,38.16000000,23.25500000,14.90500000,2163951.12540000,1386957.15880000,HIGH_VOLUME_NODE
93053.20000000,14.38800000,2.45000000,11.93800000,227980.58500000,1110870.29540000,HIGH_VOLUME_NODE
93053.30000000,12.77500000,9.94600000,2.82900000,925509.11640000,263248.06860000,HIGH_VOLUME_NODE
93053.60000000,28.70800000,10.48900000,18.21900000,976039.64300000,1695344.06090000,HIGH_VOLUME_NODE
93054.10000000,37.56300000,24.74600000,12.81700000,2302718.34940000,1192674.69530000,HIGH_VOLUME_NODE
93054.20000000,18.15400000,14.56400000,3.59000000,1355242.82520000,334064.93700000,HIGH_VOLUME_NODE
93054.40000000,21.79000000,9.75000000,12.04000000,907281.37500000,1120376.18000000,HIGH_VOLUME_NODE
93054.60000000,41.42700000,20.34100000,21.08600000,1892823.91730000,1962150.15450000,HIGH_VOLUME_NODE
93054.80000000,19.19600000,14.50600000,4.69000000,1349854.37940000,436427.48100000,HIGH_VOLUME_NODE
93054.90000000,52.51800000,23.33500000,29.18300000,2171438.42500000,2715624.06500000,HIGH_VOLUME_NODE
93055.10000000,37.19300000,12.24100000,24.95200000,1139088.34580000,2321912.05170000,HIGH_VOLUME_NODE
93055.20000000,20.24600000,18.52400000,1.72200000,1723756.37720000,160241.22660000,HIGH_VOLUME_NODE
93056.10000000,20.28700000,15.90200000,4.38500000,1479778.54240000,408051.29240000,HIGH_VOLUME_NODE
93056.60000000,16.16200000,8.04500000,8.11700000,748640.87560000,755341.02110000,HIGH_VOLUME_NODE
93056.70000000,16.75300000,15.08500000,1.66800000,1403761.82800000,155218.74240000,HIGH_VOLUME_NODE
93057.10000000,21.04400000,11.72200000,9.32200000,1090816.10240000,867479.13200000,HIGH_VOLUME_NODE
93057.40000000,17.75800000,4.01700000,13.74100000,373811.97750000,1278703.10750000,HIGH_VOLUME_NODE
93057.60000000,18.93700000,13.86100000,5.07600000,1289871.55340000,472360.76970000,HIGH_VOLUME_NODE
93057.70000000,18.34200000,3.41500000,14.92700000,317792.38700000,1389073.78060000,HIGH_VOLUME_NODE
93057.80000000,17.83800000,16.30800000,1.53000000,1517588.23320000,142378.58700000,HIGH_VOLUME_NODE
93057.90000000,19.27100000,10.99200000,8.27900000,1022893.53600000,770427.18200000,HIGH_VOLUME_NODE
93058.10000000,31.46100000,19.40500000,12.05600000,1805793.28140000,1121909.03060000,HIGH_VOLUME_NODE
93058.20000000,22.33300000,9.03700000,13.29600000,840967.85710000,1237303.15680000,HIGH_VOLUME_NODE
93058.40000000,21.02400000,7.30300000,13.72100000,679606.22550000,1276855.67850000,HIGH_VOLUME_NODE
93058.60000000,29.79800000,13.70700000,16.09100000,1275555.21000000,1497406.88020000,HIGH_VOLUME_NODE
93058.70000000,13.56600000,6.83300000,6.73300000,635870.78040000,626564.90040000,HIGH_VOLUME_NODE
93058.80000000,13.18700000,6.06500000,7.12200000,564402.22850000,662765.48580000,HIGH_VOLUME_NODE
93059.10000000,47.14200000,18.80700000,28.33500000,1750163.99680000,2636831.58700000,HIGH_VOLUME_NODE
93059.60000000,39.69000000,20.79400000,18.89600000,1935082.31160000,1758455.16160000,HIGH_VOLUME_NODE
93059.70000000,37.47900000,30.50400000,6.97500000,2838696.13920000,649092.10500000,HIGH_VOLUME_NODE
93059.80000000,25.81200000,11.27700000,14.53500000,1049436.49230000,1352625.64650000,HIGH_VOLUME_NODE
93059.90000000,32.02600000,21.76500000,10.26100000,2025450.90000000,954888.66000000,HIGH_VOLUME_NODE
93060.10000000,40.14900000,20.77500000,19.37400000,1933324.65980000,1802947.05690000,HIGH_VOLUME_NODE
93060.20000000,22.64600000,9.29000000,13.35600000,864530.18700000,1242913.36680000,HIGH_VOLUME_NODE
93060.60000000,17.81300000,10.37100000,7.44200000,965131.87710000,692557.21490000,HIGH_VOLUME_NODE
93061.10000000,28.94600000,14.45200000,14.49400000,1344920.21110000,1348828.00850000,HIGH_VOLUME_NODE
93061.70000000,20.10300000,8.41400000,11.68900000,783021.98520000,1087799.38020000,HIGH_VOLUME_NODE
93061.80000000,13.90100000,10.52800000,3.37300000,979755.68320000,313897.78870000,HIGH_VOLUME_NODE
93062.10000000,27.98400000,23.37600000,4.60800000,2175420.83470000,428830.35020000,HIGH_VOLUME_NODE
93062.60000000,20.21000000,10.63500000,9.57500000,989721.23100000,891074.75850000,HIGH_VOLUME_NODE
93062.70000000,18.55800000,12.98400000,5.57400000,1208327.39520000,518732.04720000,HIGH_VOLUME_NODE
93062.90000000,14.25000000,13.40600000,0.84400000,1247602.57800000,78545.17200000,HIGH_VOLUME_NODE
93063.10000000,20.28300000,14.65400000,5.62900000,1363746.93960000,523852.53700000,HIGH_VOLUME_NODE
93063.60000000,13.24800000,9.32100000,3.92700000,867446.25630000,365460.90900000,HIGH_VOLUME_NODE
93064.10000000,12.25600000,9.57900000,2.67700000,891461.19820000,249132.72250000,HIGH_VOLUME_NODE
93064.60000000,22.48100000,6.25600000,16.22500000,582212.59230000,1509973.73120000,HIGH_VOLUME_NODE
93064.80000000,24.54900000,6.91700000,17.63200000,643729.91330000,1640920.31680000,HIGH_VOLUME_NODE
93064.90000000,13.07200000,10.28100000,2.79100000,956801.26500000,259744.41500000,HIGH_VOLUME_NODE
93065.10000000,15.60000000,6.13200000,9.46800000,570675.45950000,881141.21710000,HIGH_VOLUME_NODE
93065.40000000,13.25100000,5.46800000,7.78300000,508882.15400000,724328.78650000,HIGH_VOLUME_NODE
93065.60000000,20.41900000,16.26700000,4.15200000,1513898.55320000,386408.53930000,HIGH_VOLUME_NODE
93065.80000000,25.62100000,18.06100000,7.56000000,1680863.21990000,703578.20400000,HIGH_VOLUME_NODE
93066.10000000,25.58100000,15.32000000,10.26100000,1425773.33980000,954952.10030000,HIGH_VOLUME_NODE
93067.10000000,23.89300000,15.65600000,8.23700000,1457059.77820000,766593.92430000,HIGH_VOLUME_NODE
93067.40000000,17.21600000,2.53000000,14.68600000,235460.77500000,1366789.30500000,HIGH_VOLUME_NODE
93067.60000000,19.96800000,11.72800000,8.24000000,1091497.20740000,766877.43750000,HIGH_VOLUME_NODE
93067.80000000,13.70600000,11.04900000,2.65700000,1028307.22710000,247281.41030000,HIGH_VOLUME_NODE
93067.90000000,12.42600000,8.18600000,4.24000000,761854.64800000,394608.32000000,HIGH_VOLUME_NODE
93068.10000000,29.64500000,18.67900000,10.96600000,1738419.83140000,1020584.85920000,HIGH_VOLUME_NODE
93068.60000000,14.06200000,7.62800000,6.43400000,709927.57540000,598803.54320000,HIGH_VOLUME_NODE
93068.80000000,16.83800000,7.64500000,9.19300000,711511.74050000,855582.39770000,HIGH_VOLUME_NODE
93069.10000000,18.91100000,10.38900000,8.52200000,966895.33160000,793135.44880000,HIGH_VOLUME_NODE
93069.60000000,24.35500000,19.61600000,4.73900000,1825655.02210000,441057.03500000,HIGH_VOLUME_NODE
93069.80000000,18.00900000,12.09300000,5.91600000,1125494.30070000,550601.52840000,HIGH_VOLUME_NODE
93069.90000000,14.61600000,7.42100000,7.19500000,690672.47000000,669638.65000000,HIGH_VOLUME_NODE
93070.10000000,16.28400000,12.15400000,4.13000000,1131174.55480000,384379.58450000,HIGH_VOLUME_NODE
93070.40000000,15.53800000,9.46500000,6.07300000,880912.28250000,565217.14650000,HIGH_VOLUME_NODE
93071.10000000,27.66400000,11.19900000,16.46500000,1042303.91310000,1532416.71610000,HIGH_VOLUME_NODE
93071.20000000,18.04100000,10.82500000,7.21600000,1007496.82250000,671602.50080000,HIGH_VOLUME_NODE
93071.30000000,18.45400000,10.04800000,8.40600000,935181.42720000,782358.18840000,HIGH_VOLUME_NODE
93071.40000000,12.35900000,10.56500000,1.79400000,983300.39750000,166970.27100000,HIGH_VOLUME_NODE
93071.70000000,12.39800000,5.61300000,6.78500000,522412.01340000,631492.16300000,HIGH_VOLUME_NODE
93071.80000000,12.51400000,8.90900000,3.60500000,829177.55710000,335524.19950000,HIGH_VOLUME_NODE
93071.90000000,12.73800000,6.80700000,5.93100000,633541.10400000,552010.03200000,HIGH_VOLUME_NODE
93072.10000000,21.87100000,8.25500000,13.61600000,768310.82790000,1267269.97460000,HIGH_VOLUME_NODE
93072.40000000,19.48800000,3.58700000,15.90100000,333851.05750000,1479945.82250000,HIGH_VOLUME_NODE
93072.60000000,26.66600000,12.39100000,14.27500000,1153262.89010000,1328612.38310000,HIGH_VOLUME_NODE
93072.80000000,13.29200000,1.38900000,11.90300000,129278.25810000,1107846.72870000,HIGH_VOLUME_NODE
93072.90000000,18.58100000,5.88000000,12.70100000,547269.24000000,1182120.17300000,HIGH_VOLUME_NODE
93073.10000000,22.06600000,13.49500000,8.57100000,1256022.26330000,797729.98680000,HIGH_VOLUME_NODE
93073.30000000,13.63200000,5.95100000,7.68100000,553879.80340000,714896.78540000,HIGH_VOLUME_NODE
93074.10000000,19.52600000,14.13100000,5.39500000,1315231.18300000,502135.03460000,HIGH_VOLUME_NODE
93074.20000000,17.89600000,6.65800000,11.23800000,619688.68940000,1045968.98340000,HIGH_VOLUME_NODE
93074.40000000,16.03600000,7.23000000,8.80600000,672928.63500000,819614.04700000,HIGH_VOLUME_NODE
93074.60000000,16.03100000,11.85300000,4.17800000,1103214.16270000,388865.87090000,HIGH_VOLUME_NODE
93074.90000000,13.89200000,4.45300000,9.43900000,414462.97500000,878534.92500000,HIGH_VOLUME_NODE
93075.10000000,23.71400000,10.20000000,13.51400000,949366.81420000,1257817.76080000,HIGH_VOLUME_NODE
93075.20000000,14.72500000,11.02300000,3.70200000,1025969.03190000,344564.76060000,HIGH_VOLUME_NODE
93075.60000000,22.58300000,7.71100000,14.87200000,717706.58700000,1384220.69410000,HIGH_VOLUME_NODE
93075.70000000,20.12500000,7.52600000,12.59900000,700488.47080000,1172662.00420000,HIGH_VOLUME_NODE
93076.20000000,12.71800000,7.15600000,5.56200000,666054.00280000,517690.38060000,HIGH_VOLUME_NODE
93076.30000000,27.59800000,14.53800000,13.06000000,1353144.70320000,1215577.78400000,HIGH_VOLUME_NODE
93076.60000000,12.21200000,8.29100000,3.92100000,771698.55880000,364953.61280000,HIGH_VOLUME_NODE
93077.60000000,14.61400000,7.88800000,6.72600000,734196.69870000,626040.19190000,HIGH_VOLUME_NODE
93077.70000000,29.93500000,18.12200000,11.81300000,1686755.89160000,1099528.05140000,HIGH_VOLUME_NODE
93077.80000000,16.50100000,9.49800000,7.00300000,884053.89420000,651824.53370000,HIGH_VOLUME_NODE
93077.90000000,16.47800000,6.74400000,9.73400000,627718.03200000,906021.25200000,HIGH_VOLUME_NODE
93078.10000000,44.06500000,21.84500000,22.22000000,2033291.45150000,2068197.00240000,HIGH_VOLUME_NODE
93078.20000000,36.67300000,29.47700000,7.19600000,2743669.04910000,669791.44680000,HIGH_VOLUME_NODE
93079.10000000,21.80400000,11.57700000,10.22700000,1077577.05680000,951920.88620000,HIGH_VOLUME_NODE
93079.20000000,14.44100000,13.87600000,0.56500000,1291568.36680000,52589.80450000,HIGH_VOLUME_NODE
93079.60000000,17.98200000,9.74900000,8.23300000,907433.72790000,766325.08600000,HIGH_VOLUME_NODE
93079.80000000,37.82200000,11.57800000,26.24400000,1077679.08220000,2442788.89560000,HIGH_VOLUME_NODE
93079.90000000,68.15700000,41.81600000,26.34100000,3892233.28000000,2451820.28000000,HIGH_VOLUME_NODE
93080.10000000,18.44300000,13.79000000,4.65300000,1283574.93500000,433101.78320000,HIGH_VOLUME_NODE
93080.30000000,12.69700000,6.75300000,5.94400000,628571.94120000,553269.89760000,HIGH_VOLUME_NODE
93080.60000000,13.93500000,8.72600000,5.20900000,812222.05030000,484857.22070000,HIGH_VOLUME_NODE
93081.10000000,22.91600000,15.91800000,6.99800000,1481666.00560000,651381.65680000,HIGH_VOLUME_NODE
93081.60000000,24.13000000,17.60300000,6.52700000,1638516.09220000,607543.79710000,HIGH_VOLUME_NODE
93081.80000000,13.40100000,0.60300000,12.79800000,56128.38570000,1191262.15620000,HIGH_VOLUME_NODE
93082.10000000,13.04100000,7.16000000,5.88100000,666468.34400000,547416.27070000,HIGH_VOLUME_NODE
93082.40000000,24.40800000,18.02400000,6.38400000,1677718.98000000,594238.68000000,HIGH_VOLUME_NODE
93082.60000000,18.05500000,13.89700000,4.15800000,1293569.90350000,387037.69750000,HIGH_VOLUME_NODE
93083.10000000,18.64200000,7.77700000,10.86500000,723907.39950000,1011348.87780000,HIGH_VOLUME_NODE
93083.30000000,25.01500000,21.51700000,3.49800000,2002875.51780000,325605.73320000,HIGH_VOLUME_NODE
93083.60000000,19.66300000,7.46900000,12.19400000,695242.00670000,1135061.57300000,HIGH_VOLUME_NODE
93083.90000000,26.93400000,20.72200000,6.21200000,1928886.64800000,578237.80800000,HIGH_VOLUME_NODE
93084.10000000,14.90800000,4.78000000,10.12800000,444942.38410000,942756.17890000,HIGH_VOLUME_NODE
93084.20000000,12.51500000,6.40900000,6.10600000,596577.27870000,568372.73580000,HIGH_VOLUME_NODE
93085.10000000,30.60600000,13.56100000,17.04500000,1262327.63030000,1586635.92270000,HIGH_VOLUME_NODE
93086.10000000,59.38800000,23.26900000,36.11900000,2166022.35050000,3362179.09760000,HIGH_VOLUME_NODE
93086.20000000,12.47800000,7.91600000,4.56200000,736871.15080000,424659.70060000,HIGH_VOLUME_NODE
93086.60000000,24.15500000,12.42500000,11.73000000,1156601.91000000,1091906.39250000,HIGH_VOLUME_NODE
93086.90000000,15.29000000,9.23200000,6.05800000,859379.18400000,563921.04600000,HIGH_VOLUME_NODE
93087.10000000,34.23500000,20.90000000,13.33500000,1945521.82230000,1241317.37380000,HIGH_VOLUME_NODE
93087.60000000,16.60900000,6.14400000,10.46500000,571930.29950000,974162.41530000,HIGH_VOLUME_NODE
93087.80000000,17.53200000,10.59100000,6.94100000,985893.94890000,646123.11390000,HIGH_VOLUME_NODE
93087.90000000,34.83600000,23.21600000,11.62000000,2161131.00800000,1081682.56000000,HIGH_VOLUME_NODE
93088.10000000,13.23400000,7.21900000,6.01500000,672003.28910000,559925.35630000,HIGH_VOLUME_NODE
93088.40000000,24.38300000,18.74300000,5.64000000,1744757.75550000,525019.14000000,HIGH_VOLUME_NODE
93088.60000000,15.58900000,9.37900000,6.21000000,873078.55750000,578080.58920000,HIGH_VOLUME_NODE
93088.90000000,15.98700000,9.44600000,6.54100000,879318.69400000,608895.14900000,HIGH_VOLUME_NODE
93089.10000000,26.15800000,20.15100000,6.00700000,1875840.19780000,559186.55690000,HIGH_VOLUME_NODE
93089.60000000,21.06400000,9.26200000,11.80200000,862196.69520000,1098644.28950000,HIGH_VOLUME_NODE
93089.80000000,19.27900000,5.80600000,13.47300000,540479.95940000,1254200.22270000,HIGH_VOLUME_NODE
93089.90000000,55.79000000,39.44600000,16.34400000,3672028.14000000,1521462.96000000,HIGH_VOLUME_NODE
93090.10000000,33.03200000,19.52100000,13.51100000,1817212.53430000,1257741.35750000,HIGH_VOLUME_NODE
93090.20000000,16.70600000,7.42400000,9.28200000,691102.38720000,864064.16460000,HIGH_VOLUME_NODE
93090.30000000,17.67700000,5.26900000,12.40800000,490493.31760000,1155065.68320000,HIGH_VOLUME_NODE
93090.70000000,19.95700000,9.39800000,10.55900000,874867.33840000,982945.75720000,HIGH_VOLUME_NODE
93090.80000000,22.62300000,19.93400000,2.68900000,1855674.00060000,250321.43010000,HIGH_VOLUME_NODE
93091.10000000,29.89400000,14.13800000,15.75600000,1316122.74050000,1466743.74240000,HIGH_VOLUME_NODE
93091.30000000,18.67900000,7.30700000,11.37200000,680218.85980000,1058635.40080000,HIGH_VOLUME_NODE
93091.60000000,14.21800000,7.29600000,6.92200000,679196.49920000,644380.64380000,HIGH_VOLUME_NODE
93091.70000000,15.10900000,7.73100000,7.37800000,719692.70580000,686831.30040000,HIGH_VOLUME_NODE
93092.10000000,13.31300000,7.99200000,5.32100000,743992.31620000,495343.27110000,HIGH_VOLUME_NODE
93092.40000000,35.17200000,22.63900000,12.53300000,2107521.10750000,1166728.30250000,HIGH_VOLUME_NODE
93092.60000000,17.80500000,12.54300000,5.26200000,1167660.68680000,489853.47040000,HIGH_VOLUME_NODE
93093.10000000,15.35700000,8.35900000,6.99800000,778165.55290000,651465.56550000,HIGH_VOLUME_NODE
93093.60000000,39.78400000,29.99600000,9.78800000,2792436.04750000,911200.59090000,HIGH_VOLUME_NODE
93093.80000000,13.52800000,8.00400000,5.52400000,745123.57560000,514250.70360000,HIGH_VOLUME_NODE
93094.10000000,16.24400000,3.90900000,12.33500000,363905.11860000,1148316.62080000,HIGH_VOLUME_NODE
93094.90000000,19.93600000,16.71800000,3.21800000,1556362.21000000,299579.71000000,HIGH_VOLUME_NODE
93095.10000000,21.44200000,7.30500000,14.13700000,680060.00950000,1316085.76480000,HIGH_VOLUME_NODE
93095.60000000,18.92800000,12.87800000,6.05000000,1198885.53750000,563228.69410000,HIGH_VOLUME_NODE
93095.70000000,15.39300000,1.97800000,13.41500000,184143.49240000,1248880.15700000,HIGH_VOLUME_NODE
93095.80000000,17.39600000,10.33600000,7.06000000,962239.22240000,657257.05400000,HIGH_VOLUME_NODE
93095.90000000,15.04100000,6.08600000,8.95500000,566582.25600000,833674.68000000,HIGH_VOLUME_NODE
93096.10000000,26.30300000,24.19700000,2.10600000,2252646.45990000,196060.49970000,HIGH_VOLUME_NODE
93096.30000000,16.23600000,6.94900000,9.28700000,646926.88360000,864586.26680000,HIGH_VOLUME_NODE
93096.40000000,16.13500000,5.48500000,10.65000000,510634.30250000,991477.72500000,HIGH_VOLUME_NODE
93096.60000000,13.40100000,6.11900000,7.28200000,569658.28670000,677929.83560000,HIGH_VOLUME_NODE
93096.90000000,23.19900000,14.51400000,8.68500000,1351209.85800000,808547.44500000,HIGH_VOLUME_NODE
93097.10000000,23.93800000,9.50100000,14.43700000,884516.27920000,1344043.31170000,HIGH_VOLUME_NODE
93097.20000000,17.61900000,10.94600000,6.67300000,1019043.04580000,621238.28290000,HIGH_VOLUME_NODE
93097.60000000,22.64600000,11.50100000,11.14500000,1070715.63240000,1037573.71290000,HIGH_VOLUME_NODE
93097.80000000,16.08100000,4.37400000,11.70700000,407210.21460000,1089897.11530000,HIGH_VOLUME_NODE
93098.10000000,20.14700000,17.05500000,3.09200000,1587788.49620000,287859.35750000,HIGH_VOLUME_NODE
93098.60000000,17.78900000,13.59600000,4.19300000,1265769.67470000,390362.62140000,HIGH_VOLUME_NODE
93098.90000000,16.99700000,13.25000000,3.74700000,1233561.75000000,348841.95300000,HIGH_VOLUME_NODE
93099.10000000,36.99000000,35.81300000,1.17700000,3334158.13830000,109577.69530000,HIGH_VOLUME_NODE
93099.60000000,12.78600000,7.93200000,4.85400000,738466.62020000,451905.71580000,HIGH_VOLUME_NODE
93099.80000000,120.77800000,103.98700000,16.79100000,9681179.30130000,1563240.42090000,HIGH_VOLUME_NODE
93099.90000000,497.78600000,383.50000000,114.28600000,35703850.00000000,10640026.60000000,HIGH_VOLUME_NODE
93100.10000000,35.35300000,23.11700000,12.23600000,2152195.51300000,1139173.27180000,HIGH_VOLUME_NODE
93100.60000000,18.79500000,7.81600000,10.97900000,727675.00270000,1022151.64170000,HIGH_VOLUME_NODE
93101.10000000,17.74000000,11.90500000,5.83500000,1108369.54280000,543245.15150000,HIGH_VOLUME_NODE
93101.60000000,25.67100000,11.05500000,14.61600000,1029238.82470000,1360774.04660000,HIGH_VOLUME_NODE
93101.70000000,15.94800000,9.32200000,6.62600000,867894.97960000,616892.52680000,HIGH_VOLUME_NODE
93101.80000000,12.89200000,2.61400000,10.27800000,243368.36660000,956901.32820000,HIGH_VOLUME_NODE
93102.10000000,18.19100000,8.54700000,9.64400000,795744.33650000,897877.28240000,HIGH_VOLUME_NODE
93102.20000000,14.09500000,10.05200000,4.04300000,935864.31960000,376412.59890000,HIGH_VOLUME_NODE
93102.60000000,18.73900000,10.19700000,8.54200000,949367.82730000,795282.77060000,HIGH_VOLUME_NODE
93103.10000000,14.20200000,6.16300000,8.03900000,573794.72940000,748456.41480000,HIGH_VOLUME_NODE
93103.60000000,33.73200000,10.13200000,23.60000000,943326.32480000,2197245.85890000,HIGH_VOLUME_NODE
93103.80000000,14.04600000,11.00900000,3.03700000,1024980.83510000,282756.54430000,HIGH_VOLUME_NODE
93103.90000000,17.94400000,1.74600000,16.19800000,162559.58400000,1508098.59200000,HIGH_VOLUME_NODE
93104.10000000,33.89800000,12.58600000,21.31200000,1171809.13080000,1984235.25330000,HIGH_VOLUME_NODE
93104.20000000,29.54400000,5.80400000,23.74000000,540377.35720000,2210296.08200000,HIGH_VOLUME_NODE
93104.40000000,16.55100000,5.20200000,11.34900000,484329.60900000,1056642.97050000,HIGH_VOLUME_NODE
93104.60000000,20.63200000,6.56500000,14.06700000,611231.90710000,1309703.15960000,HIGH_VOLUME_NODE
93104.90000000,51.97400000,8.39500000,43.57900000,781616.47500000,4057422.79500000,HIGH_VOLUME_NODE
93105.10000000,44.40500000,26.86000000,17.54500000,2500803.53820000,1633530.13660000,HIGH_VOLUME_NODE
93105.30000000,16.31700000,1.59200000,14.72500000,148223.79680000,1370977.01500000,HIGH_VOLUME_NODE
93105.40000000,20.08000000,8.09400000,11.98600000,753595.91700000,1115962.52300000,HIGH_VOLUME_NODE
93105.60000000,21.35200000,5.50600000,15.84600000,512639.67340000,1475351.95490000,HIGH_VOLUME_NODE
93105.80000000,13.69200000,5.73400000,7.95800000,533869.23060000,740936.75220000,HIGH_VOLUME_NODE
93106.10000000,16.85100000,7.03600000,9.81500000,655094.55640000,913837.15800000,HIGH_VOLUME_NODE
93106.60000000,26.06300000,7.02100000,19.04200000,653701.86130000,1772937.34010000,HIGH_VOLUME_NODE
93106.70000000,21.11200000,3.49600000,17.61600000,325501.37280000,1640169.38880000,HIGH_VOLUME_NODE
93107.10000000,27.91700000,9.83100000,18.08600000,915336.47010000,1683936.10850000,HIGH_VOLUME_NODE
93108.60000000,22.47800000,9.26300000,13.21500000,862465.65810000,1230430.65340000,HIGH_VOLUME_NODE
93108.70000000,19.11800000,15.30400000,3.81400000,1424937.07520000,355116.96320000,HIGH_VOLUME_NODE
93109.60000000,15.15600000,5.36000000,9.79600000,499067.52720000,912102.55070000,HIGH_VOLUME_NODE
93109.70000000,24.89300000,13.57100000,11.32200000,1263593.09580000,1054189.15560000,HIGH_VOLUME_NODE
93109.80000000,34.25700000,14.82600000,19.43100000,1380447.37740000,1809218.46690000,HIGH_VOLUME_NODE
93109.90000000,32.94800000,20.62900000,12.31900000,1920766.19000000,1147022.09000000,HIGH_VOLUME_NODE
93110.10000000,23.74000000,11.84000000,11.90000000,1102423.68650000,1108010.69400000,HIGH_VOLUME_NODE
93110.40000000,22.22200000,14.33300000,7.88900000,1334552.79650000,734548.73450000,HIGH_VOLUME_NODE
93110.60000000,30.85800000,10.27000000,20.58800000,956246.22050000,1916962.57930000,HIGH_VOLUME_NODE
93110.70000000,13.49700000,5.61600000,7.88100000,522910.25280000,733806.21480000,HIGH_VOLUME_NODE
93111.10000000,15.39300000,9.29400000,6.09900000,865375.04340000,567884.82510000,HIGH_VOLUME_NODE
93111.40000000,21.48600000,12.74600000,8.74000000,1186799.17900000,813794.51000000,HIGH_VOLUME_NODE
93112.10000000,25.64100000,14.30700000,11.33400000,1332155.80800000,1055333.00440000,HIGH_VOLUME_NODE
93112.20000000,24.05900000,5.01000000,19.04900000,466492.62300000,1773696.20270000,HIGH_VOLUME_NODE
93112.60000000,20.05300000,2.60900000,17.44400000,242930.95600000,1624256.57260000,HIGH_VOLUME_NODE
93113.10000000,25.77300000,12.94000000,12.83300000,1204884.19930000,1194920.88010000,HIGH_VOLUME_NODE
93113.30000000,12.43400000,9.84500000,2.58900000,916701.42300000,241070.59260000,HIGH_VOLUME_NODE
93113.60000000,17.96200000,4.15300000,13.80900000,386701.08660000,1285806.27740000,HIGH_VOLUME_NODE
93113.80000000,17.04700000,3.32400000,13.72300000,309510.60360000,1277802.04970000,HIGH_VOLUME_NODE
93113.90000000,19.65300000,10.12200000,9.53100000,942499.90800000,887469.53400000,HIGH_VOLUME_NODE
93114.10000000,32.99300000,19.04100000,13.95200000,1772986.09340000,1299128.32410000,HIGH_VOLUME_NODE
93114.90000000,14.72000000,9.33500000,5.38500000,869228.52500000,501424.27500000,HIGH_VOLUME_NODE
93115.10000000,36.26000000,3.38500000,32.87500000,315194.73000000,3061161.74940000,HIGH_VOLUME_NODE
93115.20000000,25.16500000,20.59200000,4.57300000,1917430.25760000,425816.26690000,HIGH_VOLUME_NODE
93115.30000000,20.71900000,4.41700000,16.30200000,411290.72180000,1517967.25080000,HIGH_VOLUME_NODE
93115.40000000,15.35700000,8.11000000,7.24700000,755166.70500000,674808.02850000,HIGH_VOLUME_NODE
93115.60000000,17.33800000,10.19200000,7.14600000,949034.60960000,665404.43110000,HIGH_VOLUME_NODE
93115.90000000,12.88000000,8.24300000,4.63700000,767555.18800000,431778.89200000,HIGH_VOLUME_NODE
93116.30000000,19.23000000,5.70500000,13.52500000,531229.06200000,1259399.31000000,HIGH_VOLUME_NODE
93116.60000000,20.88600000,16.61100000,4.27500000,1546760.88420000,398073.53490000,HIGH_VOLUME_NODE
93116.80000000,16.94200000,9.12900000,7.81300000,850064.18010000,727522.33970000,HIGH_VOLUME_NODE
93117.60000000,18.00100000,12.28400000,5.71700000,1143857.38220000,532353.53930000,HIGH_VOLUME_NODE
93118.10000000,51.83800000,23.51800000,28.32000000,2189953.59760000,2637105.99820000,HIGH_VOLUME_NODE
93118.40000000,24.45200000,6.73400000,17.71800000,627059.97900000,1649873.58300000,HIGH_VOLUME_NODE
93119.10000000,20.84900000,12.89300000,7.95600000,1200585.64130000,740855.98200000,HIGH_VOLUME_NODE
93119.20000000,20.27800000,16.84900000,3.42900000,1568967.08570000,319306.07970000,HIGH_VOLUME_NODE
93119.60000000,25.25400000,16.46400000,8.79000000,1533121.73610000,818521.76090000,HIGH_VOLUME_NODE
93119.80000000,19.74700000,2.25600000,17.49100000,210078.49440000,1628760.17090000,HIGH_VOLUME_NODE
93119.90000000,29.46300000,15.94500000,13.51800000,1484798.40000000,1258796.16000000,HIGH_VOLUME_NODE
93120.10000000,16.87900000,6.47400000,10.40500000,602859.73630000,968915.08480000,HIGH_VOLUME_NODE
93120.40000000,18.31900000,9.92600000,8.39300000,924314.08300000,781560.35650000,HIGH_VOLUME_NODE
93120.60000000,34.01900000,14.89100000,19.12800000,1386659.16370000,1781211.60770000,HIGH_VOLUME_NODE
93120.70000000,17.82200000,10.74600000,7.07600000,1000676.11680000,658922.78080000,HIGH_VOLUME_NODE
93120.90000000,18.53300000,6.30200000,12.23100000,586848.54200000,1138962.95100000,HIGH_VOLUME_NODE
93121.10000000,33.18800000,18.58600000,14.60200000,1730749.00650000,1359754.79590000,HIGH_VOLUME_NODE
93121.60000000,23.23000000,13.92500000,9.30500000,1296719.61460000,866496.80920000,HIGH_VOLUME_NODE
93121.70000000,21.64600000,16.78200000,4.86400000,1562770.04760000,452944.43520000,HIGH_VOLUME_NODE
93122.40000000,12.18500000,9.46100000,2.72400000,881031.97250000,253665.69000000,HIGH_VOLUME_NODE
93122.60000000,14.36500000,7.35800000,7.00700000,685196.30150000,652510.37400000,HIGH_VOLUME_NODE
93122.80000000,12.63900000,2.48200000,10.15700000,231131.03780000,945849.29530000,HIGH_VOLUME_NODE
93122.90000000,24.23600000,15.14400000,9.09200000,1410254.71200000,846674.31600000,HIGH_VOLUME_NODE
93123.10000000,23.91100000,18.14800000,5.76300000,1689999.61700000,536668.49740000,HIGH_VOLUME_NODE
93123.60000000,17.81300000,5.97000000,11.84300000,555947.97400000,1102863.07260000,HIGH_VOLUME_NODE
93123.90000000,17.99100000,13.72700000,4.26400000,1278313.14800000,397080.73600000,HIGH_VOLUME_NODE
93124.10000000,31.03700000,14.66100000,16.37600000,1365293.20750000,1525000.46150000,HIGH_VOLUME_NODE
93124.20000000,16.00100000,5.37700000,10.62400000,500729.36110000,989352.56320000,HIGH_VOLUME_NODE
93124.60000000,20.97900000,7.95400000,13.02500000,740713.72820000,1212948.36230000,HIGH_VOLUME_NODE
93124.90000000,21.58500000,7.11300000,14.47200000,662398.12500000,1347705.00000000,HIGH_VOLUME_NODE
93125.10000000,33.97200000,19.31200000,14.66000000,1798432.88730000,1365214.43150000,HIGH_VOLUME_NODE
93125.40000000,25.28200000,6.36300000,18.91900000,592557.55650000,1761841.33450000,HIGH_VOLUME_NODE
93125.60000000,31.44600000,18.39900000,13.04700000,1713418.80720000,1215010.48840000,HIGH_VOLUME_NODE
93125.70000000,28.85400000,22.71600000,6.13800000,2115445.67280000,571606.16040000,HIGH_VOLUME_NODE
93125.90000000,12.24500000,2.96100000,9.28400000,275746.08600000,864581.78400000,HIGH_VOLUME_NODE
93126.60000000,14.96900000,7.47100000,7.49800000,695749.04930000,698263.48630000,HIGH_VOLUME_NODE
93127.70000000,16.26800000,8.44300000,7.82500000,786278.01540000,728725.03500000,HIGH_VOLUME_NODE
93127.80000000,15.59300000,7.54700000,8.04600000,702836.26130000,749307.08340000,HIGH_VOLUME_NODE
93127.90000000,33.58400000,27.08400000,6.50000000,2522278.75200000,605332.00000000,HIGH_VOLUME_NODE
93128.10000000,17.83900000,9.94000000,7.89900000,925693.78570000,735619.55290000,HIGH_VOLUME_NODE
93128.20000000,17.10300000,4.65700000,12.44600000,433698.49310000,1159074.82180000,HIGH_VOLUME_NODE
93128.30000000,13.06400000,9.11900000,3.94500000,849237.87960000,367391.53800000,HIGH_VOLUME_NODE
93128.60000000,23.55500000,7.83100000,15.72400000,729290.27700000,1464355.39280000,HIGH_VOLUME_NODE
93128.80000000,12.65300000,6.41200000,6.24100000,597142.50680000,581217.46490000,HIGH_VOLUME_NODE
93128.90000000,24.13600000,12.05000000,12.08600000,1122204.45000000,1125557.09400000,HIGH_VOLUME_NODE
93129.10000000,32.20100000,26.44800000,5.75300000,2463079.18080000,535772.11710000,HIGH_VOLUME_NODE
93129.20000000,24.67900000,18.33900000,6.34000000,1707898.23270000,590439.76200000,HIGH_VOLUME_NODE
93129.30000000,14.75400000,6.90700000,7.84700000,643244.76580000,730786.40180000,HIGH_VOLUME_NODE
93129.60000000,35.19900000,19.28900000,15.91000000,1796378.15170000,1481692.82270000,HIGH_VOLUME_NODE
93129.70000000,12.40900000,6.97400000,5.43500000,649487.22520000,506160.46300000,HIGH_VOLUME_NODE
93129.90000000,14.50300000,4.33000000,10.17300000,403252.90000000,947411.49000000,HIGH_VOLUME_NODE
93130.10000000,26.39900000,18.47400000,7.92500000,1720485.89820000,738056.37920000,HIGH_VOLUME_NODE
93130.60000000,12.18700000,9.58600000,2.60100000,892750.67820000,242232.74040000,HIGH_VOLUME_NODE
93131.10000000,22.12600000,10.36300000,11.76300000,965118.47800000,1095501.40430000,HIGH_VOLUME_NODE
93131.40000000,12.43900000,10.23200000,2.20700000,952921.50800000,205541.22050000,HIGH_VOLUME_NODE
93131.90000000,17.53200000,6.01300000,11.51900000,560002.71600000,1072787.50800000,HIGH_VOLUME_NODE
93132.10000000,32.42800000,18.41700000,14.01100000,1715214.69980000,1304874.47290000,HIGH_VOLUME_NODE
93132.20000000,16.17800000,3.23700000,12.94100000,301469.25510000,1205225.09430000,HIGH_VOLUME_NODE
93132.30000000,16.46500000,9.93100000,6.53400000,924897.86440000,608527.10160000,HIGH_VOLUME_NODE
93132.40000000,16.57900000,9.29100000,7.28800000,865294.05750000,678749.66000000,HIGH_VOLUME_NODE
93132.60000000,15.66500000,7.96700000,7.69800000,741987.73150000,716935.21190000,HIGH_VOLUME_NODE
93132.70000000,20.04100000,11.10400000,8.93700000,1034146.61120000,832327.83360000,HIGH_VOLUME_NODE
93132.90000000,12.99500000,7.58300000,5.41200000,706227.53900000,504035.79600000,HIGH_VOLUME_NODE
93133.10000000,15.35300000,10.55000000,4.80300000,982554.58670000,447318.51810000,HIGH_VOLUME_NODE
93133.60000000,14.53600000,7.23700000,7.29900000,674008.29700000,679782.69500000,HIGH_VOLUME_NODE
93133.80000000,14.44900000,10.83200000,3.61700000,1008826.40480000,336865.31630000,HIGH_VOLUME_NODE
93134.10000000,19.77100000,9.54100000,10.23000000,888592.66750000,952762.69280000,HIGH_VOLUME_NODE
93134.20000000,49.68100000,40.90100000,8.78000000,3809286.00430000,817719.15400000,HIGH_VOLUME_NODE
93134.30000000,16.82900000,1.49000000,15.33900000,138770.25600000,1428588.56160000,HIGH_VOLUME_NODE
93134.60000000,24.56100000,13.86600000,10.69500000,1291405.68350000,996075.14280000,HIGH_VOLUME_NODE
93134.70000000,12.68700000,3.47100000,9.21600000,323270.89080000,858330.31680000,HIGH_VOLUME_NODE
93134.80000000,15.59100000,10.24200000,5.34900000,953887.64580000,498178.58010000,HIGH_VOLUME_NODE
93135.10000000,34.77500000,28.00000000,6.77500000,2607783.58670000,630990.51810000,HIGH_VOLUME_NODE
93135.60000000,25.00300000,8.57800000,16.42500000,798917.66520000,1529752.88270000,HIGH_VOLUME_NODE
93136.10000000,31.61200000,16.09200000,15.52000000,1498747.23540000,1445472.63360000,HIGH_VOLUME_NODE
93136.60000000,23.59700000,14.25500000,9.34200000,1327662.71840000,870082.72810000,HIGH_VOLUME_NODE
93137.10000000,13.87700000,4.95100000,8.92600000,461122.05510000,831342.28900000,HIGH_VOLUME_NODE
93137.20000000,19.07400000,7.21700000,11.85700000,672171.89410000,1104328.96610000,HIGH_VOLUME_NODE
93137.60000000,29.91000000,13.50600000,16.40400000,1257917.49740000,1527829.70320000,HIGH_VOLUME_NODE
93137.70000000,30.81500000,16.91600000,13.89900000,1575519.02480000,1294522.28220000,HIGH_VOLUME_NODE
93138.10000000,35.35200000,9.17300000,26.17900000,854355.94590000,2438263.82190000,HIGH_VOLUME_NODE
93138.20000000,15.78400000,10.42700000,5.35700000,971153.05410000,498941.87310000,HIGH_VOLUME_NODE
93139.10000000,23.96800000,14.25500000,9.71300000,1327699.11520000,904660.81490000,HIGH_VOLUME_NODE
93139.30000000,13.75600000,7.22000000,6.53600000,672466.46800000,608759.11840000,HIGH_VOLUME_NODE
93139.40000000,13.28800000,8.93100000,4.35700000,831828.87450000,405808.80150000,HIGH_VOLUME_NODE
93139.60000000,33.78500000,22.80200000,10.98300000,2123770.80990000,1022952.44730000,HIGH_VOLUME_NODE
93139.80000000,24.70200000,3.51600000,21.18600000,327479.88840000,1973261.92140000,HIGH_VOLUME_NODE
93139.90000000,33.65900000,21.68200000,11.97700000,2019461.48000000,1115537.78000000,HIGH_VOLUME_NODE
93140.10000000,23.30100000,17.40500000,5.89600000,1621104.06010000,549154.46330000,HIGH_VOLUME_NODE
93140.60000000,39.74800000,24.93500000,14.81300000,2322462.18220000,1379692.32000000,HIGH_VOLUME_NODE
93140.70000000,19.95800000,3.00800000,16.95000000,280167.52640000,1578736.56000000,HIGH_VOLUME_NODE
93141.10000000,13.51600000,9.83800000,3.67800000,916322.52260000,342573.21850000,HIGH_VOLUME_NODE
93141.20000000,16.42700000,13.38200000,3.04500000,1246416.87660000,283615.25850000,HIGH_VOLUME_NODE
93141.30000000,17.48200000,1.43400000,16.04800000,133564.76760000,1494733.18720000,HIGH_VOLUME_NODE
93141.60000000,30.70200000,3.22600000,27.47600000,300475.04640000,2559160.17720000,HIGH_VOLUME_NODE
93141.70000000,12.87200000,6.44000000,6.43200000,599833.19200000,599088.05760000,HIGH_VOLUME_NODE
93141.80000000,22.20500000,15.42700000,6.77800000,1436900.09130000,631315.79820000,HIGH_VOLUME_NODE
93141.90000000,33.69500000,8.48500000,25.21000000,790309.87000000,2348109.82000000,HIGH_VOLUME_NODE
93142.10000000,33.74200000,13.42900000,20.31300000,1250805.59210000,1891995.58280000,HIGH_VOLUME_NODE
93143.60000000,14.45400000,10.64500000,3.80900000,991514.59710000,354784.01510000,HIGH_VOLUME_NODE
93144.10000000,16.11600000,10.20400000,5.91200000,950442.78550000,550668.15580000,HIGH_VOLUME_NODE
93144.30000000,13.79800000,4.16900000,9.62900000,388319.00360000,896887.42760000,HIGH_VOLUME_NODE
93144.40000000,13.21400000,9.23300000,3.98100000,860003.16850000,370808.25450000,HIGH_VOLUME_NODE
93144.70000000,16.39100000,3.07000000,13.32100000,285954.53600000,1240781.88080000,HIGH_VOLUME_NODE
93144.80000000,19.70700000,10.19900000,9.50800000,949984.83510000,885621.70920000,HIGH_VOLUME_NODE
93144.90000000,16.46000000,13.37600000,3.08400000,1245907.52000000,287259.18000000,HIGH_VOLUME_NODE
93145.10000000,32.77000000,11.96300000,20.80700000,1114295.76070000,1938070.24560000,HIGH_VOLUME_NODE
93145.60000000,12.94900000,5.08500000,7.86400000,473645.64740000,732497.24130000,HIGH_VOLUME_NODE
93145.80000000,18.50000000,6.85400000,11.64600000,638421.99860000,1084777.15140000,HIGH_VOLUME_NODE
93145.90000000,16.46000000,11.79200000,4.66800000,1098377.63200000,434805.52800000,HIGH_VOLUME_NODE
93146.10000000,13.01400000,7.34400000,5.67000000,684065.20970000,528138.62520000,HIGH_VOLUME_NODE
93146.30000000,16.77100000,10.81000000,5.96100000,1006912.58400000,555245.69040000,HIGH_VOLUME_NODE
93146.60000000,38.60600000,27.39400000,11.21200000,2551660.38840000,1044359.99420000,HIGH_VOLUME_NODE
93146.90000000,20.73100000,5.22700000,15.50400000,486879.36900000,1444151.08800000,HIGH_VOLUME_NODE
93147.10000000,18.81500000,10.73800000,8.07700000,1000213.75090000,752349.44930000,HIGH_VOLUME_NODE
93147.20000000,13.31500000,7.11800000,6.19700000,663022.48140000,577233.81810000,HIGH_VOLUME_NODE
93147.40000000,14.59900000,5.84400000,8.75500000,544353.99000000,815506.36250000,HIGH_VOLUME_NODE
93147.60000000,24.47200000,8.30200000,16.17000000,773311.89220000,1506197.21300000,HIGH_VOLUME_NODE
93147.70000000,22.44800000,7.08100000,15.36700000,659579.57180000,1431402.24260000,HIGH_VOLUME_NODE
93148.60000000,43.78600000,24.78700000,18.99900000,2308875.56900000,1769730.54140000,HIGH_VOLUME_NODE
93149.10000000,18.91700000,9.00200000,9.91500000,838528.90460000,923573.53810000,HIGH_VOLUME_NODE
93149.60000000,13.19600000,4.89800000,8.29800000,456247.03400000,772955.76280000,HIGH_VOLUME_NODE
93149.80000000,81.95100000,49.98800000,31.96300000,4656377.20120000,2977350.25370000,HIGH_VOLUME_NODE
93149.90000000,348.31800000,302.91800000,45.40000000,28216811.70000000,4229010.00000000,HIGH_VOLUME_NODE
93150.10000000,60.75100000,34.97400000,25.77700000,3257832.45000000,2401131.13050000,HIGH_VOLUME_NODE
93150.40000000,18.69800000,15.83000000,2.86800000,1474572.41500000,267155.63400000,HIGH_VOLUME_NODE
93150.60000000,16.85200000,12.06200000,4.79000000,1123583.42280000,446191.51370000,HIGH_VOLUME_NODE
93150.70000000,15.42900000,5.80300000,9.62600000,540554.09240000,896669.60080000,HIGH_VOLUME_NODE
93150.90000000,13.37300000,6.21700000,7.15600000,579119.76700000,666588.55600000,HIGH_VOLUME_NODE
93151.10000000,17.22500000,2.70400000,14.52100000,251880.71600000,1352647.32730000,HIGH_VOLUME_NODE
93151.60000000,16.04200000,5.21200000,10.83000000,485506.26490000,1008832.34760000,HIGH_VOLUME_NODE
93151.90000000,21.64500000,13.90900000,7.73600000,1295651.16800000,720623.87200000,HIGH_VOLUME_NODE
93152.10000000,23.26500000,14.67400000,8.59100000,1366914.21610000,800270.08210000,HIGH_VOLUME_NODE
93152.60000000,13.40300000,4.64300000,8.76000000,432507.88830000,816017.16430000,HIGH_VOLUME_NODE
93152.90000000,15.44200000,3.78500000,11.65700000,352584.10500000,1085884.52100000,HIGH_VOLUME_NODE
93153.10000000,18.39400000,9.86700000,8.52700000,919142.13370000,794316.88850000,HIGH_VOLUME_NODE
93153.60000000,23.10100000,11.47500000,11.62600000,1068938.07510000,1083004.37830000,HIGH_VOLUME_NODE
93154.40000000,22.81900000,3.85900000,18.96000000,359483.21550000,1766209.32000000,HIGH_VOLUME_NODE
93154.60000000,13.00100000,7.38300000,5.61800000,687760.73640000,523342.89600000,HIGH_VOLUME_NODE
93154.80000000,26.09400000,12.36000000,13.73400000,1151394.56400000,1279389.39660000,HIGH_VOLUME_NODE
93154.90000000,25.71700000,9.17400000,16.54300000,854603.97000000,1541063.16500000,HIGH_VOLUME_NODE
93155.10000000,15.51500000,10.02100000,5.49400000,933507.76230000,511794.27440000,HIGH_VOLUME_NODE
93155.60000000,20.91100000,12.43800000,8.47300000,1158670.18220000,789307.74690000,HIGH_VOLUME_NODE
93156.60000000,34.18000000,8.08700000,26.09300000,753358.14230000,2430736.71090000,HIGH_VOLUME_NODE
93156.70000000,13.47600000,10.36700000,3.10900000,965756.54560000,289624.49120000,HIGH_VOLUME_NODE
93157.10000000,13.73400000,5.93600000,7.79800000,552980.64590000,726439.48380000,HIGH_VOLUME_NODE
93157.90000000,17.08900000,10.78300000,6.30600000,1004522.71400000,587454.34800000,HIGH_VOLUME_NODE
93158.10000000,26.24100000,6.29300000,19.94800000,586244.00000000,1858319.25850000,HIGH_VOLUME_NODE
93158.20000000,13.66500000,7.46100000,6.20400000,695054.07630000,577954.09320000,HIGH_VOLUME_NODE
93158.60000000,16.47200000,6.46700000,10.00500000,602456.83550000,932052.27560000,HIGH_VOLUME_NODE
93159.10000000,14.45700000,10.08500000,4.37200000,939509.98450000,407291.79220000,HIGH_VOLUME_NODE
93159.60000000,13.65000000,8.80100000,4.84900000,819898.12040000,451731.27450000,HIGH_VOLUME_NODE
93159.80000000,12.73600000,9.36500000,3.37100000,872442.46350000,314042.02290000,HIGH_VOLUME_NODE
93159.90000000,12.19800000,2.46000000,9.73800000,229173.60000000,907192.08000000,HIGH_VOLUME_NODE
93160.10000000,41.58300000,20.59500000,20.98800000,1918633.46420000,1955245.69630000,HIGH_VOLUME_NODE
93160.20000000,17.53000000,9.59000000,7.94000000,893407.27700000,739692.78200000,HIGH_VOLUME_NODE
93160.60000000,14.89000000,6.50400000,8.38600000,605917.06300000,781245.03550000,HIGH_VOLUME_NODE
93161.10000000,24.68500000,12.07300000,12.61200000,1124734.27320000,1174948.61020000,HIGH_VOLUME_NODE
93161.20000000,17.07800000,5.32900000,11.74900000,496456.56770000,1094552.11370000,HIGH_VOLUME_NODE
93161.40000000,18.19300000,10.80700000,7.38600000,1006796.33050000,688090.83900000,HIGH_VOLUME_NODE
93162.10000000,23.10200000,13.05700000,10.04500000,1216417.83510000,935814.13070000,HIGH_VOLUME_NODE
93162.20000000,19.86800000,16.38500000,3.48300000,1526464.28550000,324484.29090000,HIGH_VOLUME_NODE
93162.60000000,13.71100000,5.72400000,7.98700000,533263.09480000,744090.16280000,HIGH_VOLUME_NODE
93163.10000000,31.74300000,6.67800000,25.06500000,622143.59590000,2335134.28770000,HIGH_VOLUME_NODE
93163.20000000,20.61300000,12.61900000,7.99400000,1175627.68270000,744747.42020000,HIGH_VOLUME_NODE
93163.40000000,14.61100000,1.71000000,12.90100000,159309.58500000,1201902.31350000,HIGH_VOLUME_NODE
93163.60000000,17.02200000,7.31000000,9.71200000,681026.30280000,904805.45410000,HIGH_VOLUME_NODE
93163.80000000,12.75500000,0.62000000,12.13500000,57761.61800000,1130543.92650000,HIGH_VOLUME_NODE
93163.90000000,99.89000000,12.39500000,87.49500000,1154767.78000000,8151384.18000000,HIGH_VOLUME_NODE
93164.10000000,32.21800000,20.39000000,11.82800000,1899616.87800000,1101945.17710000,HIGH_VOLUME_NODE
93164.40000000,12.90500000,12.54400000,0.36100000,1168655.48800000,33632.38450000,HIGH_VOLUME_NODE
93164.60000000,16.58200000,10.45600000,6.12600000,974129.73350000,570726.46090000,HIGH_VOLUME_NODE
93165.10000000,17.06100000,7.63600000,9.42500000,711408.85820000,878081.19210000,HIGH_VOLUME_NODE
93165.40000000,16.20500000,7.09400000,9.11100000,660916.05700000,848830.87050000,HIGH_VOLUME_NODE
93166.10000000,14.45400000,6.93500000,7.51900000,646107.33170000,700516.13100000,HIGH_VOLUME_NODE
93166.40000000,18.15800000,1.25300000,16.90500000,116737.62450000,1574979.68250000,HIGH_VOLUME_NODE
93166.60000000,24.88900000,12.46700000,12.42200000,1161508.08030000,1157315.69790000,HIGH_VOLUME_NODE
93166.70000000,18.89200000,6.11400000,12.77800000,569621.81520000,1190485.37040000,HIGH_VOLUME_NODE
93166.80000000,15.18800000,9.75000000,5.43800000,908377.27500000,506641.60220000,HIGH_VOLUME_NODE
93167.10000000,22.53900000,10.98800000,11.55100000,1023720.52850000,1076173.70720000,HIGH_VOLUME_NODE
93167.60000000,20.24600000,16.36100000,3.88500000,1524315.55620000,361956.29380000,HIGH_VOLUME_NODE
93167.90000000,13.21100000,2.23500000,10.97600000,208230.48000000,1022611.96800000,HIGH_VOLUME_NODE
93168.10000000,27.55900000,16.08600000,11.47300000,1498702.38440000,1068918.01980000,HIGH_VOLUME_NODE
93168.60000000,18.92800000,4.93800000,13.99000000,460066.81010000,1303429.71930000,HIGH_VOLUME_NODE
93168.70000000,14.99200000,3.04500000,11.94700000,283698.99600000,1113087.65360000,HIGH_VOLUME_NODE
93168.80000000,12.54200000,11.11000000,1.43200000,1035106.47900000,133417.86480000,HIGH_VOLUME_NODE
93169.10000000,40.84100000,13.92700000,26.91400000,1297567.14040000,2507554.64210000,HIGH_VOLUME_NODE
93169.80000000,17.06900000,6.71000000,10.35900000,625170.02900000,965146.99410000,HIGH_VOLUME_NODE
93169.90000000,32.75000000,15.28800000,17.46200000,1424382.96000000,1626934.54000000,HIGH_VOLUME_NODE
93170.10000000,19.95500000,17.03300000,2.92200000,1586966.42370000,272243.08030000,HIGH_VOLUME_NODE
93171.60000000,25.11500000,12.77000000,12.34500000,1189801.80070000,1150204.08110000,HIGH_VOLUME_NODE
93171.70000000,15.56600000,5.10000000,10.46600000,475176.18000000,975136.05880000,HIGH_VOLUME_NODE
93171.80000000,32.65400000,24.79600000,7.85800000,2310290.43240000,732144.79020000,HIGH_VOLUME_NODE
93171.90000000,15.74000000,12.01900000,3.72100000,1119834.26800000,346693.01200000,HIGH_VOLUME_NODE
93172.30000000,15.57400000,4.23200000,11.34200000,394305.59680000,1056761.36080000,HIGH_VOLUME_NODE
93172.60000000,18.44300000,8.32500000,10.11800000,775662.54440000,942720.85750000,HIGH_VOLUME_NODE
93173.30000000,15.01300000,5.01500000,9.99800000,467264.60100000,931547.65320000,HIGH_VOLUME_NODE
93173.60000000,40.60700000,20.44800000,20.15900000,1905214.49590000,1878286.72060000,HIGH_VOLUME_NODE
93174.90000000,34.34200000,20.09600000,14.24600000,1872444.80000000,1327371.05000000,HIGH_VOLUME_NODE
93175.10000000,21.88500000,4.83600000,17.04900000,450594.89380000,1588543.23820000,HIGH_VOLUME_NODE
93175.60000000,13.68200000,5.27600000,8.40600000,491594.55060000,783234.86100000,HIGH_VOLUME_NODE
93177.10000000,12.66500000,3.04000000,9.62500000,283258.43040000,896830.32240000,HIGH_VOLUME_NODE
93177.30000000,13.85500000,10.50100000,3.35400000,978455.87740000,312516.99960000,HIGH_VOLUME_NODE
93177.60000000,17.86900000,9.85500000,8.01400000,918265.66360000,746725.50030000,HIGH_VOLUME_NODE
93177.90000000,16.17700000,13.05500000,3.12200000,1216438.79000000,290901.71600000,HIGH_VOLUME_NODE
93178.10000000,16.74700000,7.16200000,9.58500000,667341.87870000,893112.30320000,HIGH_VOLUME_NODE
93178.60000000,19.76300000,13.32900000,6.43400000,1241978.30290000,599511.56710000,HIGH_VOLUME_NODE
93179.10000000,15.42900000,5.89600000,9.53300000,549384.26830000,888277.23470000,HIGH_VOLUME_NODE
93179.20000000,13.05300000,3.85700000,9.19600000,359392.56010000,856876.84280000,HIGH_VOLUME_NODE
93179.60000000,19.12300000,13.44500000,5.67800000,1252800.51410000,529073.84820000,HIGH_VOLUME_NODE
93179.80000000,22.75200000,2.21200000,20.54000000,206113.93880000,1913915.14600000,HIGH_VOLUME_NODE
93179.90000000,23.47300000,15.05100000,8.42200000,1402452.18000000,784761.96000000,HIGH_VOLUME_NODE
93180.10000000,18.51900000,13.27900000,5.24000000,1237338.85060000,488264.09100000,HIGH_VOLUME_NODE
93180.60000000,15.61400000,5.66500000,9.94900000,527868.33290000,927054.44900000,HIGH_VOLUME_NODE
93180.80000000,17.77400000,4.83500000,12.93900000,450529.65150000,1205667.66510000,HIGH_VOLUME_NODE
93180.90000000,14.65500000,8.89600000,5.75900000,828938.17600000,536629.37900000,HIGH_VOLUME_NODE
93181.10000000,14.92800000,9.40700000,5.52100000,876554.97000000,514453.10380000,HIGH_VOLUME_NODE
93182.30000000,23.03000000,15.49200000,7.53800000,1443581.74080000,702408.93120000,HIGH_VOLUME_NODE
93182.40000000,14.28800000,5.85500000,8.43300000,545583.53750000,785808.02250000,HIGH_VOLUME_NODE
93182.60000000,15.28500000,5.56500000,9.72000000,518561.24460000,905735.75710000,HIGH_VOLUME_NODE
93182.80000000,14.14000000,10.89300000,3.24700000,1015041.32970000,302564.87630000,HIGH_VOLUME_NODE
93182.90000000,18.34800000,2.84300000,15.50500000,264919.26900000,1444802.41500000,HIGH_VOLUME_NODE
93183.60000000,13.67400000,7.37200000,6.30200000,686949.57440000,587243.55960000,HIGH_VOLUME_NODE
93184.10000000,21.64500000,8.38300000,13.26200000,781162.96000000,1235807.60400000,HIGH_VOLUME_NODE
93184.20000000,16.13700000,11.48500000,4.65200000,1070221.68550000,433493.36360000,HIGH_VOLUME_NODE
93184.70000000,14.05400000,4.24900000,9.80500000,395942.21520000,913676.96400000,HIGH_VOLUME_NODE
93184.80000000,31.13800000,23.93700000,7.20100000,2230566.95130000,671024.46490000,HIGH_VOLUME_NODE
93185.10000000,16.90200000,14.82800000,2.07400000,1381749.52920000,193266.01710000,HIGH_VOLUME_NODE
93185.20000000,15.82300000,1.47000000,14.35300000,136982.39100000,1337488.61090000,HIGH_VOLUME_NODE
93186.10000000,15.51600000,12.78500000,2.73100000,1191384.35180000,254491.40820000,HIGH_VOLUME_NODE
93186.60000000,21.11400000,16.93800000,4.17600000,1578394.72200000,389147.59060000,HIGH_VOLUME_NODE
93186.70000000,16.46700000,1.46500000,15.00200000,136518.66200000,1397988.37360000,HIGH_VOLUME_NODE
93187.20000000,19.43700000,1.85200000,17.58500000,172582.87960000,1638698.67050000,HIGH_VOLUME_NODE
93187.40000000,18.79300000,9.92100000,8.87200000,924513.18750000,826759.50000000,HIGH_VOLUME_NODE
93188.10000000,19.73200000,10.55300000,9.17900000,983414.21460000,855374.02560000,HIGH_VOLUME_NODE
93188.20000000,15.05800000,2.24700000,12.81100000,209394.11010000,1193835.31130000,HIGH_VOLUME_NODE
93188.40000000,12.88400000,5.02400000,7.86000000,468179.02400000,732461.61000000,HIGH_VOLUME_NODE
93188.60000000,38.89800000,25.46000000,13.43800000,2372584.07300000,1252269.10660000,HIGH_VOLUME_NODE
93188.80000000,26.34900000,17.64500000,8.70400000,1644318.14050000,811116.18560000,HIGH_VOLUME_NODE
93189.60000000,22.33500000,19.72000000,2.61500000,1837699.47030000,243690.85590000,HIGH_VOLUME_NODE
93189.90000000,16.87100000,11.52400000,5.34700000,1073921.56000000,498286.93000000,HIGH_VOLUME_NODE
93190.10000000,13.22900000,7.70800000,5.52100000,718309.73910000,514502.74710000,HIGH_VOLUME_NODE
93190.40000000,12.26200000,4.41300000,7.84900000,411249.67650000,731452.23450000,HIGH_VOLUME_NODE
93190.60000000,13.20500000,9.29900000,3.90600000,866579.53740000,364002.68890000,HIGH_VOLUME_NODE
93191.10000000,24.51400000,14.38600000,10.12800000,1340647.34650000,943840.07720000,HIGH_VOLUME_NODE
93191.20000000,27.56100000,15.71900000,11.84200000,1464874.04470000,1103571.37460000,HIGH_VOLUME_NODE
93191.30000000,13.71600000,8.09000000,5.62600000,753918.42600000,524294.81640000,HIGH_VOLUME_NODE
93191.60000000,16.76800000,8.27800000,8.49000000,771440.67670000,791196.70990000,HIGH_VOLUME_NODE
93192.10000000,31.09300000,22.15800000,8.93500000,2064950.85190000,832671.68750000,HIGH_VOLUME_NODE
93193.60000000,18.72400000,8.44000000,10.28400000,786554.74800000,958403.36400000,HIGH_VOLUME_NODE
93194.70000000,15.45600000,12.82200000,2.63400000,1194943.72560000,245475.10320000,HIGH_VOLUME_NODE
93194.80000000,13.14300000,1.73900000,11.40400000,162065.93110000,1062794.63960000,HIGH_VOLUME_NODE
93195.10000000,18.55200000,10.58700000,7.96500000,986657.34910000,742299.68920000,HIGH_VOLUME_NODE
93195.30000000,12.41900000,10.79200000,1.62700000,1005764.75680000,151628.91580000,HIGH_VOLUME_NODE
93195.60000000,17.33600000,12.49100000,4.84500000,1164107.25000000,451532.83010000,HIGH_VOLUME_NODE
93196.40000000,20.91500000,19.87300000,1.04200000,1852094.04450000,97110.75300000,HIGH_VOLUME_NODE
93199.10000000,20.17400000,15.64600000,4.52800000,1458193.15040000,422005.86120000,HIGH_VOLUME_NODE
93199.20000000,13.01500000,8.17600000,4.83900000,761997.47680000,450991.41270000,HIGH_VOLUME_NODE
93199.60000000,21.82500000,18.92600000,2.89900000,1763895.75640000,270185.79570000,HIGH_VOLUME_NODE
93199.70000000,15.16800000,5.39500000,9.77300000,502812.92100000,910841.64540000,HIGH_VOLUME_NODE
93199.90000000,539.45700000,317.38700000,222.07000000,29580468.40000000,20696924.00000000,HIGH_VOLUME_NODE
93200.10000000,41.40400000,29.45600000,11.94800000,2745302.42280000,1113555.08240000,HIGH_VOLUME_NODE
93201.60000000,17.63400000,12.31400000,5.32000000,1147685.29220000,495832.87510000,HIGH_VOLUME_NODE
93202.20000000,14.14900000,1.42300000,12.72600000,132626.87290000,1186092.46980000,HIGH_VOLUME_NODE
93203.10000000,15.30700000,12.56500000,2.74200000,1171097.21490000,255563.12980000,HIGH_VOLUME_NODE
93203.60000000,15.82600000,3.42700000,12.39900000,319409.04690000,1155631.64320000,HIGH_VOLUME_NODE
93205.40000000,17.61700000,14.70900000,2.90800000,1370959.69950000,271041.59400000,HIGH_VOLUME_NODE
93205.60000000,33.25100000,27.84200000,5.40900000,2595032.11770000,504149.52640000,HIGH_VOLUME_NODE
93205.80000000,14.70200000,5.33800000,9.36400000,497533.09420000,872780.04760000,HIGH_VOLUME_NODE
93205.90000000,19.78500000,4.87300000,14.91200000,454192.83800000,1389887.87200000,HIGH_VOLUME_NODE
93206.10000000,27.57600000,17.84900000,9.72700000,1663635.96800000,906616.30020000,HIGH_VOLUME_NODE
93207.80000000,12.39900000,11.94300000,0.45600000,1113181.94970000,42502.80240000,HIGH_VOLUME_NODE
93208.10000000,28.41000000,4.11900000,24.29100000,383924.39960000,2264118.83970000,HIGH_VOLUME_NODE
93209.20000000,13.19200000,0.60100000,12.59100000,56018.78930000,1173598.29630000,HIGH_VOLUME_NODE
93209.80000000,15.14200000,6.30000000,8.84200000,587222.37000000,824161.93580000,HIGH_VOLUME_NODE
93209.90000000,16.43100000,10.19600000,6.23500000,950369.16000000,581164.35000000,HIGH_VOLUME_NODE
93210.10000000,38.90800000,26.44400000,12.46400000,2464849.44360000,1161771.11990000,HIGH_VOLUME_NODE
93210.30000000,19.63300000,0.67000000,18.96300000,62450.96800000,1767548.81520000,HIGH_VOLUME_NODE
93210.40000000,15.83800000,15.10000000,0.73800000,1407478.55000000,68789.34900000,HIGH_VOLUME_NODE
93210.90000000,13.09000000,8.65700000,4.43300000,806927.62700000,413204.36300000,HIGH_VOLUME_NODE
93212.10000000,17.91200000,12.34000000,5.57200000,1150237.96420000,519378.14180000,HIGH_VOLUME_NODE
93213.10000000,18.92000000,16.42100000,2.49900000,1530652.72550000,232939.60430000,HIGH_VOLUME_NODE
93213.60000000,34.97600000,27.42400000,7.55200000,2556292.27400000,703949.35670000,HIGH_VOLUME_NODE
93213.70000000,25.73400000,20.36800000,5.36600000,1898578.67840000,500185.25080000,HIGH_VOLUME_NODE
93215.60000000,25.38700000,16.06400000,9.32300000,1497416.90530000,869049.53450000,HIGH_VOLUME_NODE
93216.60000000,16.13600000,5.52300000,10.61300000,514835.49830000,989308.52170000,HIGH_VOLUME_NODE
93216.80000000,14.18900000,1.35800000,12.83100000,126588.55020000,1196066.04390000,HIGH_VOLUME_NODE
93218.10000000,17.72500000,15.99300000,1.73200000,1490837.31860000,161453.86170000,HIGH_VOLUME_NODE
93218.20000000,26.21000000,23.86100000,2.34900000,2224281.85630000,218969.78670000,HIGH_VOLUME_NODE
93219.60000000,24.71700000,15.00200000,9.71500000,1398481.77540000,905628.99840000,HIGH_VOLUME_NODE
93219.70000000,14.00900000,4.11600000,9.89300000,383692.69680000,922223.48140000,HIGH_VOLUME_NODE
93219.90000000,15.06600000,5.52200000,9.54400000,514760.84000000,889691.68000000,HIGH_VOLUME_NODE
93220.10000000,14.71100000,4.79500000,9.91600000,446990.76740000,924371.13110000,HIGH_VOLUME_NODE
93220.40000000,14.72700000,0.69900000,14.02800000,65161.12950000,1307697.17400000,HIGH_VOLUME_NODE
93220.60000000,18.18200000,10.67500000,7.50700000,995130.12150000,699807.07520000,HIGH_VOLUME_NODE
93221.10000000,14.79600000,5.12000000,9.67600000,477292.42770000,902007.98370000,HIGH_VOLUME_NODE
93221.90000000,18.68400000,7.06600000,11.61800000,658706.65200000,1083053.19600000,HIGH_VOLUME_NODE
93222.20000000,13.23900000,0.93200000,12.30700000,86883.18360000,1147286.84610000,HIGH_VOLUME_NODE
93222.60000000,20.35500000,8.63900000,11.71600000,805350.63380000,1092196.23530000,HIGH_VOLUME_NODE
93224.10000000,20.47300000,8.17600000,12.29700000,762200.47240000,1146377.78300000,HIGH_VOLUME_NODE
93224.40000000,13.17700000,7.69300000,5.48400000,717176.07850000,511243.15800000,HIGH_VOLUME_NODE
93224.60000000,50.29000000,23.21500000,27.07500000,2164209.76520000,2524056.51610000,HIGH_VOLUME_NODE
93225.40000000,21.66300000,5.41500000,16.24800000,504816.08250000,1514727.92400000,HIGH_VOLUME_NODE
93225.90000000,12.23900000,3.38400000,8.85500000,315476.78400000,825516.23000000,HIGH_VOLUME_NODE
93227.20000000,16.48500000,0.68300000,15.80200000,63674.24590000,1473177.79460000,HIGH_VOLUME_NODE
93227.30000000,17.97900000,11.97200000,6.00700000,1116118.43280000,560016.99180000,HIGH_VOLUME_NODE
93227.60000000,12.78800000,7.32100000,5.46700000,682519.38180000,509675.59600000,HIGH_VOLUME_NODE
93227.80000000,16.24300000,7.12600000,9.11700000,664342.01540000,849958.76430000,HIGH_VOLUME_NODE
93228.10000000,37.54500000,22.53000000,15.01500000,2100431.08150000,1399820.59470000,HIGH_VOLUME_NODE
93228.30000000,21.82700000,1.62500000,20.20200000,151496.15000000,1883400.13680000,HIGH_VOLUME_NODE
93229.10000000,16.70500000,6.12200000,10.58300000,570749.13440000,986644.22150000,HIGH_VOLUME_NODE
93229.60000000,12.21500000,7.29100000,4.92400000,679737.14410000,459062.82160000,HIGH_VOLUME_NODE
93231.10000000,15.49700000,10.82000000,4.67700000,1008761.30950000,436042.24850000,HIGH_VOLUME_NODE
93231.60000000,14.16900000,11.62900000,2.54000000,1084190.34270000,236808.31650000,HIGH_VOLUME_NODE
93232.70000000,12.46100000,6.53600000,5.92500000,609369.58080000,552404.34000000,HIGH_VOLUME_NODE
93233.80000000,13.73200000,3.95900000,9.77300000,369113.01010000,911174.90470000,HIGH_VOLUME_NODE
93234.80000000,21.98300000,3.45200000,18.53100000,321846.87480000,1727735.93190000,HIGH_VOLUME_NODE
93234.90000000,12.30500000,6.96400000,5.34100000,649288.54000000,497968.13500000,HIGH_VOLUME_NODE
93235.10000000,14.08600000,11.53800000,2.54800000,1075746.93430000,237563.16630000,HIGH_VOLUME_NODE
93236.10000000,19.66500000,10.58800000,9.07700000,987184.49470000,846304.77030000,HIGH_VOLUME_NODE
93238.10000000,18.11300000,10.85800000,7.25500000,1012379.69020000,676442.91120000,HIGH_VOLUME_NODE
93238.80000000,13.17600000,9.27800000,3.89800000,865070.51420000,363445.23220000,HIGH_VOLUME_NODE
93239.60000000,18.19300000,12.25900000,5.93400000,1143025.07770000,553284.18560000,HIGH_VOLUME_NODE
93239.80000000,16.93500000,7.31100000,9.62400000,681676.90890000,897340.79760000,HIGH_VOLUME_NODE
93239.90000000,30.39100000,23.85400000,6.53700000,2224146.96000000,609509.88000000,HIGH_VOLUME_NODE
93240.60000000,16.67300000,8.62100000,8.05200000,803827.48070000,750773.74690000,HIGH_VOLUME_NODE
93240.90000000,13.16800000,2.08300000,11.08500000,194221.00300000,1033576.48500000,HIGH_VOLUME_NODE
93241.90000000,15.16800000,6.92800000,8.24000000,645980.57600000,768314.08000000,HIGH_VOLUME_NODE
93242.10000000,16.03400000,5.52100000,10.51300000,514789.75810000,980254.71470000,HIGH_VOLUME_NODE
93243.10000000,19.31700000,7.34500000,11.97200000,684871.01340000,1116307.11190000,HIGH_VOLUME_NODE
93243.60000000,20.57400000,10.67400000,9.90000000,995283.06150000,923111.79760000,HIGH_VOLUME_NODE
93244.60000000,27.47200000,21.31300000,6.15900000,1987322.80050000,574293.52170000,HIGH_VOLUME_NODE
93246.10000000,12.66200000,5.99900000,6.66300000,559383.55390000,621299.05570000,HIGH_VOLUME_NODE
93246.60000000,23.51900000,9.84800000,13.67100000,918293.25660000,1274774.41980000,HIGH_VOLUME_NODE
93247.10000000,30.26600000,10.60900000,19.65700000,989259.31670000,1832959.74160000,HIGH_VOLUME_NODE
93248.10000000,14.04200000,4.36100000,9.68100000,406655.15970000,902735.20320000,HIGH_VOLUME_NODE
93248.30000000,13.19200000,10.63000000,2.56200000,991230.49200000,238902.40080000,HIGH_VOLUME_NODE
93248.60000000,25.60700000,14.51100000,11.09600000,1353130.80970000,1034686.88090000,HIGH_VOLUME_NODE
93249.80000000,25.64700000,0.83300000,24.81400000,77677.16670000,2313903.01860000,HIGH_VOLUME_NODE
93249.90000000,80.83600000,40.06100000,40.77500000,3735688.25000000,3802268.75000000,HIGH_VOLUME_NODE
93250.10000000,40.29700000,32.00600000,8.29100000,2984562.82030000,773137.08240000,HIGH_VOLUME_NODE
93250.40000000,16.39800000,4.07300000,12.32500000,379809.28650000,1149312.41250000,HIGH_VOLUME_NODE
93250.60000000,15.96400000,7.78200000,8.18200000,725676.26160000,762976.75950000,HIGH_VOLUME_NODE
93251.10000000,13.53800000,6.89500000,6.64300000,642966.67620000,619467.37440000,HIGH_VOLUME_NODE
93251.40000000,16.55300000,13.51400000,3.03900000,1260200.77100000,283391.30850000,HIGH_VOLUME_NODE
93251.60000000,25.25800000,8.38600000,16.87200000,782008.56370000,1573342.01310000,HIGH_VOLUME_NODE
93252.10000000,20.93800000,5.74900000,15.18900000,536106.65830000,1416407.12120000,HIGH_VOLUME_NODE
93252.20000000,19.49500000,9.87700000,9.61800000,921052.96710000,896900.62140000,HIGH_VOLUME_NODE
93252.30000000,15.67000000,12.07900000,3.59100000,1126395.73960000,334869.36840000,HIGH_VOLUME_NODE
93252.40000000,21.98600000,13.39800000,8.58800000,1249396.99500000,800852.47000000,HIGH_VOLUME_NODE
93252.60000000,19.82200000,9.27000000,10.55200000,864452.35950000,984002.08130000,HIGH_VOLUME_NODE
93252.80000000,14.64500000,7.60300000,7.04200000,709001.79870000,656686.92180000,HIGH_VOLUME_NODE
93253.10000000,15.81700000,4.70500000,11.11200000,438756.13860000,1036228.66040000,HIGH_VOLUME_NODE
93253.60000000,14.72100000,8.09600000,6.62500000,754981.56960000,617805.16050000,HIGH_VOLUME_NODE
93254.10000000,17.25100000,4.14500000,13.10600000,386538.42600000,1222188.33790000,HIGH_VOLUME_NODE
93255.10000000,31.21500000,8.10600000,23.10900000,755926.19070000,2155032.96400000,HIGH_VOLUME_NODE
93255.30000000,13.65300000,4.79700000,8.85600000,447346.15380000,825869.82240000,HIGH_VOLUME_NODE
93255.60000000,20.38000000,6.00800000,14.37200000,560280.06590000,1340269.95260000,HIGH_VOLUME_NODE
93256.10000000,23.07800000,12.34300000,10.73500000,1151060.64550000,1001104.75600000,HIGH_VOLUME_NODE
93256.30000000,23.25500000,2.23500000,21.02000000,208428.05400000,1960249.52800000,HIGH_VOLUME_NODE
93257.10000000,17.67300000,6.30600000,11.36700000,588079.46860000,1060053.65980000,HIGH_VOLUME_NODE
93257.30000000,13.15100000,10.24600000,2.90500000,955515.32040000,270912.74700000,HIGH_VOLUME_NODE
93258.60000000,20.60600000,14.32600000,6.28000000,1336023.30780000,585664.26920000,HIGH_VOLUME_NODE
93258.70000000,16.23300000,11.23400000,4.99900000,1047669.35920000,466200.74120000,HIGH_VOLUME_NODE
93259.60000000,12.21600000,8.86300000,3.35300000,826560.04070000,312699.46280000,HIGH_VOLUME_NODE
93259.90000000,12.57400000,5.06200000,7.51200000,472082.12000000,700569.12000000,HIGH_VOLUME_NODE
93260.10000000,13.02900000,9.35500000,3.67400000,872448.26740000,342637.79320000,HIGH_VOLUME_NODE
93260.60000000,13.81600000,8.50400000,5.31200000,793088.44900000,495400.44640000,HIGH_VOLUME_NODE
93261.10000000,12.85300000,4.28400000,8.56900000,399530.81220000,799154.55270000,HIGH_VOLUME_NODE
93261.90000000,20.44100000,6.53100000,13.91000000,609094.12200000,1297274.42000000,HIGH_VOLUME_NODE
93262.10000000,17.14400000,11.73500000,5.40900000,1094430.81410000,504454.86340000,HIGH_VOLUME_NODE
93262.20000000,17.12800000,9.62100000,7.50700000,897276.58830000,700120.08610000,HIGH_VOLUME_NODE
93262.40000000,13.12700000,6.60800000,6.51900000,616278.60000000,607978.23750000,HIGH_VOLUME_NODE
93262.60000000,17.71200000,12.77700000,4.93500000,1191616.38620000,460251.33790000,HIGH_VOLUME_NODE
93262.70000000,12.43100000,8.48600000,3.94500000,791428.12080000,367921.74600000,HIGH_VOLUME_NODE
93263.10000000,13.60300000,5.83400000,7.76900000,544097.42620000,724561.29000000,HIGH_VOLUME_NODE
93263.90000000,15.13600000,10.81800000,4.31800000,1008929.95200000,402713.95200000,HIGH_VOLUME_NODE
93264.90000000,15.28600000,5.31500000,9.97100000,495703.47500000,929945.31500000,HIGH_VOLUME_NODE
93265.10000000,29.24100000,17.02400000,12.21700000,1587745.76100000,1139420.03630000,HIGH_VOLUME_NODE
93265.60000000,19.89800000,4.04000000,15.85800000,376793.18060000,1479006.19810000,HIGH_VOLUME_NODE
93266.40000000,18.48700000,9.23000000,9.25700000,860849.79500000,863367.99050000,HIGH_VOLUME_NODE
93267.10000000,21.84700000,14.22100000,7.62600000,1326351.60200000,711255.18010000,HIGH_VOLUME_NODE
93267.60000000,17.00400000,4.47100000,12.53300000,416999.73020000,1168923.28760000,HIGH_VOLUME_NODE
93268.40000000,12.73400000,4.86300000,7.87100000,453564.71550000,734116.36350000,HIGH_VOLUME_NODE
93268.90000000,14.46200000,5.90200000,8.56000000,550473.63800000,798382.64000000,HIGH_VOLUME_NODE
93269.10000000,27.90700000,10.56000000,17.34700000,984921.95410000,1617940.09740000,HIGH_VOLUME_NODE
93269.40000000,17.76300000,9.95900000,7.80400000,928870.95050000,727875.17800000,HIGH_VOLUME_NODE
93270.10000000,26.92200000,24.20800000,2.71400000,2257882.84320000,253135.24490000,HIGH_VOLUME_NODE
93272.10000000,44.88100000,18.03800000,26.84300000,1682443.60710000,2503705.55470000,HIGH_VOLUME_NODE
93273.60000000,14.65800000,6.82100000,7.83700000,636219.36070000,730985.41220000,HIGH_VOLUME_NODE
93274.10000000,13.34800000,7.68100000,5.66700000,716438.66040000,528584.46110000,HIGH_VOLUME_NODE
93274.20000000,13.72900000,4.84300000,8.88600000,451727.43490000,828835.42980000,HIGH_VOLUME_NODE
93274.60000000,13.24700000,6.62400000,6.62300000,617851.56500000,617757.81850000,HIGH_VOLUME_NODE
93274.70000000,12.22300000,0.80100000,11.42200000,74713.11480000,1065384.76560000,HIGH_VOLUME_NODE
93274.90000000,20.55600000,10.10400000,10.45200000,942450.60000000,974910.30000000,HIGH_VOLUME_NODE
93275.10000000,22.94900000,12.74600000,10.20300000,1188885.38700000,951686.04940000,HIGH_VOLUME_NODE
93275.80000000,13.70300000,0.92000000,12.78300000,85813.82800000,1192345.82970000,HIGH_VOLUME_NODE
93275.90000000,16.32700000,11.43900000,4.88800000,1066984.16400000,455933.08800000,HIGH_VOLUME_NODE
93276.10000000,34.57500000,16.14800000,18.42700000,1506223.42270000,1718799.01650000,HIGH_VOLUME_NODE
93276.20000000,12.96000000,6.69000000,6.27000000,624018.44700000,584842.40100000,HIGH_VOLUME_NODE
93276.40000000,15.46600000,12.90600000,2.56000000,1203826.50900000,238787.84000000,HIGH_VOLUME_NODE
93277.60000000,22.97500000,7.13200000,15.84300000,665256.39390000,1477797.31830000,HIGH_VOLUME_NODE
93278.60000000,30.72400000,15.13100000,15.59300000,1411398.88350000,1454494.20800000,HIGH_VOLUME_NODE
93278.70000000,17.81600000,16.93100000,0.88500000,1579303.36280000,82551.73800000,HIGH_VOLUME_NODE
93279.80000000,12.59700000,1.60900000,10.98800000,150087.35910000,1024959.54120000,HIGH_VOLUME_NODE
93279.90000000,21.32400000,13.24700000,8.07700000,1235680.16000000,753422.56000000,HIGH_VOLUME_NODE
93280.10000000,26.41000000,11.00400000,15.40600000,1026454.70300000,1437074.20500000,HIGH_VOLUME_NODE
93280.20000000,14.69500000,5.09700000,9.59800000,475449.68910000,895304.31940000,HIGH_VOLUME_NODE
93281.10000000,21.32700000,12.17000000,9.15700000,1135231.56390000,854175.43700000,HIGH_VOLUME_NODE
93281.30000000,15.48200000,1.94800000,13.53400000,181712.16720000,1262470.46760000,HIGH_VOLUME_NODE
93282.10000000,15.85100000,2.36900000,13.48200000,220985.47060000,1257629.85330000,HIGH_VOLUME_NODE
93282.60000000,13.24900000,4.03700000,9.21200000,376581.96130000,859319.98940000,HIGH_VOLUME_NODE
93282.90000000,20.03500000,12.62400000,7.41100000,1177604.59200000,691320.31300000,HIGH_VOLUME_NODE
93283.60000000,24.03200000,7.45600000,16.57600000,695523.04200000,1546268.99890000,HIGH_VOLUME_NODE
93284.10000000,12.77700000,9.38900000,3.38800000,875844.49110000,316046.60840000,HIGH_VOLUME_NODE
93285.10000000,20.76100000,19.21400000,1.54700000,1792380.68400000,144312.16170000,HIGH_VOLUME_NODE
93286.60000000,22.83500000,4.35600000,18.47900000,406356.75240000,1723844.74210000,HIGH_VOLUME_NODE
93286.70000000,15.01100000,12.63200000,2.37900000,1178398.85760000,221929.29720000,HIGH_VOLUME_NODE
93287.10000000,15.68700000,11.75100000,3.93600000,1096217.09290000,367178.19330000,HIGH_VOLUME_NODE
93287.60000000,19.96200000,13.29900000,6.66300000,1240632.56120000,621575.76950000,HIGH_VOLUME_NODE
93287.80000000,12.44200000,3.36500000,9.07700000,313913.78350000,846774.26830000,HIGH_VOLUME_NODE
93287.90000000,18.53300000,13.88600000,4.64700000,1295397.16800000,433509.33600000,HIGH_VOLUME_NODE
93288.60000000,27.22100000,16.77300000,10.44800000,1564730.74290000,974679.75010000,HIGH_VOLUME_NODE
93289.60000000,17.03600000,5.90300000,11.13300000,550688.85900000,1038593.54030000,HIGH_VOLUME_NODE
93289.90000000,20.94500000,18.25300000,2.69200000,1702822.37000000,251136.68000000,HIGH_VOLUME_NODE
93290.20000000,33.17200000,18.92400000,14.24800000,1765425.63720000,1329200.19440000,HIGH_VOLUME_NODE
93290.30000000,23.79400000,13.15800000,10.63600000,1227515.08320000,992236.69440000,HIGH_VOLUME_NODE
93290.80000000,15.64700000,0.69700000,14.95000000,65023.75730000,1394698.95500000,HIGH_VOLUME_NODE
93290.90000000,20.36300000,12.48800000,7.87500000,1165018.00800000,734666.62500000,HIGH_VOLUME_NODE
93291.10000000,25.68100000,19.27200000,6.40900000,1797906.28510000,597903.07570000,HIGH_VOLUME_NODE
93292.40000000,31.64800000,27.18500000,4.46300000,2536156.61250000,416364.42750000,HIGH_VOLUME_NODE
93292.60000000,16.00300000,8.24900000,7.75400000,769570.76910000,723391.45780000,HIGH_VOLUME_NODE
93293.60000000,18.45500000,11.47900000,6.97600000,1070918.04590000,650816.75330000,HIGH_VOLUME_NODE
93293.70000000,13.75500000,3.76400000,9.99100000,351157.86320000,932098.35580000,HIGH_VOLUME_NODE
93293.80000000,18.89100000,0.85900000,18.03200000,80139.46010000,1682275.60480000,HIGH_VOLUME_NODE
93294.60000000,20.22300000,13.32600000,6.89700000,1243244.91960000,643452.90290000,HIGH_VOLUME_NODE
93294.80000000,21.53400000,13.44800000,8.08600000,1254629.81520000,754382.56140000,HIGH_VOLUME_NODE
93295.90000000,14.69000000,6.64300000,8.04700000,619765.32800000,750752.91200000,HIGH_VOLUME_NODE
93296.90000000,12.68000000,10.70800000,1.97200000,999024.27600000,183981.68400000,HIGH_VOLUME_NODE
93297.60000000,15.90500000,3.70700000,12.19800000,345854.51200000,1138044.63970000,HIGH_VOLUME_NODE
93298.60000000,14.75000000,8.32200000,6.42800000,776431.56620000,599723.86440000,HIGH_VOLUME_NODE
93298.70000000,13.30300000,9.84500000,3.45800000,918526.68600000,322627.25040000,HIGH_VOLUME_NODE
93299.10000000,12.98300000,5.30100000,7.68200000,494578.64810000,716724.31090000,HIGH_VOLUME_NODE
93299.60000000,15.47300000,4.55500000,10.91800000,424979.99340000,1018645.27870000,HIGH_VOLUME_NODE
93299.80000000,63.17500000,21.49300000,41.68200000,2005294.75070000,3888926.43180000,HIGH_VOLUME_NODE
93299.90000000,393.68200000,247.78400000,145.89800000,23118247.20000000,13612283.40000000,HIGH_VOLUME_NODE
93300.10000000,41.77600000,27.60200000,14.17400000,2575270.02420000,1322436.00650000,HIGH_VOLUME_NODE
93300.20000000,12.67400000,1.97600000,10.69800000,184361.39280000,998126.60940000,HIGH_VOLUME_NODE
93300.70000000,12.50800000,10.45100000,2.05700000,975086.66080000,191919.74560000,HIGH_VOLUME_NODE
93301.60000000,30.14300000,19.55700000,10.58600000,1824700.29240000,987690.97810000,HIGH_VOLUME_NODE
93302.10000000,13.69600000,6.58300000,7.11300000,614208.14700000,663658.14210000,HIGH_VOLUME_NODE
93302.60000000,21.69600000,4.62700000,17.06900000,431711.32030000,1592583.35860000,HIGH_VOLUME_NODE
93302.90000000,31.98500000,6.95400000,25.03100000,648829.06200000,2335467.39300000,HIGH_VOLUME_NODE
93303.10000000,21.29300000,11.12700000,10.16600000,1038183.80780000,948519.90520000,HIGH_VOLUME_NODE
93303.60000000,22.46100000,13.28700000,9.17400000,1239725.45790000,855967.33110000,HIGH_VOLUME_NODE
93303.70000000,13.62500000,3.69900000,9.92600000,345130.75620000,926133.51880000,HIGH_VOLUME_NODE
93304.10000000,21.47500000,7.93600000,13.53900000,740461.92290000,1263244.49540000,HIGH_VOLUME_NODE
93304.20000000,20.55000000,2.53300000,18.01700000,236339.79190000,1681063.57310000,HIGH_VOLUME_NODE
93304.60000000,12.53200000,5.79900000,6.73300000,541073.66130000,628220.00530000,HIGH_VOLUME_NODE
93305.60000000,14.16100000,1.67200000,12.48900000,156006.99150000,1165294.78380000,HIGH_VOLUME_NODE
93306.20000000,13.86800000,11.93000000,1.93800000,1113144.15900000,180827.60940000,HIGH_VOLUME_NODE
93306.60000000,16.88200000,8.93400000,7.94800000,833601.92100000,741601.03150000,HIGH_VOLUME_NODE
93307.20000000,16.73000000,15.50600000,1.22400000,1446822.99380000,114208.13520000,HIGH_VOLUME_NODE
93307.60000000,12.72700000,9.65200000,3.07500000,900605.11080000,286920.88540000,HIGH_VOLUME_NODE
93308.10000000,16.77800000,10.79400000,5.98400000,1007168.52830000,558355.82030000,HIGH_VOLUME_NODE
93308.60000000,17.06200000,8.20900000,8.85300000,765970.97390000,826061.80360000,HIGH_VOLUME_NODE
93309.10000000,27.64200000,12.14500000,15.49700000,1133239.16880000,1446012.48940000,HIGH_VOLUME_NODE
93309.20000000,18.95800000,12.37000000,6.58800000,1154236.04100000,614721.66840000,HIGH_VOLUME_NODE
93309.30000000,23.52500000,21.43600000,2.08900000,2000180.29840000,194923.33660000,HIGH_VOLUME_NODE
93309.40000000,13.23500000,10.29400000,2.94100000,960527.99300000,274423.23950000,HIGH_VOLUME_NODE
93309.90000000,17.81100000,13.79500000,4.01600000,1287211.45000000,374732.96000000,HIGH_VOLUME_NODE
93310.10000000,27.16700000,10.06900000,17.09800000,939539.66180000,1595416.12320000,HIGH_VOLUME_NODE
93310.90000000,209.08700000,205.62500000,3.46200000,19187074.37500000,323042.68200000,HIGH_VOLUME_NODE
93311.60000000,12.57200000,6.25000000,6.32200000,583197.68220000,589916.40880000,HIGH_VOLUME_NODE
93311.90000000,13.24600000,6.65700000,6.58900000,621177.98400000,614832.76800000,HIGH_VOLUME_NODE
93313.60000000,18.91700000,9.11900000,9.79800000,850927.32470000,914286.72510000,HIGH_VOLUME_NODE
93314.10000000,17.98500000,14.67400000,3.31100000,1369291.33710000,308963.13370000,HIGH_VOLUME_NODE
93314.60000000,15.67600000,12.39500000,3.28100000,1156635.34260000,306165.29030000,HIGH_VOLUME_NODE
93314.70000000,13.82800000,3.97000000,9.85800000,370459.75600000,919897.29840000,HIGH_VOLUME_NODE
93315.10000000,14.81000000,11.92600000,2.88400000,1112876.22180000,269120.92010000,HIGH_VOLUME_NODE
93315.60000000,29.11700000,18.66300000,10.45400000,1741549.52280000,975521.37630000,HIGH_VOLUME_NODE
93315.80000000,12.40700000,2.92800000,9.47900000,273228.95520000,884541.41610000,HIGH_VOLUME_NODE
93315.90000000,29.64300000,24.41400000,5.22900000,2278216.82400000,487949.36400000,HIGH_VOLUME_NODE
93316.30000000,20.88300000,17.14300000,3.74000000,1599723.04520000,349003.33600000,HIGH_VOLUME_NODE
93317.30000000,18.42600000,15.24500000,3.18100000,1422623.76300000,296842.64940000,HIGH_VOLUME_NODE
93317.90000000,23.43500000,8.19700000,15.23800000,764927.64600000,1421979.68400000,HIGH_VOLUME_NODE
93318.10000000,18.15000000,8.99900000,9.15100000,839769.60730000,853954.62140000,HIGH_VOLUME_NODE
93318.40000000,20.63700000,6.99200000,13.64500000,652482.95200000,1273330.93250000,HIGH_VOLUME_NODE
93318.60000000,33.36200000,10.32400000,23.03800000,963421.73970000,2149874.17050000,HIGH_VOLUME_NODE
93319.10000000,20.43000000,9.09100000,11.33900000,848364.13370000,1058145.79680000,HIGH_VOLUME_NODE
93319.60000000,16.42100000,9.39600000,7.02500000,876831.14110000,655570.62880000,HIGH_VOLUME_NODE
93319.70000000,13.78800000,1.71600000,12.07200000,160136.77680000,1126556.62560000,HIGH_VOLUME_NODE
93319.80000000,52.72100000,34.62200000,18.09900000,3230921.57780000,1688996.87010000,HIGH_VOLUME_NODE
93319.90000000,34.20100000,17.65000000,16.55100000,1647098.00000000,1544539.32000000,HIGH_VOLUME_NODE
93320.10000000,18.20000000,8.18000000,10.02000000,763358.69000000,935068.06750000,HIGH_VOLUME_NODE
93322.10000000,19.97500000,16.43400000,3.54100000,1533656.30300000,330453.82890000,HIGH_VOLUME_NODE
93323.10000000,17.58500000,9.75800000,7.82700000,910647.40760000,730440.48950000,HIGH_VOLUME_NODE
93324.10000000,13.16600000,7.38900000,5.77700000,689571.86670000,539133.52660000,HIGH_VOLUME_NODE
93325.60000000,15.12600000,10.08900000,5.03700000,941562.07600000,470081.19510000,HIGH_VOLUME_NODE
93326.70000000,24.09800000,7.09900000,16.99900000,662526.95320000,1586462.27320000,HIGH_VOLUME_NODE
93328.40000000,19.84000000,14.97000000,4.87000000,1397127.64500000,454509.79500000,HIGH_VOLUME_NODE
93329.10000000,14.82800000,12.06500000,2.76300000,1126015.78650000,257868.41270000,HIGH_VOLUME_NODE
93329.80000000,17.80200000,0.94300000,16.85900000,88010.09570000,1573448.78410000,HIGH_VOLUME_NODE
93329.90000000,57.19700000,50.59600000,6.60100000,4722124.68000000,616071.33000000,HIGH_VOLUME_NODE
93330.10000000,27.60700000,22.39900000,5.20800000,2090501.58710000,486063.34700000,HIGH_VOLUME_NODE
93330.30000000,15.01600000,1.42600000,13.59000000,133089.15040000,1268360.13600000,HIGH_VOLUME_NODE
93330.40000000,14.74300000,7.70300000,7.04000000,718924.84150000,657046.72000000,HIGH_VOLUME_NODE
93330.60000000,27.14200000,23.45700000,3.68500000,2189258.10070000,343923.56020000,HIGH_VOLUME_NODE
93331.60000000,15.10500000,5.81600000,9.28900000,542816.95270000,866958.09570000,HIGH_VOLUME_NODE
93332.60000000,17.15900000,9.80100000,7.35800000,914753.69710000,686741.40640000,HIGH_VOLUME_NODE
93332.90000000,45.90700000,23.78200000,22.12500000,2219645.40600000,2064992.62500000,HIGH_VOLUME_NODE
93333.10000000,23.62700000,6.16100000,17.46600000,575025.45810000,1630157.36320000,HIGH_VOLUME_NODE
93333.70000000,12.63300000,5.87400000,6.75900000,548242.74120000,630843.15420000,HIGH_VOLUME_NODE
93334.30000000,12.49400000,9.72400000,2.77000000,907583.70560000,258536.28800000,HIGH_VOLUME_NODE
93334.90000000,19.87200000,6.16100000,13.71100000,575036.93500000,1279716.18500000,HIGH_VOLUME_NODE
93337.10000000,13.58700000,4.22600000,9.36100000,394442.81370000,873728.87190000,HIGH_VOLUME_NODE
93337.80000000,12.74400000,1.71800000,11.02600000,160354.51220000,1029143.68540000,HIGH_VOLUME_NODE
93338.20000000,20.33200000,2.46100000,17.87100000,229705.55630000,1668048.75930000,HIGH_VOLUME_NODE
93338.60000000,16.87100000,4.52400000,12.34700000,422264.11900000,1152452.31070000,HIGH_VOLUME_NODE
93338.90000000,18.17300000,4.56300000,13.61000000,425905.85700000,1270343.79000000,HIGH_VOLUME_NODE
93339.10000000,19.17200000,15.54500000,3.62700000,1450956.88380000,338541.09640000,HIGH_VOLUME_NODE
93339.30000000,12.87700000,1.69200000,11.18500000,157930.26480000,1044001.18900000,HIGH_VOLUME_NODE
93339.40000000,16.16500000,11.93700000,4.22800000,1114193.61150000,394639.40600000,HIGH_VOLUME_NODE
93340.10000000,14.95600000,13.70300000,1.25300000,1279039.64940000,116955.21140000,HIGH_VOLUME_NODE
93340.60000000,27.55100000,10.82900000,16.72200000,1010785.81030000,1560842.28320000,HIGH_VOLUME_NODE
93340.70000000,16.18700000,5.79900000,10.38800000,541283.29920000,969624.23040000,HIGH_VOLUME_NODE
93342.10000000,18.35600000,7.70200000,10.65400000,718921.35520000,994466.88180000,HIGH_VOLUME_NODE
93343.60000000,18.06900000,8.32700000,9.74200000,777272.50580000,909353.71660000,HIGH_VOLUME_NODE
93344.10000000,14.03800000,2.33000000,11.70800000,217491.91550000,1092873.63690000,HIGH_VOLUME_NODE
93344.30000000,12.66700000,5.40000000,7.26700000,504059.76000000,678333.75480000,HIGH_VOLUME_NODE
93344.40000000,13.33900000,8.04600000,5.29300000,751049.84700000,494072.43850000,HIGH_VOLUME_NODE
93344.60000000,17.58000000,6.39400000,11.18600000,596845.77080000,1044153.04100000,HIGH_VOLUME_NODE
93345.10000000,21.60900000,4.99400000,16.61500000,466165.65130000,1550930.27360000,HIGH_VOLUME_NODE
93346.60000000,23.14900000,17.09100000,6.05800000,1595387.23730000,565494.17530000,HIGH_VOLUME_NODE
93347.60000000,16.84000000,11.25000000,5.59000000,1050161.23050000,521813.21060000,HIGH_VOLUME_NODE
93348.10000000,16.76600000,16.08400000,0.68200000,1501411.04860000,63663.44360000,HIGH_VOLUME_NODE
93349.90000000,51.57900000,30.36900000,21.21000000,2834946.15000000,1979953.50000000,HIGH_VOLUME_NODE
93350.10000000,12.63000000,5.11900000,7.51100000,477859.32280000,701152.89670000,HIGH_VOLUME_NODE
93351.10000000,18.40500000,11.11400000,7.29100000,1037504.88300000,680622.97040000,HIGH_VOLUME_NODE
93351.30000000,19.59100000,14.48000000,5.11100000,1351728.27200000,477119.00540000,HIGH_VOLUME_NODE
93351.60000000,21.33300000,11.70000000,9.63300000,1092214.43920000,899256.08470000,HIGH_VOLUME_NODE
93352.60000000,14.17100000,12.92600000,1.24500000,1206676.51140000,116224.02110000,HIGH_VOLUME_NODE
93354.60000000,14.56400000,6.36900000,8.19500000,594575.73630000,765041.12210000,HIGH_VOLUME_NODE
93355.10000000,18.11800000,7.29100000,10.82700000,680652.60880000,1010756.06210000,HIGH_VOLUME_NODE
93355.30000000,20.90900000,12.34500000,8.56400000,1152472.41300000,799495.64560000,HIGH_VOLUME_NODE
93356.60000000,15.26100000,6.86100000,8.40000000,640520.17650000,784195.53120000,HIGH_VOLUME_NODE
93356.90000000,24.90000000,17.10200000,7.79800000,1596591.41400000,727997.88600000,HIGH_VOLUME_NODE
93357.10000000,13.50400000,10.53300000,2.97100000,983330.92960000,277364.05540000,HIGH_VOLUME_NODE
93357.70000000,16.72900000,0.75500000,15.97400000,70485.13900000,1491297.49720000,HIGH_VOLUME_NODE
93359.10000000,14.54000000,9.25400000,5.28600000,863945.87710000,493496.26580000,HIGH_VOLUME_NODE
93359.90000000,19.89100000,9.37800000,10.51300000,875530.08000000,981493.68000000,HIGH_VOLUME_NODE
93360.60000000,15.73200000,5.64200000,10.09000000,526740.96700000,942009.16800000,HIGH_VOLUME_NODE
93361.70000000,18.76200000,18.52900000,0.23300000,1729900.79220000,21753.29940000,HIGH_VOLUME_NODE
93362.30000000,13.97700000,5.72700000,8.25000000,534686.46480000,770239.80000000,HIGH_VOLUME_NODE
93362.40000000,22.59200000,10.07300000,12.51900000,940440.46250000,1168805.13750000,HIGH_VOLUME_NODE
93363.10000000,33.49600000,24.89200000,8.60400000,2323996.36920000,803296.86330000,HIGH_VOLUME_NODE
93364.60000000,14.36000000,11.11600000,3.24400000,1037841.07820000,302874.95580000,HIGH_VOLUME_NODE
93364.90000000,16.35200000,8.59600000,7.75600000,802565.54000000,724138.94000000,HIGH_VOLUME_NODE
93365.40000000,13.02700000,4.13700000,8.89000000,386253.07350000,830019.29500000,HIGH_VOLUME_NODE
93366.10000000,13.54300000,11.05100000,2.49200000,1031789.29670000,232668.45500000,HIGH_VOLUME_NODE
93367.10000000,29.76600000,9.45100000,20.31500000,882413.30130000,1896753.70510000,HIGH_VOLUME_NODE
93367.80000000,17.40000000,6.86100000,10.53900000,640597.16190000,984004.29810000,HIGH_VOLUME_NODE
93368.20000000,13.73500000,12.24400000,1.49100000,1143201.46520000,139212.13530000,HIGH_VOLUME_NODE
93368.90000000,12.43300000,1.71700000,10.71600000,160314.57300000,1000542.20400000,HIGH_VOLUME_NODE
93369.10000000,16.12300000,6.81600000,9.30700000,636403.88860000,868987.09330000,HIGH_VOLUME_NODE
93369.60000000,16.56300000,8.24200000,8.32100000,769552.94220000,776928.54910000,HIGH_VOLUME_NODE
93369.90000000,23.49400000,15.61200000,7.88200000,1457692.44000000,735942.34000000,HIGH_VOLUME_NODE
93370.10000000,16.25100000,7.66800000,8.58300000,715962.21970000,801395.67050000,HIGH_VOLUME_NODE
93370.70000000,18.65700000,16.71500000,1.94200000,1560692.92200000,181326.09360000,HIGH_VOLUME_NODE
93371.60000000,13.51900000,5.87800000,7.64100000,548838.29090000,713453.11920000,HIGH_VOLUME_NODE
93373.10000000,17.66600000,11.13400000,6.53200000,1039616.27570000,609913.40660000,HIGH_VOLUME_NODE
93373.20000000,14.46200000,13.73500000,0.72700000,1282482.27550000,67882.38910000,HIGH_VOLUME_NODE
93373.60000000,22.56300000,12.75900000,9.80400000,1191354.96800000,915435.37200000,HIGH_VOLUME_NODE
93374.10000000,15.94300000,14.28200000,1.66100000,1333569.05600000,155094.45330000,HIGH_VOLUME_NODE
93374.90000000,27.73200000,13.23800000,14.49400000,1236098.25000000,1353377.25000000,HIGH_VOLUME_NODE
93375.10000000,12.40800000,7.05900000,5.34900000,659135.29290000,499463.49810000,HIGH_VOLUME_NODE
93375.70000000,12.55300000,0.67200000,11.88100000,62748.53760000,1109397.87980000,HIGH_VOLUME_NODE
93375.80000000,13.00700000,6.68900000,6.31800000,624591.39510000,589948.93620000,HIGH_VOLUME_NODE
93376.10000000,26.24300000,7.03000000,19.21300000,656434.50220000,1794036.35550000,HIGH_VOLUME_NODE
93376.20000000,19.06200000,17.71100000,1.35100000,1653787.64930000,126151.38130000,HIGH_VOLUME_NODE
93376.90000000,35.40900000,32.20500000,3.20400000,3007206.28500000,299179.90800000,HIGH_VOLUME_NODE
93377.10000000,13.08500000,2.07200000,11.01300000,193477.41830000,1028362.83390000,HIGH_VOLUME_NODE
93378.10000000,23.95200000,9.56800000,14.38400000,893442.05460000,1343151.35150000,HIGH_VOLUME_NODE
93378.60000000,20.61100000,8.36800000,12.24300000,781392.56600000,1143235.03970000,HIGH_VOLUME_NODE
93379.90000000,15.65100000,8.91500000,6.73600000,832482.70000000,629007.68000000,HIGH_VOLUME_NODE
93380.10000000,14.92600000,11.04300000,3.88300000,1031196.53530000,362595.23750000,HIGH_VOLUME_NODE
93380.90000000,20.82000000,3.74300000,17.07700000,349525.08300000,1594667.33700000,HIGH_VOLUME_NODE
93381.10000000,19.58900000,16.94400000,2.64500000,1582250.03950000,246993.15840000,HIGH_VOLUME_NODE
93381.90000000,12.94600000,10.75900000,2.18700000,1004696.93800000,204226.43400000,HIGH_VOLUME_NODE
93383.10000000,14.68000000,10.29300000,4.38700000,961192.36730000,409671.89310000,HIGH_VOLUME_NODE
93383.60000000,20.81700000,19.24000000,1.57700000,1796701.51010000,147266.00910000,HIGH_VOLUME_NODE
93383.90000000,13.40800000,2.29200000,11.11600000,214036.12800000,1038056.54400000,HIGH_VOLUME_NODE
93384.10000000,17.91300000,13.78300000,4.13000000,1287113.19220000,385676.55650000,HIGH_VOLUME_NODE
93384.60000000,13.34600000,10.59600000,2.75000000,989503.89180000,256807.71810000,HIGH_VOLUME_NODE
93384.80000000,35.05900000,14.92800000,20.13100000,1394049.78720000,1879931.42190000,HIGH_VOLUME_NODE
93384.90000000,29.92600000,19.14800000,10.77800000,1788135.98000000,1006503.53000000,HIGH_VOLUME_NODE
93385.80000000,12.58500000,9.77800000,2.80700000,913127.33020000,262134.22130000,HIGH_VOLUME_NODE
93386.60000000,15.27700000,11.05800000,4.21900000,1032669.22240000,393998.13540000,HIGH_VOLUME_NODE
93386.70000000,15.79500000,6.31700000,9.47800000,589924.41560000,885120.09040000,HIGH_VOLUME_NODE
93387.30000000,15.93200000,5.24000000,10.69200000,489349.97600000,998498.08080000,HIGH_VOLUME_NODE
93387.60000000,36.89100000,13.35100000,23.54000000,1246818.39260000,2198345.79290000,HIGH_VOLUME_NODE
93387.70000000,18.53700000,11.20700000,7.33000000,1046597.07460000,684532.57400000,HIGH_VOLUME_NODE
93387.80000000,20.92500000,3.89600000,17.02900000,363839.25840000,1590302.54910000,HIGH_VOLUME_NODE
93387.90000000,33.36200000,16.16200000,17.20000000,1509336.85600000,1606273.60000000,HIGH_VOLUME_NODE
93388.10000000,17.39100000,10.34500000,7.04600000,966099.93700000,658013.21410000,HIGH_VOLUME_NODE
93388.60000000,13.32200000,10.76900000,2.55300000,1005702.28520000,238421.16110000,HIGH_VOLUME_NODE
93388.80000000,12.98200000,10.96400000,2.01800000,1023915.89960000,188458.80020000,HIGH_VOLUME_NODE
93389.10000000,17.33900000,11.80700000,5.53200000,1102645.41980000,516628.88550000,HIGH_VOLUME_NODE
93389.60000000,15.75500000,11.75600000,3.99900000,1097888.81340000,373465.17270000,HIGH_VOLUME_NODE
93390.10000000,13.04900000,3.14400000,9.90500000,293618.64570000,925029.73970000,HIGH_VOLUME_NODE
93390.60000000,12.72400000,7.17500000,5.54900000,670077.59210000,518224.90550000,HIGH_VOLUME_NODE
93391.10000000,27.52300000,18.17700000,9.34600000,1697571.53540000,872833.61490000,HIGH_VOLUME_NODE
93391.90000000,18.89000000,13.44300000,5.44700000,1255468.65600000,508706.22400000,HIGH_VOLUME_NODE
93392.10000000,14.72600000,8.36800000,6.35800000,781505.44370000,593786.99760000,HIGH_VOLUME_NODE
93392.30000000,16.43000000,4.15500000,12.27500000,388045.42200000,1146391.71000000,HIGH_VOLUME_NODE
93393.10000000,28.66800000,20.23600000,8.43200000,1889902.93570000,787491.34750000,HIGH_VOLUME_NODE
93393.60000000,21.76300000,7.61900000,14.14400000,711565.90480000,1320959.46380000,HIGH_VOLUME_NODE
93394.90000000,14.63200000,6.12100000,8.51100000,571670.79500000,794884.84500000,HIGH_VOLUME_NODE
93396.70000000,12.42700000,3.45700000,8.97000000,322872.73760000,837769.29600000,HIGH_VOLUME_NODE
93397.10000000,20.61600000,7.28500000,13.33100000,680398.28590000,1245077.77740000,HIGH_VOLUME_NODE
93397.20000000,12.55400000,11.13600000,1.41800000,1040072.33280000,132437.37140000,HIGH_VOLUME_NODE
93397.40000000,17.38200000,1.62100000,15.76100000,151397.34750000,1472037.99750000,HIGH_VOLUME_NODE
93398.10000000,18.12500000,4.96000000,13.16500000,463254.75990000,1229586.17730000,HIGH_VOLUME_NODE
93398.30000000,12.26700000,7.89200000,4.37500000,737100.17280000,408618.00000000,HIGH_VOLUME_NODE
93399.60000000,13.20900000,7.28000000,5.92900000,679949.64510000,553766.53600000,HIGH_VOLUME_NODE
93399.80000000,30.98500000,10.38900000,20.59600000,970331.56110000,1923664.34040000,HIGH_VOLUME_NODE
93399.90000000,218.00500000,147.18300000,70.82200000,13746892.20000000,6614774.80000000,HIGH_VOLUME_NODE
93400.10000000,23.44600000,20.99300000,2.45300000,1960748.71170000,229110.59700000,HIGH_VOLUME_NODE
93401.10000000,13.17000000,7.31300000,5.85700000,683042.29440000,547050.68540000,HIGH_VOLUME_NODE
93402.10000000,12.25500000,9.80200000,2.45300000,915527.69470000,229115.40900000,HIGH_VOLUME_NODE
93404.10000000,14.85300000,9.65400000,5.19900000,901723.86170000,485607.99600000,HIGH_VOLUME_NODE
93404.60000000,19.07800000,9.68000000,9.39800000,904157.33830000,877816.73120000,HIGH_VOLUME_NODE
93405.60000000,12.35700000,3.92400000,8.43300000,366523.90190000,787689.88310000,HIGH_VOLUME_NODE
93407.10000000,18.48300000,8.32400000,10.15900000,777520.91110000,948922.86510000,HIGH_VOLUME_NODE
93408.10000000,13.20200000,5.01800000,8.18400000,468722.06090000,764452.54020000,HIGH_VOLUME_NODE
93408.60000000,16.56400000,11.10500000,5.45900000,1037303.04570000,509917.92230000,HIGH_VOLUME_NODE
93409.10000000,17.47100000,7.95000000,9.52100000,742602.53960000,889348.53090000,HIGH_VOLUME_NODE
93409.90000000,18.00100000,9.14600000,8.85500000,854327.86000000,827145.55000000,HIGH_VOLUME_NODE
93410.60000000,14.57700000,1.84600000,12.73100000,172436.05170000,1189210.88310000,HIGH_VOLUME_NODE
93412.90000000,16.11300000,0.75600000,15.35700000,70620.22800000,1434543.44100000,HIGH_VOLUME_NODE
93413.10000000,15.65800000,13.26600000,2.39200000,1239218.34680000,223444.26750000,HIGH_VOLUME_NODE
93413.60000000,13.31300000,9.94400000,3.36900000,928904.98400000,314710.65410000,HIGH_VOLUME_NODE
93415.20000000,14.70700000,8.79600000,5.91100000,821680.97880000,552177.83830000,HIGH_VOLUME_NODE
93415.60000000,27.03200000,24.84200000,2.19000000,2320630.53710000,204580.27120000,HIGH_VOLUME_NODE
93416.10000000,18.01500000,4.95900000,13.05600000,463250.64740000,1219641.89750000,HIGH_VOLUME_NODE
93417.20000000,23.33800000,11.85400000,11.48400000,1107368.67420000,1072804.27320000,HIGH_VOLUME_NODE
93418.10000000,13.72600000,6.20300000,7.52300000,579472.85360000,702785.04970000,HIGH_VOLUME_NODE
93418.20000000,18.20300000,15.01700000,3.18600000,1402862.61110000,297630.70380000,HIGH_VOLUME_NODE
93418.30000000,12.80100000,7.21000000,5.59100000,673546.66400000,522302.27440000,HIGH_VOLUME_NODE
93418.40000000,17.02200000,9.02400000,7.99800000,843008.54400000,747161.16300000,HIGH_VOLUME_NODE
93421.10000000,21.12400000,10.68600000,10.43800000,998298.39170000,975129.55410000,HIGH_VOLUME_NODE
93421.80000000,12.87500000,7.33200000,5.54300000,684969.37080000,517837.59170000,HIGH_VOLUME_NODE
93422.10000000,12.51700000,7.42200000,5.09500000,693379.46990000,475985.90670000,HIGH_VOLUME_NODE
93423.40000000,13.31300000,1.83900000,11.47400000,171805.81650000,1071941.23900000,HIGH_VOLUME_NODE
93423.60000000,20.03700000,13.78500000,6.25200000,1287845.29170000,584084.45250000,HIGH_VOLUME_NODE
93424.40000000,16.03300000,10.96300000,5.07000000,1024212.79350000,473662.21500000,HIGH_VOLUME_NODE
93426.30000000,23.24400000,0.76700000,22.47700000,71658.04880000,2099945.19280000,HIGH_VOLUME_NODE
93427.90000000,13.86300000,5.21400000,8.64900000,487133.59200000,808058.77200000,HIGH_VOLUME_NODE
93428.10000000,48.21400000,9.18700000,39.02700000,858324.68480000,3646221.81410000,HIGH_VOLUME_NODE
93428.70000000,17.02100000,12.73500000,4.28600000,1189815.76800000,400435.83680000,HIGH_VOLUME_NODE
93429.10000000,46.86500000,22.89900000,23.96600000,2139433.84980000,2239123.93540000,HIGH_VOLUME_NODE
93430.40000000,12.67100000,10.25700000,2.41400000,958316.63850000,225541.22700000,HIGH_VOLUME_NODE
93431.20000000,14.10900000,5.54200000,8.56700000,517796.26460000,800425.94710000,HIGH_VOLUME_NODE
93431.30000000,15.29800000,4.71700000,10.58100000,440715.91380000,988597.64340000,HIGH_VOLUME_NODE
93433.10000000,14.00000000,10.25400000,3.74600000,958063.03420000,350000.66840000,HIGH_VOLUME_NODE
93433.20000000,13.06500000,2.44300000,10.62200000,228257.55190000,992448.51260000,HIGH_VOLUME_NODE
93433.60000000,12.96400000,9.31800000,3.64600000,870614.51190000,340659.07370000,HIGH_VOLUME_NODE
93433.70000000,13.83400000,13.13000000,0.70400000,1226785.79400000,65777.39520000,HIGH_VOLUME_NODE
93435.10000000,24.44000000,7.80800000,16.63200000,729541.62300000,1554013.61150000,HIGH_VOLUME_NODE
93435.80000000,21.27500000,15.50100000,5.77400000,1448349.88590000,539498.88660000,HIGH_VOLUME_NODE
93435.90000000,16.09000000,3.99700000,12.09300000,373463.69200000,1129921.54800000,HIGH_VOLUME_NODE
93436.10000000,13.09300000,5.87800000,7.21500000,549217.59770000,674142.06060000,HIGH_VOLUME_NODE
93436.20000000,12.34100000,11.36500000,0.97600000,1061903.54950000,91193.82880000,HIGH_VOLUME_NODE
93436.60000000,17.04500000,12.75700000,4.28800000,1191971.75350000,400656.41770000,HIGH_VOLUME_NODE
93437.10000000,13.99100000,10.86700000,3.12400000,1015381.32910000,291897.75500000,HIGH_VOLUME_NODE
93437.60000000,12.86500000,2.02900000,10.83600000,189585.06670000,1012490.64130000,HIGH_VOLUME_NODE
93439.10000000,14.08400000,9.80600000,4.27800000,916264.50070000,399732.58830000,HIGH_VOLUME_NODE
93439.60000000,22.39300000,9.34900000,13.04400000,873567.24860000,1218827.35420000,HIGH_VOLUME_NODE
93439.90000000,21.84400000,15.13900000,6.70500000,1414588.16000000,626515.20000000,HIGH_VOLUME_NODE
93440.10000000,18.21200000,7.25000000,10.96200000,677440.83330000,1024291.35340000,HIGH_VOLUME_NODE
93440.60000000,14.39600000,4.02000000,10.37600000,375631.45620000,969540.44620000,HIGH_VOLUME_NODE
93440.70000000,13.10600000,11.88600000,1.22000000,1110637.34880000,113997.77600000,HIGH_VOLUME_NODE
93442.60000000,24.20500000,15.02600000,9.17900000,1404069.72710000,857710.09330000,HIGH_VOLUME_NODE
93442.70000000,20.13700000,7.63300000,12.50400000,713248.89240000,1168408.77120000,HIGH_VOLUME_NODE
93443.60000000,19.21500000,6.35500000,12.86000000,593834.17570000,1201685.78510000,HIGH_VOLUME_NODE
93443.70000000,12.73400000,3.79200000,8.94200000,354338.88960000,835574.45960000,HIGH_VOLUME_NODE
93444.10000000,14.79200000,10.75800000,4.03400000,1005272.42410000,376953.56030000,HIGH_VOLUME_NODE
93444.90000000,17.34400000,6.35700000,10.98700000,594029.86500000,1026680.21500000,HIGH_VOLUME_NODE
93445.10000000,31.16900000,19.26000000,11.90900000,1799753.13770000,1112837.96970000,HIGH_VOLUME_NODE
93446.10000000,12.79600000,7.59900000,5.19700000,710097.32690000,485639.81290000,HIGH_VOLUME_NODE
93446.20000000,13.26300000,6.28200000,6.98100000,587029.65660000,652348.62030000,HIGH_VOLUME_NODE
93446.60000000,15.18000000,9.90500000,5.27500000,925589.26840000,492930.88950000,HIGH_VOLUME_NODE
93446.90000000,12.98300000,7.88200000,5.10100000,736549.25400000,476673.14700000,HIGH_VOLUME_NODE
93447.10000000,18.00800000,15.13000000,2.87800000,1413855.84320000,268940.79330000,HIGH_VOLUME_NODE
93449.10000000,12.95800000,10.78800000,2.17000000,1008129.03300000,202784.72340000,HIGH_VOLUME_NODE
93449.80000000,17.15200000,5.68600000,11.46600000,531356.13140000,1071496.55340000,HIGH_VOLUME_NODE
93449.90000000,112.59300000,57.86100000,54.73200000,5407110.45000000,5114705.40000000,HIGH_VOLUME_NODE
93450.10000000,38.24300000,25.14800000,13.09500000,2350083.94870000,1223729.60860000,HIGH_VOLUME_NODE
93451.70000000,17.45400000,11.87500000,5.57900000,1109740.12500000,521367.59220000,HIGH_VOLUME_NODE
93451.80000000,15.28700000,7.93600000,7.35100000,741634.27840000,686964.91690000,HIGH_VOLUME_NODE
93452.20000000,14.11500000,1.19700000,12.91800000,111862.40310000,1207216.81140000,HIGH_VOLUME_NODE
93452.60000000,25.45300000,5.94800000,19.50500000,555856.38930000,1822793.26480000,HIGH_VOLUME_NODE
93453.90000000,12.43200000,11.82000000,0.61200000,1104626.28000000,57193.84800000,HIGH_VOLUME_NODE
93454.10000000,14.79800000,8.94000000,5.85800000,835480.45500000,547454.22600000,HIGH_VOLUME_NODE
93454.40000000,12.58500000,6.00600000,6.57900000,561287.72700000,614837.15550000,HIGH_VOLUME_NODE
93454.90000000,13.01300000,3.97400000,9.03900000,371390.17000000,844739.74500000,HIGH_VOLUME_NODE
93455.20000000,14.10400000,8.15700000,5.94700000,762314.88210000,555778.66910000,HIGH_VOLUME_NODE
93455.30000000,12.23000000,10.56300000,1.66700000,987169.39020000,155790.15180000,HIGH_VOLUME_NODE
93455.60000000,27.04500000,10.61800000,16.42700000,992312.00270000,1535195.70620000,HIGH_VOLUME_NODE
93455.90000000,19.63800000,9.40600000,10.23200000,879047.13600000,956241.79200000,HIGH_VOLUME_NODE
93456.10000000,12.42800000,8.86900000,3.55900000,828862.27030000,332610.45360000,HIGH_VOLUME_NODE
93456.20000000,15.68900000,10.09500000,5.59400000,943441.34850000,522794.54220000,HIGH_VOLUME_NODE
93456.60000000,15.59900000,8.50100000,7.09800000,794475.24830000,663355.04910000,HIGH_VOLUME_NODE
93456.90000000,12.83600000,2.58700000,10.24900000,241773.25900000,957840.79300000,HIGH_VOLUME_NODE
93457.10000000,28.36200000,9.11900000,19.24300000,852235.76660000,1798396.26230000,HIGH_VOLUME_NODE
93457.60000000,14.74600000,1.83400000,12.91200000,171401.28300000,1206725.79230000,HIGH_VOLUME_NODE
93458.60000000,21.22000000,13.55000000,7.67000000,1266364.86730000,716827.64900000,HIGH_VOLUME_NODE
93459.10000000,38.63700000,23.08900000,15.54800000,2157879.13380000,1453102.52910000,HIGH_VOLUME_NODE
93459.60000000,19.74400000,11.55300000,8.19100000,1079739.52380000,765528.04770000,HIGH_VOLUME_NODE
93459.70000000,18.26800000,2.38200000,15.88600000,222621.24360000,1484702.38280000,HIGH_VOLUME_NODE
93459.80000000,18.52600000,15.43400000,3.09200000,1442460.09660000,288978.01080000,HIGH_VOLUME_NODE
93459.90000000,18.08200000,13.87100000,4.21100000,1296383.66000000,393560.06000000,HIGH_VOLUME_NODE
93460.10000000,25.56400000,19.20000000,6.36400000,1794435.20550000,594780.15170000,HIGH_VOLUME_NODE
93461.60000000,25.00700000,7.98600000,17.02100000,746384.72260000,1590811.37030000,HIGH_VOLUME_NODE
93461.90000000,15.16900000,7.58500000,7.58400000,708909.27000000,708815.80800000,HIGH_VOLUME_NODE
93462.10000000,26.54400000,24.17500000,2.36900000,2259446.73630000,221411.86070000,HIGH_VOLUME_NODE
93463.10000000,16.02300000,9.09400000,6.92900000,849953.68960000,647606.03360000,HIGH_VOLUME_NODE
93463.30000000,13.19800000,11.50500000,1.69300000,1075296.41700000,158233.53620000,HIGH_VOLUME_NODE
93464.10000000,18.16200000,11.71900000,6.44300000,1095306.59940000,602189.49900000,HIGH_VOLUME_NODE
93464.90000000,12.17700000,8.96000000,3.21700000,837446.40000000,300676.90500000,HIGH_VOLUME_NODE
93465.10000000,20.58700000,7.63200000,12.95500000,713325.93620000,1210841.13010000,HIGH_VOLUME_NODE
93466.10000000,21.82500000,16.09900000,5.72600000,1504711.14750000,535187.24510000,HIGH_VOLUME_NODE
93466.60000000,18.64600000,3.40900000,15.23700000,318627.84670000,1424152.01620000,HIGH_VOLUME_NODE
93467.10000000,23.53900000,12.04200000,11.49700000,1125531.75950000,1074591.34160000,HIGH_VOLUME_NODE
93468.10000000,14.78400000,2.35600000,12.42800000,220210.91880000,1161622.66480000,HIGH_VOLUME_NODE
93468.30000000,15.03700000,4.15100000,10.88600000,387987.32840000,1017497.00240000,HIGH_VOLUME_NODE
93468.40000000,13.71900000,7.80500000,5.91400000,729521.64250000,552772.70900000,HIGH_VOLUME_NODE
93468.60000000,20.67300000,10.42900000,10.24400000,974784.50270000,957492.65660000,HIGH_VOLUME_NODE
93469.10000000,15.65100000,12.93700000,2.71400000,1209210.91680000,253675.23350000,HIGH_VOLUME_NODE
93469.40000000,14.02300000,13.27000000,0.75300000,1240340.26500000,70382.53350000,HIGH_VOLUME_NODE
93469.80000000,14.47800000,2.47000000,12.00800000,230870.65300000,1122386.55920000,HIGH_VOLUME_NODE
93470.70000000,18.81900000,5.11900000,13.70000000,478477.02520000,1280549.96000000,HIGH_VOLUME_NODE
93471.10000000,13.70800000,9.78500000,3.92300000,914615.06740000,366687.43690000,HIGH_VOLUME_NODE
93471.20000000,13.00000000,2.58300000,10.41700000,241436.36790000,973690.53210000,HIGH_VOLUME_NODE
93471.30000000,13.18400000,9.14300000,4.04100000,854609.01020000,377717.92740000,HIGH_VOLUME_NODE
93471.60000000,29.01400000,13.60800000,15.40600000,1271962.52320000,1440024.01960000,HIGH_VOLUME_NODE
93472.10000000,27.24400000,18.59600000,8.64800000,1738208.48050000,808347.38500000,HIGH_VOLUME_NODE
93472.60000000,20.07800000,8.79900000,11.27900000,822465.81650000,1054277.93490000,HIGH_VOLUME_NODE
93472.80000000,26.49500000,10.52000000,15.97500000,983334.90800000,1493229.57750000,HIGH_VOLUME_NODE
93473.10000000,15.10300000,10.07300000,5.03000000,941554.82490000,470169.89510000,HIGH_VOLUME_NODE
93473.90000000,47.08800000,15.98000000,31.10800000,1493714.52000000,2907789.19200000,HIGH_VOLUME_NODE
93474.10000000,25.34500000,20.32900000,5.01600000,1900235.24580000,468866.32050000,HIGH_VOLUME_NODE
93474.60000000,13.42600000,5.53500000,7.89100000,517382.00620000,737608.35450000,HIGH_VOLUME_NODE
93475.10000000,15.70200000,8.23800000,7.46400000,770048.13550000,697698.70810000,HIGH_VOLUME_NODE
93477.60000000,26.14800000,15.49400000,10.65400000,1448342.61290000,995910.61890000,HIGH_VOLUME_NODE
93478.10000000,18.53500000,5.56800000,12.96700000,520486.41240000,1212130.72030000,HIGH_VOLUME_NODE
93478.60000000,12.36600000,5.27800000,7.08800000,493380.36700000,662576.49910000,HIGH_VOLUME_NODE
93479.30000000,25.27500000,22.77600000,2.49900000,2129086.81440000,233605.02060000,HIGH_VOLUME_NODE
93479.40000000,14.94900000,12.84900000,2.10000000,1201118.09550000,196306.95000000,HIGH_VOLUME_NODE
93479.70000000,16.41300000,12.30600000,4.10700000,1150362.41880000,383921.53860000,HIGH_VOLUME_NODE
93479.80000000,14.42200000,2.27100000,12.15100000,212292.85290000,1135874.26490000,HIGH_VOLUME_NODE
93479.90000000,38.19600000,25.89300000,12.30300000,2420477.64000000,1150084.44000000,HIGH_VOLUME_NODE
93481.60000000,16.80900000,9.80800000,7.00100000,916867.98320000,654465.08560000,HIGH_VOLUME_NODE
93481.70000000,12.27000000,4.31900000,7.95100000,403747.89420000,743273.79180000,HIGH_VOLUME_NODE
93482.10000000,18.47300000,8.58700000,9.88600000,802731.43560000,924164.34780000,HIGH_VOLUME_NODE
93483.10000000,33.23400000,23.02900000,10.20500000,2152822.92930000,953995.58380000,HIGH_VOLUME_NODE
93483.60000000,19.30400000,12.00200000,7.30200000,1121990.71740000,682617.27030000,HIGH_VOLUME_NODE
93484.70000000,13.12000000,8.46700000,4.65300000,791535.80160000,434984.77440000,HIGH_VOLUME_NODE
93486.10000000,18.35700000,8.13600000,10.22100000,760603.13340000,955521.62970000,HIGH_VOLUME_NODE
93486.60000000,13.90100000,12.91500000,0.98600000,1207380.58760000,92177.83600000,HIGH_VOLUME_NODE
93487.10000000,13.23800000,2.96700000,10.27100000,277376.40620000,960206.18410000,HIGH_VOLUME_NODE
93487.90000000,17.43900000,7.21400000,10.22500000,674422.43200000,955914.80000000,HIGH_VOLUME_NODE
93488.10000000,15.91300000,9.84800000,6.06500000,920671.39420000,567005.45240000,HIGH_VOLUME_NODE
93488.30000000,19.23300000,0.70300000,18.53000000,65722.34520000,1732340.05200000,HIGH_VOLUME_NODE
93488.60000000,15.48500000,2.79200000,12.69300000,261020.27610000,1186651.06250000,HIGH_VOLUME_NODE
93488.90000000,23.02200000,2.53500000,20.48700000,236994.61500000,1915309.14300000,HIGH_VOLUME_NODE
93489.10000000,15.90900000,5.73500000,10.17400000,536160.33280000,951158.17920000,HIGH_VOLUME_NODE
93489.40000000,12.32000000,10.47500000,1.84500000,979302.51250000,172488.12750000,HIGH_VOLUME_NODE
93489.80000000,17.52400000,15.57500000,1.94900000,1456105.19250000,182211.81510000,HIGH_VOLUME_NODE
93489.90000000,13.86100000,5.88800000,7.97300000,550469.12000000,745395.77000000,HIGH_VOLUME_NODE
93490.60000000,14.19000000,6.23100000,7.95900000,582540.50280000,744091.75760000,HIGH_VOLUME_NODE
93491.10000000,23.09400000,14.46400000,8.63000000,1352255.89440000,806828.65330000,HIGH_VOLUME_NODE
93491.60000000,16.69800000,5.23600000,11.46200000,489522.48710000,1071601.65840000,HIGH_VOLUME_NODE
93491.70000000,21.72100000,9.33900000,12.38200000,873119.92020000,1157615.46760000,HIGH_VOLUME_NODE
93492.10000000,16.86100000,3.57300000,13.28800000,334047.54200000,1242323.70020000,HIGH_VOLUME_NODE
93492.70000000,29.07900000,0.59900000,28.48000000,56002.18720000,2662674.94400000,HIGH_VOLUME_NODE
93492.80000000,14.22900000,11.88900000,2.34000000,1111537.08810000,218773.38600000,HIGH_VOLUME_NODE
93492.90000000,14.27400000,4.80200000,9.47200000,448953.38600000,885565.69600000,HIGH_VOLUME_NODE
93494.10000000,15.99400000,13.12600000,2.86800000,1227203.60790000,268141.11380000,HIGH_VOLUME_NODE
93494.60000000,18.78900000,3.03900000,15.75000000,284130.19830000,1472541.36490000,HIGH_VOLUME_NODE
93495.10000000,30.35000000,13.28600000,17.06400000,1242176.57830000,1595400.77730000,HIGH_VOLUME_NODE
93495.60000000,13.23600000,10.65800000,2.57800000,996477.05410000,241031.69350000,HIGH_VOLUME_NODE
93497.60000000,18.09900000,5.38400000,12.71500000,503391.40820000,1188822.94800000,HIGH_VOLUME_NODE
93498.10000000,18.96300000,18.02000000,0.94300000,1684835.82130000,88168.75180000,HIGH_VOLUME_NODE
93498.30000000,24.06800000,19.75800000,4.31000000,1847341.38720000,402978.10400000,HIGH_VOLUME_NODE
93498.40000000,13.78200000,10.12400000,3.65800000,946578.81400000,342017.51300000,HIGH_VOLUME_NODE
93498.60000000,34.29900000,33.22300000,1.07600000,3106305.46800000,100604.51760000,HIGH_VOLUME_NODE
93498.90000000,15.07500000,12.29400000,2.78100000,1149476.70600000,260020.71900000,HIGH_VOLUME_NODE
93499.10000000,28.52000000,17.96300000,10.55700000,1679525.07640000,987070.60900000,HIGH_VOLUME_NODE
93499.80000000,58.36600000,8.94300000,49.42300000,836169.60570000,4621045.55770000,HIGH_VOLUME_NODE
93499.90000000,450.12600000,358.23000000,91.89600000,33494505.00000000,8592276.00000000,HIGH_VOLUME_NODE
93500.10000000,34.88400000,27.14400000,7.74000000,2537966.89560000,723691.34260000,HIGH_VOLUME_NODE
93501.20000000,13.03900000,0.92000000,12.11900000,86021.19600000,1133142.25470000,HIGH_VOLUME_NODE
93501.30000000,20.71300000,14.93900000,5.77400000,1396817.41460000,539877.08360000,HIGH_VOLUME_NODE
93501.60000000,16.59400000,8.53800000,8.05600000,798316.85280000,753248.97950000,HIGH_VOLUME_NODE
93502.10000000,17.63600000,9.97600000,7.66000000,932777.82870000,716226.24930000,HIGH_VOLUME_NODE
93505.30000000,14.11000000,3.56300000,10.54700000,333159.74020000,986201.45380000,HIGH_VOLUME_NODE
93505.90000000,14.16700000,8.98100000,5.18600000,839777.38600000,484922.11600000,HIGH_VOLUME_NODE
93506.10000000,17.17200000,8.38300000,8.78900000,783861.77390000,821825.78530000,HIGH_VOLUME_NODE
93506.30000000,13.92100000,4.70000000,9.22100000,439480.08000000,862222.51440000,HIGH_VOLUME_NODE
93506.40000000,13.22700000,1.56400000,11.66300000,146244.16600000,1090566.30950000,HIGH_VOLUME_NODE
93506.60000000,15.99800000,3.30300000,12.69500000,308852.44780000,1187067.32670000,HIGH_VOLUME_NODE
93508.60000000,14.46400000,1.72500000,12.73900000,161302.37310000,1191206.61980000,HIGH_VOLUME_NODE
93508.70000000,13.55700000,8.64700000,4.91000000,808570.59360000,459128.20800000,HIGH_VOLUME_NODE
93509.60000000,19.44100000,5.97800000,13.46300000,559000.87370000,1258920.76740000,HIGH_VOLUME_NODE
93509.80000000,13.70100000,2.94900000,10.75200000,275760.69510000,1005418.44480000,HIGH_VOLUME_NODE
93509.90000000,14.72000000,5.06100000,9.65900000,473254.11000000,903213.09000000,HIGH_VOLUME_NODE
93510.10000000,17.26700000,11.72900000,5.53800000,1096780.53100000,517859.08920000,HIGH_VOLUME_NODE
93510.60000000,16.85800000,5.98900000,10.86900000,560035.22640000,1016367.42450000,HIGH_VOLUME_NODE
93510.90000000,17.24900000,11.74900000,5.50000000,1098660.73900000,514310.50000000,HIGH_VOLUME_NODE
93511.10000000,14.29100000,9.53400000,4.75700000,891535.00580000,444832.45170000,HIGH_VOLUME_NODE
93511.80000000,18.66100000,0.98400000,17.67700000,92015.70960000,1653009.85630000,HIGH_VOLUME_NODE
93511.90000000,22.17400000,15.08700000,7.08700000,1410815.54400000,662719.54400000,HIGH_VOLUME_NODE
93512.10000000,19.35400000,7.45800000,11.89600000,697413.76330000,1112419.99470000,HIGH_VOLUME_NODE
93512.90000000,19.21100000,14.64700000,4.56400000,1369684.91100000,426793.33200000,HIGH_VOLUME_NODE
93513.60000000,16.53500000,4.32100000,12.21400000,404072.51470000,1142175.28670000,HIGH_VOLUME_NODE
93515.10000000,12.96500000,9.55200000,3.41300000,893256.48290000,319167.25460000,HIGH_VOLUME_NODE
93515.60000000,23.75800000,4.62300000,19.13500000,432322.78830000,1789422.32900000,HIGH_VOLUME_NODE
93515.70000000,14.74800000,5.89200000,8.85600000,550995.09360000,828175.92480000,HIGH_VOLUME_NODE
93515.80000000,16.22600000,12.88800000,3.33800000,1205232.91920000,312156.07420000,HIGH_VOLUME_NODE
93515.90000000,13.16400000,3.24800000,9.91600000,303739.96800000,927304.65600000,HIGH_VOLUME_NODE
93516.10000000,20.39200000,5.92200000,14.47000000,553802.50640000,1353178.79480000,HIGH_VOLUME_NODE
93516.20000000,12.48500000,10.42100000,2.06400000,974533.36230000,193017.64320000,HIGH_VOLUME_NODE
93517.30000000,19.57400000,8.99600000,10.57800000,841282.53040000,989227.05720000,HIGH_VOLUME_NODE
93517.80000000,18.59000000,3.73400000,14.85600000,349195.83860000,1389301.92240000,HIGH_VOLUME_NODE
93518.60000000,14.72700000,4.83400000,9.89300000,452069.19500000,925179.83610000,HIGH_VOLUME_NODE
93519.10000000,13.43200000,9.35600000,4.07600000,874964.74160000,381184.09870000,HIGH_VOLUME_NODE
93519.80000000,19.56700000,4.87800000,14.68900000,456190.07220000,1373713.81110000,HIGH_VOLUME_NODE
93519.90000000,43.19900000,31.36100000,11.83800000,2932880.72000000,1107089.76000000,HIGH_VOLUME_NODE
93520.60000000,18.12400000,11.19400000,6.93000000,1046870.29060000,648097.84690000,HIGH_VOLUME_NODE
93521.80000000,16.77000000,3.70100000,13.06900000,346124.55190000,1222237.71110000,HIGH_VOLUME_NODE
93521.90000000,13.00600000,4.06100000,8.94500000,379792.84200000,836554.29000000,HIGH_VOLUME_NODE
93522.10000000,18.51200000,2.37800000,16.13400000,222395.66820000,1508885.73520000,HIGH_VOLUME_NODE
93522.60000000,13.34700000,10.69100000,2.65600000,999850.59720000,248396.07960000,HIGH_VOLUME_NODE
93523.10000000,13.30300000,6.32200000,6.98100000,591253.47880000,652885.10320000,HIGH_VOLUME_NODE
93523.30000000,15.76700000,2.69000000,13.07700000,251577.94600000,1223005.50180000,HIGH_VOLUME_NODE
93523.40000000,28.69200000,10.45400000,18.23800000,977694.66900000,1705681.59300000,HIGH_VOLUME_NODE
93523.60000000,19.42700000,13.66200000,5.76500000,1277719.98210000,539163.79930000,HIGH_VOLUME_NODE
93524.60000000,18.00400000,10.43100000,7.57300000,975555.41840000,708262.11380000,HIGH_VOLUME_NODE
93525.10000000,14.62600000,2.59600000,12.03000000,242791.30020000,1125107.96370000,HIGH_VOLUME_NODE
93525.60000000,16.08900000,8.18600000,7.90300000,765600.65340000,739133.41940000,HIGH_VOLUME_NODE
93525.80000000,17.46600000,10.47000000,6.99600000,979216.17300000,654307.19640000,HIGH_VOLUME_NODE
93526.10000000,32.52700000,6.37400000,26.15300000,596135.64250000,2445988.50690000,HIGH_VOLUME_NODE
93526.30000000,13.17300000,4.45900000,8.71400000,417034.21760000,814989.04960000,HIGH_VOLUME_NODE
93526.60000000,13.11200000,6.72000000,6.39200000,628499.07910000,597822.25290000,HIGH_VOLUME_NODE
93526.70000000,15.41000000,1.62900000,13.78100000,152355.15720000,1288892.83080000,HIGH_VOLUME_NODE
93526.80000000,12.26300000,1.36800000,10.89500000,127944.79920000,1018975.57550000,HIGH_VOLUME_NODE
93527.90000000,12.45300000,4.52600000,7.92700000,423307.72800000,741396.45600000,HIGH_VOLUME_NODE
93528.10000000,28.77700000,16.37100000,12.40600000,1531148.74310000,1160309.77790000,HIGH_VOLUME_NODE
93528.60000000,16.81200000,7.87100000,8.94100000,736163.86800000,836239.63460000,HIGH_VOLUME_NODE
93528.70000000,15.86900000,1.22300000,14.64600000,114385.72240000,1369822.80480000,HIGH_VOLUME_NODE
93529.10000000,22.72600000,3.23600000,19.49000000,302660.24520000,1822883.51770000,HIGH_VOLUME_NODE
93530.10000000,19.25700000,7.00400000,12.25300000,655085.34500000,1146025.27240000,HIGH_VOLUME_NODE
93530.20000000,12.66900000,11.15700000,1.51200000,1043517.55710000,141417.81360000,HIGH_VOLUME_NODE
93530.30000000,17.21700000,2.81500000,14.40200000,263288.07600000,1347024.82080000,HIGH_VOLUME_NODE
93532.20000000,13.36700000,0.52400000,12.84300000,49010.92520000,1201235.32890000,HIGH_VOLUME_NODE
93533.10000000,34.51700000,7.95300000,26.56400000,743869.36840000,2484615.22380000,HIGH_VOLUME_NODE
93533.20000000,42.34900000,20.14100000,22.20800000,1883854.19530000,2077187.52640000,HIGH_VOLUME_NODE
93533.60000000,14.07300000,8.59500000,5.47800000,803921.94590000,512377.16670000,HIGH_VOLUME_NODE
93534.10000000,12.39600000,3.84400000,8.55200000,359545.37480000,799903.66920000,HIGH_VOLUME_NODE
93535.10000000,12.93100000,8.53500000,4.39600000,798322.56390000,411180.41700000,HIGH_VOLUME_NODE
93535.30000000,15.56900000,11.65100000,3.91800000,1089780.94540000,366471.69720000,HIGH_VOLUME_NODE
93535.60000000,16.05800000,12.27400000,3.78400000,1148057.01410000,353938.77780000,HIGH_VOLUME_NODE
93536.60000000,20.57700000,11.75100000,8.82600000,1099149.25090000,825554.48000000,HIGH_VOLUME_NODE
93536.90000000,19.37900000,5.91100000,13.46800000,552897.20700000,1259756.31600000,HIGH_VOLUME_NODE
93537.10000000,15.40100000,8.41100000,6.99000000,786740.87340000,653824.85000000,HIGH_VOLUME_NODE
93537.20000000,15.15200000,13.01500000,2.13700000,1217387.95950000,199889.21010000,HIGH_VOLUME_NODE
93537.80000000,15.21900000,4.22700000,10.99200000,395384.70330000,1028168.59680000,HIGH_VOLUME_NODE
93538.10000000,12.56900000,5.23300000,7.33600000,489485.31540000,686195.76410000,HIGH_VOLUME_NODE
93538.60000000,12.40400000,6.42600000,5.97800000,601079.14300000,559174.21310000,HIGH_VOLUME_NODE
93539.10000000,12.25300000,6.70900000,5.54400000,627554.10070000,518581.07740000,HIGH_VOLUME_NODE
93539.60000000,15.49400000,9.96500000,5.52900000,932122.98640000,517180.57970000,HIGH_VOLUME_NODE
93539.90000000,15.33600000,9.64200000,5.69400000,901912.68000000,532616.76000000,HIGH_VOLUME_NODE
93540.10000000,13.76300000,7.94900000,5.81400000,743550.60550000,543842.63290000,HIGH_VOLUME_NODE
93542.10000000,15.21700000,7.42200000,7.79500000,694270.08590000,729160.76330000,HIGH_VOLUME_NODE
93542.40000000,17.86600000,10.80600000,7.06000000,1010820.25500000,660410.05000000,HIGH_VOLUME_NODE
93542.60000000,26.25700000,20.16000000,6.09700000,1885819.25670000,570329.26100000,HIGH_VOLUME_NODE
93544.10000000,49.75100000,15.89100000,33.86000000,1486509.86620000,3167405.28140000,HIGH_VOLUME_NODE
93544.60000000,17.90100000,8.90200000,8.99900000,832734.36930000,841808.06830000,HIGH_VOLUME_NODE
93544.90000000,27.39100000,15.24300000,12.14800000,1425906.43500000,1136384.66000000,HIGH_VOLUME_NODE
93545.10000000,12.82100000,9.54600000,3.27500000,892982.06350000,306360.42590000,HIGH_VOLUME_NODE
93546.10000000,13.68300000,5.25800000,8.42500000,491865.51010000,788126.07970000,HIGH_VOLUME_NODE
93546.60000000,13.67100000,8.78200000,4.88900000,821526.74550000,457349.47610000,HIGH_VOLUME_NODE
93547.10000000,18.64100000,7.61900000,11.02200000,712735.82690000,1031077.07160000,HIGH_VOLUME_NODE
93547.60000000,15.30000000,6.38100000,8.91900000,596927.81630000,834351.50220000,HIGH_VOLUME_NODE
93547.80000000,12.64900000,8.78900000,3.86000000,822192.49310000,361094.89400000,HIGH_VOLUME_NODE
93549.60000000,16.64200000,8.28800000,8.35400000,775339.42040000,781513.68450000,HIGH_VOLUME_NODE
93549.80000000,27.22600000,9.33100000,17.89500000,872914.11690000,1674075.46050000,HIGH_VOLUME_NODE
93549.90000000,108.35300000,98.61700000,9.73600000,9225620.35000000,910802.80000000,HIGH_VOLUME_NODE
93550.10000000,19.66400000,10.55800000,9.10600000,987702.73210000,851867.27200000,HIGH_VOLUME_NODE
93551.10000000,15.17800000,7.33700000,7.84100000,686384.97630000,733534.46400000,HIGH_VOLUME_NODE
93551.80000000,12.18700000,4.35600000,7.83100000,407512.07640000,732604.92890000,HIGH_VOLUME_NODE
93552.10000000,16.13600000,5.92600000,10.21000000,554389.97280000,955167.69020000,HIGH_VOLUME_NODE
93552.60000000,18.36200000,5.52600000,12.83600000,516972.04020000,1200841.76010000,HIGH_VOLUME_NODE
93553.10000000,14.35600000,5.52400000,8.83200000,516787.49010000,826261.34660000,HIGH_VOLUME_NODE
93553.80000000,36.76400000,3.89900000,32.86500000,364766.65610000,3074648.92350000,HIGH_VOLUME_NODE
93554.60000000,16.93200000,12.27400000,4.65800000,1148289.73830000,435777.40740000,HIGH_VOLUME_NODE
93554.70000000,13.17700000,9.54000000,3.63700000,892512.79200000,340258.80760000,HIGH_VOLUME_NODE
93554.80000000,14.68900000,9.68600000,5.00300000,906172.76140000,468055.16470000,HIGH_VOLUME_NODE
93554.90000000,113.91800000,108.80500000,5.11300000,10179251.77500000,478346.71500000,HIGH_VOLUME_NODE
93557.10000000,16.46400000,4.92000000,11.54400000,460301.08760000,1080024.19740000,HIGH_VOLUME_NODE
93557.40000000,16.27400000,15.57900000,0.69500000,1457532.29250000,65022.46250000,HIGH_VOLUME_NODE
93557.80000000,14.19500000,1.22500000,12.97000000,114608.42750000,1213445.96300000,HIGH_VOLUME_NODE
93559.90000000,17.29000000,9.36400000,7.92600000,876095.84000000,741556.56000000,HIGH_VOLUME_NODE
93560.10000000,20.41600000,7.98800000,12.42800000,747358.58780000,1162765.47310000,HIGH_VOLUME_NODE
93562.10000000,26.51800000,7.49200000,19.02600000,700967.95890000,1780112.56030000,HIGH_VOLUME_NODE
93565.90000000,13.40400000,5.74600000,7.65800000,537630.23600000,716528.42800000,HIGH_VOLUME_NODE
93567.10000000,13.80500000,4.47400000,9.33100000,418619.34370000,873075.22730000,HIGH_VOLUME_NODE
93567.90000000,12.27500000,3.51500000,8.76000000,328891.52000000,819655.68000000,HIGH_VOLUME_NODE
93568.80000000,15.11600000,13.18500000,1.93100000,1233705.94650000,180681.54590000,HIGH_VOLUME_NODE
93569.10000000,12.21600000,2.15400000,10.06200000,201547.88640000,941493.03020000,HIGH_VOLUME_NODE
93572.60000000,18.18600000,12.87000000,5.31600000,1204279.96500000,497432.11330000,HIGH_VOLUME_NODE
93573.60000000,12.35900000,3.91000000,8.44900000,365873.07680000,790604.00010000,HIGH_VOLUME_NODE
93575.10000000,21.84600000,16.05400000,5.79200000,1502255.38660000,541987.43110000,HIGH_VOLUME_NODE
93579.90000000,12.77400000,8.93300000,3.84100000,835950.14000000,359440.78000000,HIGH_VOLUME_NODE
93580.10000000,13.91500000,5.38800000,8.52700000,504210.04320000,797957.63870000,HIGH_VOLUME_NODE
93580.70000000,23.54600000,11.32900000,12.21700000,1060176.88320000,1143276.63360000,HIGH_VOLUME_NODE
93581.90000000,13.28900000,12.92900000,0.36000000,1209921.67800000,33689.52000000,HIGH_VOLUME_NODE
93583.40000000,26.36500000,2.56900000,23.79600000,240416.01150000,2226912.96600000,HIGH_VOLUME_NODE
93583.60000000,17.67800000,7.93200000,9.74600000,742305.83900000,912066.08810000,HIGH_VOLUME_NODE
93583.80000000,16.24900000,3.34700000,12.90200000,313225.31330000,1207419.47780000,HIGH_VOLUME_NODE
93583.90000000,15.64500000,10.73900000,4.90600000,1004998.57600000,459123.10400000,HIGH_VOLUME_NODE
93584.20000000,16.70300000,0.93900000,15.76400000,87875.65770000,1475262.90520000,HIGH_VOLUME_NODE
93584.60000000,15.40500000,8.20600000,7.19900000,767955.98440000,673715.66000000,HIGH_VOLUME_NODE
93584.80000000,14.67000000,4.30000000,10.37000000,402415.07000000,970475.41300000,HIGH_VOLUME_NODE
93585.80000000,18.25800000,5.91100000,12.34700000,553186.25490000,1155505.10730000,HIGH_VOLUME_NODE
93586.60000000,14.35800000,8.72000000,5.63800000,816075.87410000,527641.58090000,HIGH_VOLUME_NODE
93586.80000000,15.08200000,12.33800000,2.74400000,1154675.17220000,256802.45360000,HIGH_VOLUME_NODE
93590.10000000,19.54600000,15.22500000,4.32100000,1424909.56510000,404403.13250000,HIGH_VOLUME_NODE
93590.90000000,20.44200000,6.75100000,13.69100000,631832.84100000,1281354.38100000,HIGH_VOLUME_NODE
93591.10000000,16.94200000,10.17500000,6.76700000,952289.59020000,633331.07470000,HIGH_VOLUME_NODE
93591.60000000,14.92300000,8.85200000,6.07100000,828473.57630000,568194.74710000,HIGH_VOLUME_NODE
93592.80000000,13.96100000,1.01200000,12.94900000,94716.01480000,1211934.46210000,HIGH_VOLUME_NODE
93593.60000000,21.42300000,8.51800000,12.90500000,797230.71720000,1207825.68280000,HIGH_VOLUME_NODE
93593.90000000,12.21700000,11.21900000,0.99800000,1050031.08600000,93406.81200000,HIGH_VOLUME_NODE
93594.10000000,20.37500000,18.01000000,2.36500000,1685630.10450000,221350.18130000,HIGH_VOLUME_NODE
93595.60000000,13.63400000,1.72500000,11.90900000,161452.51940000,1114630.77340000,HIGH_VOLUME_NODE
93595.80000000,13.17100000,5.16300000,8.00800000,483235.63170000,749515.96720000,HIGH_VOLUME_NODE
93596.60000000,16.79100000,7.18300000,9.60800000,672304.86500000,899276.86280000,HIGH_VOLUME_NODE
93596.70000000,23.67500000,22.77900000,0.89600000,2132041.50720000,83862.73280000,HIGH_VOLUME_NODE
93597.60000000,39.52900000,27.55000000,11.97900000,2578616.31190000,1121205.68040000,HIGH_VOLUME_NODE
93598.10000000,39.26800000,25.89500000,13.37300000,2423723.22140000,1251687.42550000,HIGH_VOLUME_NODE
93598.60000000,12.87400000,3.83000000,9.04400000,358482.89770000,846506.58200000,HIGH_VOLUME_NODE
93599.70000000,18.39700000,9.81500000,8.58200000,918682.03700000,803273.48360000,HIGH_VOLUME_NODE
93599.80000000,54.14500000,23.96900000,30.17600000,2243496.00310000,2824470.58240000,HIGH_VOLUME_NODE
93599.90000000,276.95100000,236.61700000,40.33400000,22147351.20000000,3775262.40000000,HIGH_VOLUME_NODE
93600.10000000,14.82900000,8.50700000,6.32200000,796256.25760000,591740.05620000,HIGH_VOLUME_NODE
93603.10000000,15.41500000,9.22400000,6.19100000,863394.99910000,579497.40660000,HIGH_VOLUME_NODE
93603.60000000,13.72900000,11.28600000,2.44300000,1056411.33350000,228673.60220000,HIGH_VOLUME_NODE
93605.60000000,18.30400000,12.69300000,5.61100000,1188135.95850000,525221.19640000,HIGH_VOLUME_NODE
93609.70000000,24.06400000,10.23400000,13.83000000,958002.69320000,1294623.53400000,HIGH_VOLUME_NODE
93614.80000000,12.38200000,4.15100000,8.23100000,388595.44990000,770544.24190000,HIGH_VOLUME_NODE
93617.60000000,15.16200000,6.58100000,8.58100000,616097.99400000,803333.25810000,HIGH_VOLUME_NODE
93617.70000000,14.95700000,3.03300000,11.92400000,283942.78740000,1116298.64720000,HIGH_VOLUME_NODE
93618.10000000,25.17200000,22.38900000,2.78300000,2096015.98060000,260539.33010000,HIGH_VOLUME_NODE
93619.90000000,36.91600000,4.58000000,32.33600000,428779.60000000,3027296.32000000,HIGH_VOLUME_NODE
93620.30000000,12.98900000,1.21000000,11.77900000,113280.68400000,1102754.69160000,HIGH_VOLUME_NODE
93620.80000000,16.47700000,0.75700000,15.72000000,70871.02130000,1471720.54800000,HIGH_VOLUME_NODE
93622.10000000,12.33500000,8.83600000,3.49900000,827245.46430000,327583.94320000,HIGH_VOLUME_NODE
93624.60000000,14.44900000,9.77300000,4.67600000,914993.88880000,437788.74920000,HIGH_VOLUME_NODE
93625.10000000,12.76100000,8.31300000,4.44800000,778305.71400000,416444.69520000,HIGH_VOLUME_NODE
93625.70000000,20.94600000,2.01000000,18.93600000,188187.85800000,1772898.14880000,HIGH_VOLUME_NODE
93626.80000000,19.68900000,0.65100000,19.03800000,60951.11190000,1782468.92220000,HIGH_VOLUME_NODE
93629.90000000,26.85200000,21.46200000,5.39000000,2009487.06000000,504665.70000000,HIGH_VOLUME_NODE
93631.20000000,12.90200000,9.89600000,3.00600000,926575.34480000,281455.68780000,HIGH_VOLUME_NODE
93631.90000000,15.88300000,6.35000000,9.53300000,594563.20000000,892593.85600000,HIGH_VOLUME_NODE
93632.10000000,15.79400000,7.41700000,8.37700000,694469.74310000,784356.72800000,HIGH_VOLUME_NODE
93634.90000000,21.14800000,1.93600000,19.21200000,181277.36000000,1798915.62000000,HIGH_VOLUME_NODE
93635.10000000,14.07800000,13.12200000,0.95600000,1228679.79470000,89515.20360000,HIGH_VOLUME_NODE
93637.10000000,28.76100000,25.77400000,2.98700000,2413403.72910000,279694.05840000,HIGH_VOLUME_NODE
93639.10000000,12.18800000,9.46500000,2.72300000,886294.18640000,254979.44350000,HIGH_VOLUME_NODE
93639.60000000,14.54200000,7.80600000,6.73600000,730950.94590000,630756.43430000,HIGH_VOLUME_NODE
93639.90000000,26.98800000,3.04600000,23.94200000,285227.44000000,2241928.88000000,HIGH_VOLUME_NODE
93640.10000000,13.68500000,10.71200000,2.97300000,1003073.13150000,278392.22440000,HIGH_VOLUME_NODE
93640.30000000,13.49700000,6.59400000,6.90300000,617464.79760000,646399.68120000,HIGH_VOLUME_NODE
93641.10000000,14.85400000,7.42500000,7.42900000,695285.22580000,695659.94790000,HIGH_VOLUME_NODE
93643.70000000,12.59200000,4.23000000,8.36200000,396113.27400000,783049.45560000,HIGH_VOLUME_NODE
93643.90000000,13.18800000,2.78200000,10.40600000,260517.60800000,974459.46400000,HIGH_VOLUME_NODE
93644.60000000,15.14000000,2.66400000,12.47600000,249469.46190000,1168310.60070000,HIGH_VOLUME_NODE
93644.90000000,14.63300000,11.50900000,3.12400000,1077760.30500000,292546.98000000,HIGH_VOLUME_NODE
93645.10000000,17.79300000,12.98400000,4.80900000,1215888.99950000,450339.32740000,HIGH_VOLUME_NODE
93648.40000000,13.35100000,1.86900000,11.48200000,175029.04650000,1075272.07700000,HIGH_VOLUME_NODE
93649.90000000,186.88300000,124.89000000,61.99300000,11695948.50000000,5805644.45000000,HIGH_VOLUME_NODE
93650.10000000,24.41700000,12.90100000,11.51600000,1208180.36580000,1078474.95270000,HIGH_VOLUME_NODE
93651.10000000,12.37500000,1.22600000,11.14900000,114816.34850000,1044116.86590000,HIGH_VOLUME_NODE
93652.40000000,15.02300000,0.41500000,14.60800000,38865.78750000,1368075.72000000,HIGH_VOLUME_NODE
93653.10000000,13.06700000,9.92400000,3.14300000,929413.54580000,294351.87680000,HIGH_VOLUME_NODE
93653.60000000,13.95900000,5.87100000,8.08800000,549840.35630000,757470.59090000,HIGH_VOLUME_NODE
93653.70000000,13.24600000,9.21400000,4.03200000,862926.11320000,377612.12160000,HIGH_VOLUME_NODE
93657.10000000,14.80000000,7.86000000,6.94000000,736145.53910000,649980.80220000,HIGH_VOLUME_NODE
93659.10000000,12.60500000,9.92600000,2.67900000,929661.06550000,250912.84620000,HIGH_VOLUME_NODE
93659.80000000,16.59500000,11.82700000,4.76800000,1107715.63730000,446570.40320000,HIGH_VOLUME_NODE
93659.90000000,27.39000000,11.87100000,15.51900000,1111837.86000000,1453509.54000000,HIGH_VOLUME_NODE
93660.10000000,13.78800000,11.41100000,2.37700000,1068755.48500000,222630.13570000,HIGH_VOLUME_NODE
93662.20000000,16.13300000,8.57100000,7.56200000,802779.57330000,708274.31260000,HIGH_VOLUME_NODE
93662.80000000,12.64700000,6.01300000,6.63400000,563195.01770000,621359.67860000,HIGH_VOLUME_NODE
93663.80000000,17.66400000,6.20400000,11.46000000,581090.83560000,1073388.29400000,HIGH_VOLUME_NODE
93663.90000000,13.00000000,2.15000000,10.85000000,201377.60000000,1016254.40000000,HIGH_VOLUME_NODE
93665.10000000,15.20400000,10.67800000,4.52600000,1000156.14860000,423928.35460000,HIGH_VOLUME_NODE
93665.40000000,12.61100000,10.66500000,1.94600000,998942.55750000,182273.06300000,HIGH_VOLUME_NODE
93665.60000000,19.10900000,5.38200000,13.72700000,504108.43280000,1285748.53420000,HIGH_VOLUME_NODE
93665.90000000,21.20600000,12.41200000,8.79400000,1162582.39200000,823698.80400000,HIGH_VOLUME_NODE
93666.10000000,22.73200000,20.57400000,2.15800000,1927086.41600000,202131.65450000,HIGH_VOLUME_NODE
93668.80000000,21.44000000,2.86600000,18.57400000,268455.06740000,1739806.14860000,HIGH_VOLUME_NODE
93672.10000000,12.63600000,5.07200000,7.56400000,475105.20500000,708535.80490000,HIGH_VOLUME_NODE
93672.20000000,16.69200000,11.04100000,5.65100000,1034235.86430000,529342.16730000,HIGH_VOLUME_NODE
93676.10000000,25.18800000,10.96800000,14.22000000,1027440.02510000,1332075.16660000,HIGH_VOLUME_NODE
93676.90000000,13.78700000,8.11900000,5.66800000,760563.56300000,530961.23600000,HIGH_VOLUME_NODE
93677.10000000,16.69600000,10.16200000,6.53400000,951947.35230000,612086.52250000,HIGH_VOLUME_NODE
93678.30000000,18.36800000,13.22500000,5.14300000,1238896.84000000,481788.01120000,HIGH_VOLUME_NODE
93679.90000000,23.85500000,4.41800000,19.43700000,413878.24000000,1820858.16000000,HIGH_VOLUME_NODE
93681.60000000,18.79700000,9.11900000,9.67800000,854282.75000000,906650.53720000,HIGH_VOLUME_NODE
93688.10000000,16.99300000,7.00000000,9.99300000,655816.98650000,936225.20990000,HIGH_VOLUME_NODE
93689.60000000,14.51400000,2.79400000,11.72000000,261768.79240000,1098042.84980000,HIGH_VOLUME_NODE
93692.10000000,13.29100000,12.78300000,0.50800000,1197666.12920000,47595.59990000,HIGH_VOLUME_NODE
93694.10000000,36.48000000,6.62100000,29.85900000,620349.25780000,2797613.69620000,HIGH_VOLUME_NODE
93694.60000000,29.71600000,17.33200000,12.38400000,1623916.21400000,1160314.72850000,HIGH_VOLUME_NODE
93699.10000000,12.48600000,11.62800000,0.85800000,1089533.29680000,80393.86910000,HIGH_VOLUME_NODE
93699.80000000,28.04100000,6.72900000,21.31200000,630506.62710000,1996932.26880000,HIGH_VOLUME_NODE
93699.90000000,253.38500000,83.23900000,170.14600000,7799494.30000000,15942680.20000000,HIGH_VOLUME_NODE
93700.10000000,35.59500000,15.20000000,20.39500000,1424241.69350000,1911013.61980000,HIGH_VOLUME_NODE
93702.60000000,32.96200000,27.62900000,5.33300000,2588909.39140000,499716.31930000,HIGH_VOLUME_NODE
93702.90000000,17.39000000,0.57400000,16.81600000,53785.52200000,1575709.64800000,HIGH_VOLUME_NODE
93703.10000000,21.30000000,10.84700000,10.45300000,1016397.78880000,979478.60460000,HIGH_VOLUME_NODE
93704.90000000,13.66600000,5.43300000,8.23300000,509099.26500000,771473.26500000,HIGH_VOLUME_NODE
93706.80000000,32.93600000,0.93200000,32.00400000,87334.83080000,2998995.62760000,HIGH_VOLUME_NODE
93707.10000000,19.54700000,16.83100000,2.71600000,1577185.64920000,254508.64120000,HIGH_VOLUME_NODE
93707.60000000,18.86900000,3.61000000,15.25900000,338284.76350000,1429885.76600000,HIGH_VOLUME_NODE
93708.10000000,17.18900000,12.84800000,4.34100000,1203961.83340000,406787.09890000,HIGH_VOLUME_NODE
93708.80000000,18.16000000,5.89300000,12.26700000,552226.54770000,1149527.07630000,HIGH_VOLUME_NODE
93709.10000000,19.80600000,14.04600000,5.76000000,1316238.18750000,539764.63320000,HIGH_VOLUME_NODE
93710.10000000,16.83700000,6.56100000,10.27600000,614832.19740000,962965.83100000,HIGH_VOLUME_NODE
93710.90000000,14.08800000,6.61700000,7.47100000,620085.68700000,700114.88100000,HIGH_VOLUME_NODE
93713.10000000,32.75400000,10.21700000,22.53700000,957467.26020000,2112013.56290000,HIGH_VOLUME_NODE
93715.90000000,17.45000000,5.43900000,12.01100000,509721.32400000,1125622.87600000,HIGH_VOLUME_NODE
93716.10000000,14.03400000,4.06800000,9.96600000,381237.10670000,933975.45720000,HIGH_VOLUME_NODE
93716.40000000,12.79300000,0.56700000,12.22600000,53137.25550000,1145777.92900000,HIGH_VOLUME_NODE
93717.90000000,12.66700000,5.17300000,7.49400000,484803.21400000,702322.69200000,HIGH_VOLUME_NODE
93718.60000000,24.56200000,13.66400000,10.89800000,1280571.38070000,1021345.59460000,HIGH_VOLUME_NODE
93719.60000000,21.81700000,6.80300000,15.01400000,637575.09560000,1407106.19410000,HIGH_VOLUME_NODE
93719.90000000,32.98200000,5.54100000,27.44100000,519302.52000000,2571770.52000000,HIGH_VOLUME_NODE
93721.10000000,12.46100000,6.57400000,5.88700000,616122.80710000,551736.34470000,HIGH_VOLUME_NODE
93722.30000000,19.36400000,18.69500000,0.66900000,1752140.26800000,62700.28560000,HIGH_VOLUME_NODE
93722.60000000,21.15800000,14.76300000,6.39500000,1383627.51750000,599356.62040000,HIGH_VOLUME_NODE
93723.60000000,21.79800000,7.95700000,13.84100000,745759.03300000,1297229.13430000,HIGH_VOLUME_NODE
93724.80000000,21.77200000,8.23700000,13.53500000,772012.00130000,1268566.52150000,HIGH_VOLUME_NODE
93724.90000000,24.85800000,19.24900000,5.60900000,1804112.52500000,525703.52500000,HIGH_VOLUME_NODE
93728.60000000,19.14800000,15.68600000,3.46200000,1470226.96120000,324488.46650000,HIGH_VOLUME_NODE
93729.30000000,15.10500000,12.49000000,2.61500000,1170680.20600000,245102.38100000,HIGH_VOLUME_NODE
93729.90000000,17.28700000,11.31100000,5.97600000,1060180.03000000,560130.48000000,HIGH_VOLUME_NODE
93730.10000000,29.70900000,27.53300000,2.17600000,2580671.01630000,203956.72270000,HIGH_VOLUME_NODE
93734.10000000,26.31900000,10.47600000,15.84300000,981959.19210000,1485030.66100000,HIGH_VOLUME_NODE
93735.20000000,13.50700000,7.01300000,6.49400000,657365.65890000,608717.03820000,HIGH_VOLUME_NODE
93736.60000000,22.78900000,14.74900000,8.04000000,1382522.37470000,753642.39520000,HIGH_VOLUME_NODE
93740.10000000,14.55800000,13.46700000,1.09100000,1262398.26910000,102270.54480000,HIGH_VOLUME_NODE
93742.10000000,17.00100000,13.00700000,3.99400000,1219304.72270000,374406.09160000,HIGH_VOLUME_NODE
93744.10000000,14.05800000,12.09100000,1.96700000,1133460.16060000,184394.67480000,HIGH_VOLUME_NODE
93745.70000000,13.88000000,8.40000000,5.48000000,787464.72000000,513726.98400000,HIGH_VOLUME_NODE
93746.10000000,25.73900000,15.88900000,9.85000000,1489532.08920000,923399.72970000,HIGH_VOLUME_NODE
93746.90000000,12.40900000,11.54100000,0.86800000,1081934.12700000,81372.39600000,HIGH_VOLUME_NODE
93749.90000000,59.45700000,30.20300000,29.25400000,2831531.25000000,2742562.50000000,HIGH_VOLUME_NODE
93750.10000000,17.79100000,16.89600000,0.89500000,1584001.71190000,83906.37860000,HIGH_VOLUME_NODE
93752.10000000,13.96400000,0.41200000,13.55200000,38625.88000000,1270529.46580000,HIGH_VOLUME_NODE
93754.80000000,23.82100000,1.22900000,22.59200000,115224.77210000,2118110.70080000,HIGH_VOLUME_NODE
93758.10000000,12.49300000,5.07300000,7.42000000,475635.18430000,695685.23370000,HIGH_VOLUME_NODE
93759.60000000,13.77800000,12.71600000,1.06200000,1192247.39150000,99572.73880000,HIGH_VOLUME_NODE
93759.80000000,16.85000000,6.32300000,10.52700000,592843.84770000,987010.46730000,HIGH_VOLUME_NODE
93759.90000000,70.77300000,63.87600000,6.89700000,5989013.76000000,646662.72000000,HIGH_VOLUME_NODE
93760.60000000,12.23500000,6.17300000,6.06200000,578784.48110000,568377.19960000,HIGH_VOLUME_NODE
93761.80000000,53.13100000,39.58500000,13.54600000,3711564.81150000,1270098.69740000,HIGH_VOLUME_NODE
93762.40000000,19.33400000,0.68900000,18.64500000,64602.36250000,1748201.81250000,HIGH_VOLUME_NODE
93762.60000000,15.51300000,11.52400000,3.98900000,1080520.34810000,374019.24220000,HIGH_VOLUME_NODE
93765.90000000,15.13700000,7.07800000,8.05900000,663675.74800000,755660.19400000,HIGH_VOLUME_NODE
93766.10000000,14.12400000,8.45400000,5.67000000,792698.63720000,531654.21370000,HIGH_VOLUME_NODE
93773.80000000,12.83400000,0.34800000,12.48600000,32633.31720000,1170860.91540000,HIGH_VOLUME_NODE
93773.90000000,12.57100000,8.16400000,4.40700000,765570.93600000,413262.01800000,HIGH_VOLUME_NODE
93774.90000000,13.43700000,5.97000000,7.46700000,559836.75000000,700217.92500000,HIGH_VOLUME_NODE
93775.70000000,73.62500000,6.48900000,67.13600000,608511.16620000,6295732.10880000,HIGH_VOLUME_NODE
93775.80000000,25.12700000,24.45000000,0.67700000,2292820.75500000,63486.28430000,HIGH_VOLUME_NODE
93777.10000000,13.55300000,5.14900000,8.40400000,482858.47950000,788103.10680000,HIGH_VOLUME_NODE
93779.40000000,14.79200000,8.26100000,6.53100000,774712.44950000,612473.91450000,HIGH_VOLUME_NODE
93779.90000000,16.91000000,11.50600000,5.40400000,1079032.68000000,506787.12000000,HIGH_VOLUME_NODE
93780.40000000,23.97200000,4.10400000,19.86800000,384875.17200000,1863230.97400000,HIGH_VOLUME_NODE
93780.60000000,14.14000000,6.14500000,7.99500000,576281.89240000,749776.54300000,HIGH_VOLUME_NODE
93781.60000000,12.49500000,6.26500000,6.23000000,587542.07510000,584259.45400000,HIGH_VOLUME_NODE
93781.80000000,25.33900000,18.49800000,6.84100000,1734777.58620000,641561.97790000,HIGH_VOLUME_NODE
93782.60000000,16.04400000,7.96900000,8.07500000,747354.30730000,757294.60240000,HIGH_VOLUME_NODE
93784.60000000,17.31300000,7.67000000,9.64300000,719328.07260000,904365.02340000,HIGH_VOLUME_NODE
93785.60000000,17.82900000,8.37400000,9.45500000,785360.94610000,886743.60710000,HIGH_VOLUME_NODE
93785.90000000,17.23500000,10.29100000,6.94400000,965151.72600000,651249.98400000,HIGH_VOLUME_NODE
93786.10000000,16.64700000,14.96200000,1.68500000,1403228.08950000,158029.61490000,HIGH_VOLUME_NODE
93787.70000000,18.36100000,0.25000000,18.11100000,23446.95000000,1698590.84580000,HIGH_VOLUME_NODE
93787.90000000,21.74700000,9.11300000,12.63400000,854690.04400000,1184917.59200000,HIGH_VOLUME_NODE
93788.10000000,12.54600000,8.38400000,4.16200000,786319.48440000,390346.34090000,HIGH_VOLUME_NODE
93789.80000000,13.72300000,4.34800000,9.37500000,407798.48520000,879280.31250000,HIGH_VOLUME_NODE
93794.60000000,20.69100000,3.87400000,16.81700000,363360.66260000,1577345.28390000,HIGH_VOLUME_NODE
93799.80000000,35.83700000,2.54300000,33.29400000,238533.14570000,3122973.87060000,HIGH_VOLUME_NODE
93799.90000000,158.91600000,88.41700000,70.49900000,8293514.60000000,6612806.20000000,HIGH_VOLUME_NODE
93800.10000000,16.72800000,15.22200000,1.50600000,1427825.16800000,141263.03760000,HIGH_VOLUME_NODE
93800.90000000,15.93400000,3.65900000,12.27500000,343217.85900000,1151407.27500000,HIGH_VOLUME_NODE
93802.40000000,16.27200000,3.93000000,12.34200000,368643.82500000,1157710.45500000,HIGH_VOLUME_NODE
93803.10000000,13.15000000,5.24500000,7.90500000,491997.76520000,741513.90730000,HIGH_VOLUME_NODE
93803.60000000,29.17000000,14.32400000,14.84600000,1343644.15590000,1392608.34520000,HIGH_VOLUME_NODE
93806.10000000,14.83400000,12.44500000,2.38900000,1167418.11900000,224102.79880000,HIGH_VOLUME_NODE
93816.30000000,12.69100000,0.30100000,12.39000000,28238.73640000,1162385.19600000,HIGH_VOLUME_NODE
93819.90000000,23.77400000,8.66900000,15.10500000,813325.58000000,1417151.10000000,HIGH_VOLUME_NODE
93823.90000000,13.59700000,13.26600000,0.33100000,1244669.18400000,31055.74400000,HIGH_VOLUME_NODE
93832.70000000,13.76200000,10.74900000,3.01300000,1008608.76720000,282718.22640000,HIGH_VOLUME_NODE
93836.30000000,25.97000000,12.04400000,13.92600000,1130165.60160000,1306765.70640000,HIGH_VOLUME_NODE
93839.10000000,15.51700000,1.77100000,13.74600000,166189.19680000,1289913.12320000,HIGH_VOLUME_NODE
93842.20000000,17.90800000,14.49600000,3.41200000,1360337.98080000,320189.92760000,HIGH_VOLUME_NODE
93849.90000000,197.89100000,22.31700000,175.57400000,2094450.45000000,16477619.90000000,HIGH_VOLUME_NODE
93850.10000000,16.28300000,11.54600000,4.73700000,1083593.45850000,444568.21400000,HIGH_VOLUME_NODE
93855.10000000,17.19000000,12.36700000,4.82300000,1160706.73680000,452663.50670000,HIGH_VOLUME_NODE
93860.10000000,15.32500000,6.98300000,8.34200000,655425.35560000,782981.29840000,HIGH_VOLUME_NODE
93879.80000000,17.49100000,4.09100000,13.40000000,384062.67090000,1257990.66000000,HIGH_VOLUME_NODE
93879.90000000,22.86400000,17.87600000,4.98800000,1678198.88000000,468273.44000000,HIGH_VOLUME_NODE
93880.90000000,18.51000000,16.50200000,2.00800000,1549224.26200000,188513.04800000,HIGH_VOLUME_NODE
93882.40000000,14.53900000,8.39200000,6.14700000,787861.94000000,577095.72750000,HIGH_VOLUME_NODE
93887.90000000,31.81300000,30.41300000,1.40000000,2855415.74400000,131443.20000000,HIGH_VOLUME_NODE
93889.90000000,16.29000000,8.84000000,7.45000000,829987.60000000,699480.50000000,HIGH_VOLUME_NODE
93896.90000000,12.50100000,0.24000000,12.26100000,22535.28000000,1151271.11700000,HIGH_VOLUME_NODE
93897.10000000,12.34600000,10.17300000,2.17300000,955215.61270000,204038.41590000,HIGH_VOLUME_NODE
93899.80000000,19.09600000,1.87300000,17.22300000,175874.51270000,1617237.97770000,HIGH_VOLUME_NODE
93899.90000000,86.71300000,72.99800000,13.71500000,6854512.20000000,1287838.50000000,HIGH_VOLUME_NODE
93903.40000000,23.15100000,8.53500000,14.61600000,801466.37250000,1372493.55600000,HIGH_VOLUME_NODE
93905.80000000,12.37200000,0.07600000,12.29600000,7136.84840000,1154666.94640000,HIGH_VOLUME_NODE
93912.10000000,13.77500000,13.11300000,0.66200000,1231469.39790000,62169.86430000,HIGH_VOLUME_NODE
93938.60000000,13.77400000,5.47500000,8.29900000,514314.37860000,779596.45080000,HIGH_VOLUME_NODE
93943.60000000,50.04300000,49.60600000,0.43700000,4660166.23650000,41053.37020000,HIGH_VOLUME_NODE
93949.90000000,16.23700000,10.51000000,5.72700000,987414.50000000,538051.65000000,HIGH_VOLUME_NODE
93961.60000000,13.49300000,7.16400000,6.32900000,673141.25380000,594683.50390000,HIGH_VOLUME_NODE
93965.60000000,23.00200000,16.77700000,6.22500000,1576461.45220000,584935.86110000,HIGH_VOLUME_NODE
93978.10000000,17.25500000,11.20400000,6.05100000,1052931.38000000,568661.48620000,HIGH_VOLUME_NODE
93987.90000000,13.50000000,5.08600000,8.41400000,478022.96800000,790815.03200000,HIGH_VOLUME_NODE
93999.70000000,16.64000000,10.64500000,5.99500000,1000627.87100000,563528.80100000,HIGH_VOLUME_NODE
93999.80000000,35.10500000,23.84700000,11.25800000,2241615.61530000,1058250.87420000,HIGH_VOLUME_NODE
93999.90000000,244.22100000,238.73500000,5.48600000,22441090.00000000,515684.00000000,HIGH_VOLUME_NODE
