price,total_volume,buy_volume,sell_volume,buy_value,sell_value,node_type
90954.70000000,0.00400000,0.00000000,0.00400000,0.00000000,363.81920000,LOW_VOLUME_NODE
90954.90000000,0.02100000,0.00000000,0.02100000,0.00000000,1910.05500000,LOW_VOLUME_NODE
90955.10000000,0.05400000,0.00000000,0.05400000,0.00000000,4911.58060000,LOW_VOLUME_NODE
90955.20000000,0.00200000,0.00000000,0.00200000,0.00000000,181.91060000,LOW_VOLUME_NODE
90955.30000000,0.00200000,0.00000000,0.00200000,0.00000000,181.91080000,LOW_VOLUME_NODE
90955.60000000,0.02400000,0.00000000,0.02400000,0.00000000,2182.93650000,LOW_VOLUME_NODE
90955.70000000,0.00400000,0.00000000,0.00400000,0.00000000,363.82320000,LOW_VOLUME_NODE
90955.80000000,0.00200000,0.00000000,0.00200000,0.00000000,181.91180000,LOW_VOLUME_NODE
90955.90000000,0.01200000,0.00000000,0.01200000,0.00000000,1091.47200000,LOW_VOLUME_NODE
90956.10000000,0.00300000,0.00000000,0.00300000,0.00000000,272.86860000,LOW_VOLUME_NODE
90956.20000000,0.00200000,0.00000000,0.00200000,0.00000000,181.91260000,LOW_VOLUME_NODE
90956.60000000,0.00500000,0.00000000,0.00500000,0.00000000,454.78330000,LOW_VOLUME_NODE
90956.70000000,0.03900000,0.00000000,0.03900000,0.00000000,3547.31520000,LOW_VOLUME_NODE
90956.80000000,0.00200000,0.00000000,0.00200000,0.00000000,181.91380000,LOW_VOLUME_NODE
90956.90000000,0.00200000,0.00000000,0.00200000,0.00000000,181.91400000,LOW_VOLUME_NODE
90957.30000000,0.12300000,0.12300000,0.00000000,11187.76020000,0.00000000,LOW_VOLUME_NODE
90957.60000000,0.03500000,0.00300000,0.03200000,272.87280000,2910.64530000,LOW_VOLUME_NODE
90957.70000000,0.02700000,0.00000000,0.02700000,0.00000000,2455.86060000,LOW_VOLUME_NODE
90957.80000000,0.03700000,0.00000000,0.03700000,0.00000000,3365.44230000,LOW_VOLUME_NODE
90957.90000000,0.01700000,0.00400000,0.01300000,363.83200000,1182.45400000,LOW_VOLUME_NODE
90958.10000000,0.03500000,0.00300000,0.03200000,272.87430000,2910.66130000,LOW_VOLUME_NODE
90958.20000000,0.00600000,0.00000000,0.00600000,0.00000000,545.74980000,LOW_VOLUME_NODE
90958.60000000,0.02900000,0.00600000,0.02300000,545.75160000,2092.04810000,LOW_VOLUME_NODE
90958.70000000,0.03100000,0.02900000,0.00200000,2637.80520000,181.91760000,LOW_VOLUME_NODE
90958.80000000,0.00900000,0.00700000,0.00200000,636.71230000,181.91780000,LOW_VOLUME_NODE
90958.90000000,0.00200000,0.00000000,0.00200000,0.00000000,181.91800000,LOW_VOLUME_NODE
90959.10000000,0.02000000,0.00400000,0.01600000,363.83660000,1455.34620000,LOW_VOLUME_NODE
90959.30000000,0.05900000,0.05900000,0.00000000,5366.60460000,0.00000000,LOW_VOLUME_NODE
90959.40000000,0.00900000,0.00000000,0.00900000,0.00000000,818.63550000,LOW_VOLUME_NODE
90959.60000000,0.05100000,0.00300000,0.04800000,272.87880000,4366.06470000,LOW_VOLUME_NODE
90959.90000000,0.19200000,0.00000000,0.19200000,0.00000000,17464.32000000,LOW_VOLUME_NODE
90960.10000000,0.13600000,0.00300000,0.13300000,272.88060000,12097.69780000,LOW_VOLUME_NODE
90960.20000000,0.00200000,0.00200000,0.00000000,181.92060000,0.00000000,LOW_VOLUME_NODE
90960.30000000,0.09300000,0.00300000,0.09000000,272.88120000,8186.43600000,LOW_VOLUME_NODE
90960.40000000,0.00300000,0.00000000,0.00300000,0.00000000,272.88150000,LOW_VOLUME_NODE
90960.60000000,0.01100000,0.00300000,0.00800000,272.88210000,727.68560000,LOW_VOLUME_NODE
90960.70000000,0.00800000,0.00000000,0.00800000,0.00000000,727.68640000,LOW_VOLUME_NODE
90960.80000000,0.00200000,0.00000000,0.00200000,0.00000000,181.92180000,LOW_VOLUME_NODE
90960.90000000,0.08800000,0.00000000,0.08800000,0.00000000,8004.56800000,LOW_VOLUME_NODE
90961.10000000,0.33900000,0.33600000,0.00300000,30562.96320000,272.88360000,LOW_VOLUME_NODE
90961.20000000,0.00600000,0.00000000,0.00600000,0.00000000,545.76780000,LOW_VOLUME_NODE
90961.30000000,0.00900000,0.00000000,0.00900000,0.00000000,818.65260000,LOW_VOLUME_NODE
90961.40000000,0.02800000,0.00000000,0.02800000,0.00000000,2546.92200000,LOW_VOLUME_NODE
90961.60000000,0.01300000,0.00000000,0.01300000,0.00000000,1182.50160000,LOW_VOLUME_NODE
90961.70000000,0.04900000,0.00200000,0.04700000,181.92360000,4275.20460000,LOW_VOLUME_NODE
90962.10000000,0.02300000,0.00000000,0.02300000,0.00000000,2092.12940000,LOW_VOLUME_NODE
90962.20000000,0.33100000,0.00000000,0.33100000,0.00000000,30108.52130000,LOW_VOLUME_NODE
90962.40000000,0.02000000,0.00200000,0.01800000,181.92500000,1637.32500000,LOW_VOLUME_NODE
90962.60000000,0.00900000,0.00000000,0.00900000,0.00000000,818.66400000,LOW_VOLUME_NODE
90962.70000000,0.00400000,0.00000000,0.00400000,0.00000000,363.85120000,LOW_VOLUME_NODE
90962.80000000,0.08400000,0.00300000,0.08100000,272.88870000,7367.99490000,LOW_VOLUME_NODE
90962.90000000,0.18100000,0.09500000,0.08600000,8641.48500000,7822.81800000,LOW_VOLUME_NODE
90963.10000000,0.14000000,0.03600000,0.10400000,3274.67470000,9460.16400000,LOW_VOLUME_NODE
90963.20000000,0.02000000,0.01600000,0.00400000,1455.41280000,363.85320000,LOW_VOLUME_NODE
90963.30000000,0.02200000,0.00600000,0.01600000,545.78040000,1455.41440000,LOW_VOLUME_NODE
90963.40000000,0.00700000,0.00000000,0.00700000,0.00000000,636.74450000,LOW_VOLUME_NODE
90963.60000000,0.14000000,0.01200000,0.12800000,1091.56380000,11643.34170000,LOW_VOLUME_NODE
90963.70000000,0.00700000,0.00500000,0.00200000,454.81900000,181.92760000,LOW_VOLUME_NODE
90963.80000000,0.03300000,0.02700000,0.00600000,2456.02530000,545.78340000,LOW_VOLUME_NODE
90963.90000000,0.00800000,0.00200000,0.00600000,181.92800000,545.78400000,LOW_VOLUME_NODE
90964.10000000,0.14800000,0.00300000,0.14500000,272.89230000,13189.80880000,LOW_VOLUME_NODE
90964.20000000,0.02000000,0.00300000,0.01700000,272.89290000,1546.39310000,LOW_VOLUME_NODE
90964.30000000,0.05600000,0.00300000,0.05300000,272.89320000,4821.11320000,LOW_VOLUME_NODE
90964.70000000,0.00500000,0.00300000,0.00200000,272.89440000,181.92960000,LOW_VOLUME_NODE
90964.80000000,0.00800000,0.00500000,0.00300000,454.82450000,272.89470000,LOW_VOLUME_NODE
90964.90000000,0.39800000,0.38300000,0.01500000,34839.59500000,1364.47500000,LOW_VOLUME_NODE
90965.20000000,0.00500000,0.00300000,0.00200000,272.89590000,181.93060000,LOW_VOLUME_NODE
90965.30000000,0.00900000,0.00300000,0.00600000,272.89620000,545.79240000,LOW_VOLUME_NODE
90965.40000000,0.09300000,0.00000000,0.09300000,0.00000000,8459.79150000,LOW_VOLUME_NODE
90965.70000000,0.01000000,0.00000000,0.01000000,0.00000000,909.65800000,LOW_VOLUME_NODE
90965.80000000,0.00800000,0.00600000,0.00200000,545.79540000,181.93180000,LOW_VOLUME_NODE
90965.90000000,0.02100000,0.00400000,0.01700000,363.86400000,1546.42200000,LOW_VOLUME_NODE
90966.10000000,0.03000000,0.01300000,0.01700000,1182.56000000,1546.42400000,LOW_VOLUME_NODE
90966.20000000,0.00700000,0.00300000,0.00400000,272.89890000,363.86520000,LOW_VOLUME_NODE
90966.30000000,0.21600000,0.00500000,0.21100000,454.83200000,19193.91040000,LOW_VOLUME_NODE
90966.40000000,0.00500000,0.00000000,0.00500000,0.00000000,454.83250000,LOW_VOLUME_NODE
90966.60000000,0.30200000,0.29200000,0.01000000,26562.24740000,909.66700000,LOW_VOLUME_NODE
90966.70000000,0.00300000,0.00300000,0.00000000,272.90040000,0.00000000,LOW_VOLUME_NODE
90966.80000000,0.01400000,0.00300000,0.01100000,272.90070000,1000.63590000,LOW_VOLUME_NODE
90966.90000000,0.09800000,0.00500000,0.09300000,454.83500000,8459.93100000,LOW_VOLUME_NODE
90967.20000000,0.18400000,0.18100000,0.00300000,16465.08130000,272.90190000,LOW_VOLUME_NODE
90967.40000000,0.33900000,0.31800000,0.02100000,28927.66500000,1910.31750000,LOW_VOLUME_NODE
90967.60000000,0.09000000,0.01100000,0.07900000,1000.64390000,7186.44200000,LOW_VOLUME_NODE
90967.80000000,0.04400000,0.01400000,0.03000000,1273.55060000,2729.03700000,LOW_VOLUME_NODE
90967.90000000,0.03000000,0.00500000,0.02500000,454.84000000,2274.20000000,LOW_VOLUME_NODE
90968.10000000,0.02100000,0.01300000,0.00800000,1182.58660000,727.74510000,LOW_VOLUME_NODE
90968.20000000,0.16500000,0.00000000,0.16500000,0.00000000,15009.76950000,LOW_VOLUME_NODE
90968.30000000,0.01100000,0.00600000,0.00500000,545.81040000,454.84200000,LOW_VOLUME_NODE
90968.40000000,0.01000000,0.00300000,0.00700000,272.90550000,636.77950000,LOW_VOLUME_NODE
90968.60000000,0.07700000,0.01200000,0.06500000,1091.62440000,5912.96440000,LOW_VOLUME_NODE
90968.70000000,0.14600000,0.00000000,0.14600000,0.00000000,13281.44480000,LOW_VOLUME_NODE
90968.80000000,0.02500000,0.02000000,0.00500000,1819.37800000,454.84450000,LOW_VOLUME_NODE
90968.90000000,0.15400000,0.04900000,0.10500000,4457.48100000,9551.74500000,LOW_VOLUME_NODE
90969.20000000,0.06000000,0.02100000,0.03900000,1910.35530000,3547.80270000,LOW_VOLUME_NODE
90969.60000000,0.12400000,0.07800000,0.04600000,7095.63580000,4184.60240000,LOW_VOLUME_NODE
90969.70000000,0.00600000,0.00300000,0.00300000,272.90940000,272.90940000,LOW_VOLUME_NODE
90969.80000000,0.04600000,0.03600000,0.01000000,3274.91640000,909.69900000,LOW_VOLUME_NODE
90970.10000000,0.10900000,0.01900000,0.09000000,1728.43360000,8187.31200000,LOW_VOLUME_NODE
90970.20000000,0.46800000,0.36300000,0.10500000,33022.21890000,9551.88150000,LOW_VOLUME_NODE
90970.30000000,0.04400000,0.01700000,0.02700000,1546.49680000,2456.20080000,LOW_VOLUME_NODE
90970.40000000,0.05800000,0.04500000,0.01300000,4093.67250000,1182.61650000,LOW_VOLUME_NODE
90970.70000000,0.23400000,0.00800000,0.22600000,727.76640000,20559.40080000,LOW_VOLUME_NODE
90970.80000000,0.01800000,0.00700000,0.01100000,636.79630000,1000.67990000,LOW_VOLUME_NODE
90971.10000000,0.50800000,0.37800000,0.13000000,34387.07730000,11826.24400000,LOW_VOLUME_NODE
90971.30000000,0.04700000,0.01000000,0.03700000,909.71400000,3365.94180000,LOW_VOLUME_NODE
90971.40000000,0.00400000,0.00000000,0.00400000,0.00000000,363.88600000,LOW_VOLUME_NODE
90971.60000000,0.05200000,0.01000000,0.04200000,909.71680000,3820.80780000,LOW_VOLUME_NODE
90971.70000000,0.09700000,0.00300000,0.09400000,272.91540000,8551.34920000,LOW_VOLUME_NODE
90971.90000000,0.40100000,0.02900000,0.37200000,2638.18800000,33841.58400000,LOW_VOLUME_NODE
90972.10000000,0.03300000,0.02200000,0.01100000,2001.38790000,1000.69340000,LOW_VOLUME_NODE
90972.20000000,0.01500000,0.00500000,0.01000000,454.86150000,909.72300000,LOW_VOLUME_NODE
90972.70000000,0.11200000,0.00000000,0.11200000,0.00000000,10188.95360000,LOW_VOLUME_NODE
90972.80000000,0.05200000,0.00800000,0.04400000,727.78320000,4002.80760000,LOW_VOLUME_NODE
90972.90000000,0.06900000,0.00700000,0.06200000,636.81100000,5640.32600000,LOW_VOLUME_NODE
90973.20000000,0.04700000,0.00800000,0.03900000,727.78640000,3547.95870000,LOW_VOLUME_NODE
90973.30000000,0.00800000,0.00600000,0.00200000,545.84040000,181.94680000,LOW_VOLUME_NODE
90973.40000000,0.05900000,0.00400000,0.05500000,363.89400000,5003.54250000,LOW_VOLUME_NODE
90973.60000000,0.03500000,0.00700000,0.02800000,636.81560000,2547.26200000,LOW_VOLUME_NODE
90973.70000000,0.09800000,0.00000000,0.09800000,0.00000000,8915.43240000,LOW_VOLUME_NODE
90973.80000000,0.02300000,0.02100000,0.00200000,1910.45190000,181.94780000,LOW_VOLUME_NODE
90973.90000000,0.01300000,0.00600000,0.00700000,545.84400000,636.81800000,LOW_VOLUME_NODE
90974.20000000,0.36800000,0.22000000,0.14800000,20014.34600000,13464.19640000,LOW_VOLUME_NODE
90974.30000000,0.06500000,0.06100000,0.00400000,5549.43840000,363.89760000,LOW_VOLUME_NODE
90974.40000000,0.06900000,0.00300000,0.06600000,272.92350000,6004.31700000,LOW_VOLUME_NODE
90974.60000000,0.03400000,0.00900000,0.02500000,818.77180000,2274.36630000,LOW_VOLUME_NODE
90974.70000000,0.06500000,0.05700000,0.00800000,5185.56360000,727.79840000,LOW_VOLUME_NODE
90974.80000000,0.10400000,0.07200000,0.03200000,6550.19280000,2911.19680000,LOW_VOLUME_NODE
90975.20000000,0.15500000,0.06500000,0.09000000,5913.39450000,8187.77700000,LOW_VOLUME_NODE
90975.30000000,0.02800000,0.00600000,0.02200000,545.85240000,2001.45880000,LOW_VOLUME_NODE
90975.80000000,0.07800000,0.06900000,0.00900000,6277.33710000,818.78310000,LOW_VOLUME_NODE
90975.90000000,0.21700000,0.13700000,0.08000000,12463.71200000,7278.08000000,LOW_VOLUME_NODE
90976.10000000,0.22300000,0.19600000,0.02700000,17831.31660000,2456.35550000,LOW_VOLUME_NODE
90976.20000000,0.17500000,0.02100000,0.15400000,1910.50230000,14010.35020000,LOW_VOLUME_NODE
90976.40000000,0.01200000,0.00300000,0.00900000,272.92950000,818.78850000,LOW_VOLUME_NODE
90976.70000000,0.02200000,0.01300000,0.00900000,1182.69840000,818.79120000,LOW_VOLUME_NODE
90977.40000000,0.25200000,0.02100000,0.23100000,1910.52750000,21015.80250000,LOW_VOLUME_NODE
90977.80000000,0.25900000,0.03200000,0.22700000,2911.29280000,20651.98330000,LOW_VOLUME_NODE
90978.10000000,0.13200000,0.10800000,0.02400000,9825.64470000,2183.47570000,LOW_VOLUME_NODE
90978.20000000,0.11700000,0.11000000,0.00700000,10007.61300000,636.84810000,LOW_VOLUME_NODE
90978.30000000,0.01700000,0.00000000,0.01700000,0.00000000,1546.63280000,LOW_VOLUME_NODE
90978.40000000,0.23000000,0.00900000,0.22100000,818.80650000,20106.24850000,LOW_VOLUME_NODE
90978.60000000,0.17400000,0.05500000,0.11900000,5003.82810000,10826.46380000,LOW_VOLUME_NODE
90978.70000000,0.09500000,0.08900000,0.00600000,8097.11320000,545.87280000,LOW_VOLUME_NODE
90978.80000000,0.05300000,0.05000000,0.00300000,4548.94500000,272.93670000,LOW_VOLUME_NODE
90979.40000000,0.05100000,0.01600000,0.03500000,1455.67200000,3184.28250000,LOW_VOLUME_NODE
90979.80000000,0.09300000,0.06500000,0.02800000,5913.69350000,2547.43720000,LOW_VOLUME_NODE
90980.30000000,0.46400000,0.45500000,0.00900000,41396.08200000,818.82360000,LOW_VOLUME_NODE
90980.40000000,0.10800000,0.09300000,0.01500000,8461.18650000,1364.70750000,LOW_VOLUME_NODE
90980.70000000,0.11900000,0.01900000,0.10000000,1728.63520000,9098.08000000,LOW_VOLUME_NODE
90980.80000000,0.04400000,0.00600000,0.03800000,545.88540000,3457.27420000,LOW_VOLUME_NODE
90980.90000000,0.36700000,0.12300000,0.24400000,11190.66300000,22199.36400000,LOW_VOLUME_NODE
90981.10000000,0.04200000,0.01700000,0.02500000,1546.67950000,2274.52940000,LOW_VOLUME_NODE
90981.20000000,0.01900000,0.00800000,0.01100000,727.85040000,1000.79430000,LOW_VOLUME_NODE
90981.30000000,0.41300000,0.12100000,0.29200000,11008.74940000,26566.56880000,LOW_VOLUME_NODE
90981.40000000,0.05700000,0.04900000,0.00800000,4458.09350000,727.85200000,LOW_VOLUME_NODE
90982.70000000,0.04300000,0.03800000,0.00500000,3457.34640000,454.91400000,LOW_VOLUME_NODE
90982.80000000,0.15200000,0.14200000,0.01000000,12919.57180000,909.82900000,LOW_VOLUME_NODE
90982.90000000,0.20200000,0.05500000,0.14700000,5004.06500000,13374.50100000,LOW_VOLUME_NODE
90983.20000000,0.30100000,0.28800000,0.01300000,26203.19040000,1182.78290000,LOW_VOLUME_NODE
90983.30000000,0.03600000,0.01600000,0.02000000,1455.73440000,1819.66800000,LOW_VOLUME_NODE
90983.40000000,0.30400000,0.29100000,0.01300000,26476.19850000,1182.78550000,LOW_VOLUME_NODE
90983.80000000,0.13200000,0.12400000,0.00800000,11282.00360000,727.87120000,LOW_VOLUME_NODE
90983.90000000,0.07400000,0.05000000,0.02400000,4549.20000000,2183.61600000,LOW_VOLUME_NODE
90984.30000000,0.15500000,0.01800000,0.13700000,1637.71920000,12464.86280000,LOW_VOLUME_NODE
90984.40000000,0.01300000,0.01300000,0.00000000,1182.79850000,0.00000000,LOW_VOLUME_NODE
90984.60000000,0.48900000,0.40100000,0.08800000,36484.82730000,8006.64650000,LOW_VOLUME_NODE
90984.70000000,0.02400000,0.01900000,0.00500000,1728.71120000,454.92400000,LOW_VOLUME_NODE
90984.80000000,0.14100000,0.06100000,0.08000000,5550.07890000,7278.79200000,LOW_VOLUME_NODE
90984.90000000,0.13900000,0.07600000,0.06300000,6914.86000000,5732.05500000,LOW_VOLUME_NODE
90985.10000000,0.14300000,0.01900000,0.12400000,1728.71790000,11282.16390000,LOW_VOLUME_NODE
90985.40000000,0.27600000,0.06300000,0.21300000,5732.08650000,19379.91150000,LOW_VOLUME_NODE
90985.60000000,0.28200000,0.17200000,0.11000000,15649.52560000,10008.42400000,LOW_VOLUME_NODE
90985.70000000,0.23800000,0.22800000,0.01000000,20744.76240000,909.85800000,LOW_VOLUME_NODE
90985.80000000,0.07600000,0.01100000,0.06500000,1000.84490000,5914.08350000,LOW_VOLUME_NODE
90985.90000000,0.02400000,0.00600000,0.01800000,545.91600000,1637.74800000,LOW_VOLUME_NODE
90986.10000000,0.27800000,0.09900000,0.17900000,9007.63230000,16286.51330000,LOW_VOLUME_NODE
90986.20000000,0.10600000,0.01200000,0.09400000,1091.83560000,8552.71220000,LOW_VOLUME_NODE
90986.30000000,0.11400000,0.07500000,0.03900000,6823.98000000,3548.46960000,LOW_VOLUME_NODE
90986.40000000,0.17200000,0.14100000,0.03100000,12829.09650000,2820.58150000,LOW_VOLUME_NODE
90986.70000000,0.13800000,0.12300000,0.01500000,11191.37640000,1364.80200000,LOW_VOLUME_NODE
90986.80000000,0.44400000,0.20100000,0.24300000,18288.36690000,22109.81670000,LOW_VOLUME_NODE
90987.20000000,0.41200000,0.33000000,0.08200000,30025.80900000,7460.95860000,LOW_VOLUME_NODE
90987.40000000,0.43300000,0.02100000,0.41200000,1910.73750000,37486.85000000,LOW_VOLUME_NODE
90987.70000000,0.50200000,0.39500000,0.10700000,35940.18100000,9735.69460000,LOW_VOLUME_NODE
90987.80000000,0.04900000,0.03400000,0.01500000,3093.58860000,1364.81850000,LOW_VOLUME_NODE
90988.30000000,0.02500000,0.01700000,0.00800000,1546.80280000,727.90720000,LOW_VOLUME_NODE
90988.80000000,0.23100000,0.20300000,0.02800000,18470.74670000,2547.68920000,LOW_VOLUME_NODE
90989.40000000,0.19300000,0.06800000,0.12500000,6187.28600000,11373.68750000,LOW_VOLUME_NODE
90989.70000000,0.36000000,0.09700000,0.26300000,8826.01060000,23930.31740000,LOW_VOLUME_NODE
90990.10000000,0.23200000,0.12500000,0.10700000,11373.76330000,9735.94970000,LOW_VOLUME_NODE
90990.30000000,0.15400000,0.12000000,0.03400000,10918.84800000,3093.67360000,LOW_VOLUME_NODE
90990.40000000,0.38600000,0.34800000,0.03800000,31664.69400000,3457.63900000,LOW_VOLUME_NODE
90991.30000000,0.47600000,0.02300000,0.45300000,2092.80220000,41219.10420000,LOW_VOLUME_NODE
90991.60000000,0.33000000,0.16900000,0.16100000,15377.59340000,14649.65400000,LOW_VOLUME_NODE
90991.70000000,0.31900000,0.01800000,0.30100000,1637.85240000,27388.53180000,LOW_VOLUME_NODE
90991.90000000,0.25200000,0.10500000,0.14700000,9554.16000000,13375.82400000,LOW_VOLUME_NODE
90992.30000000,0.03700000,0.02200000,0.01500000,2001.83280000,1364.88600000,LOW_VOLUME_NODE
90992.40000000,0.08300000,0.06300000,0.02000000,5732.52750000,1819.85000000,LOW_VOLUME_NODE
90992.70000000,0.39300000,0.07300000,0.32000000,6642.47440000,29117.69600000,LOW_VOLUME_NODE
90993.20000000,0.05700000,0.01000000,0.04700000,909.93300000,4276.68510000,LOW_VOLUME_NODE
90993.30000000,0.03800000,0.00500000,0.03300000,454.96700000,3002.78220000,LOW_VOLUME_NODE
90993.80000000,0.30800000,0.17000000,0.13800000,15468.96300000,12557.15820000,LOW_VOLUME_NODE
90993.90000000,0.32900000,0.02300000,0.30600000,2092.86200000,27844.16400000,LOW_VOLUME_NODE
90994.10000000,0.52100000,0.01900000,0.50200000,1728.88930000,45679.05040000,LOW_VOLUME_NODE
90994.20000000,0.37900000,0.01100000,0.36800000,1000.93730000,33485.90240000,LOW_VOLUME_NODE
90994.30000000,0.26700000,0.04000000,0.22700000,3639.77600000,20655.72880000,LOW_VOLUME_NODE
90994.40000000,0.08000000,0.07100000,0.00900000,6460.60950000,818.95050000,LOW_VOLUME_NODE
90994.60000000,0.19600000,0.10300000,0.09300000,9372.45030000,8462.50560000,LOW_VOLUME_NODE
90994.70000000,0.26000000,0.02500000,0.23500000,2274.87000000,21383.77800000,LOW_VOLUME_NODE
90994.80000000,0.13100000,0.01300000,0.11800000,1182.93370000,10737.39820000,LOW_VOLUME_NODE
90994.90000000,0.05800000,0.03200000,0.02600000,2911.84000000,2365.87000000,LOW_VOLUME_NODE
90995.10000000,0.36500000,0.24200000,0.12300000,22020.82840000,11192.40080000,LOW_VOLUME_NODE
90995.30000000,0.10400000,0.09000000,0.01400000,8189.58600000,1273.93560000,LOW_VOLUME_NODE
90995.40000000,0.04700000,0.02400000,0.02300000,2183.89200000,2092.89650000,LOW_VOLUME_NODE
90995.70000000,0.05600000,0.04700000,0.00900000,4276.80260000,818.96220000,LOW_VOLUME_NODE
90995.80000000,0.15400000,0.01200000,0.14200000,1091.95080000,12921.41780000,LOW_VOLUME_NODE
90995.90000000,0.18500000,0.01100000,0.17400000,1000.95600000,15833.30400000,LOW_VOLUME_NODE
90996.40000000,0.26900000,0.24300000,0.02600000,22112.14950000,2365.90900000,LOW_VOLUME_NODE
90996.70000000,0.04700000,0.00800000,0.03900000,727.97440000,3548.87520000,LOW_VOLUME_NODE
90996.80000000,0.24200000,0.02100000,0.22100000,1910.93490000,20110.31490000,LOW_VOLUME_NODE
90997.20000000,0.17500000,0.11100000,0.06400000,10100.70030000,5823.82720000,LOW_VOLUME_NODE
90997.40000000,0.31900000,0.17000000,0.14900000,15469.57500000,13558.62750000,LOW_VOLUME_NODE
90997.70000000,0.18600000,0.08300000,0.10300000,7552.81740000,9372.77340000,LOW_VOLUME_NODE
90997.90000000,0.06600000,0.02600000,0.04000000,2365.94800000,3639.92000000,LOW_VOLUME_NODE
90998.20000000,0.15700000,0.14500000,0.01200000,13194.75350000,1091.97960000,LOW_VOLUME_NODE
90998.30000000,0.08100000,0.06600000,0.01500000,6005.89440000,1364.97600000,LOW_VOLUME_NODE
90998.40000000,0.21300000,0.10600000,0.10700000,9645.84100000,9736.83950000,LOW_VOLUME_NODE
90998.60000000,0.37400000,0.30300000,0.07100000,27572.59930000,6460.90300000,LOW_VOLUME_NODE
90999.10000000,0.39800000,0.19700000,0.20100000,17926.82430000,18290.82420000,LOW_VOLUME_NODE
90999.20000000,0.05300000,0.02400000,0.02900000,2183.98320000,2638.97970000,LOW_VOLUME_NODE
90999.40000000,0.06100000,0.04900000,0.01200000,4458.97550000,1091.99400000,LOW_VOLUME_NODE
90999.60000000,0.17200000,0.12800000,0.04400000,11647.95870000,4003.98430000,LOW_VOLUME_NODE
90999.70000000,0.18600000,0.02000000,0.16600000,1819.99600000,15105.96680000,LOW_VOLUME_NODE
91000.40000000,0.43000000,0.26800000,0.16200000,24388.13400000,14742.08100000,LOW_VOLUME_NODE
91000.80000000,0.15400000,0.13100000,0.02300000,11921.11790000,2093.02070000,LOW_VOLUME_NODE
91001.10000000,0.13700000,0.07200000,0.06500000,6552.08160000,5915.07590000,LOW_VOLUME_NODE
91001.20000000,0.48400000,0.01500000,0.46900000,1365.01950000,42679.60970000,LOW_VOLUME_NODE
91001.90000000,0.15500000,0.08800000,0.06700000,8008.17600000,6097.13400000,LOW_VOLUME_NODE
91002.20000000,0.08400000,0.07300000,0.01100000,6643.16790000,1001.02530000,LOW_VOLUME_NODE
91002.30000000,0.42900000,0.17600000,0.25300000,16016.42240000,23023.60720000,LOW_VOLUME_NODE
91002.40000000,0.35200000,0.06600000,0.28600000,6006.16500000,26026.71500000,LOW_VOLUME_NODE
91002.70000000,0.43500000,0.21700000,0.21800000,19747.60760000,19838.61040000,LOW_VOLUME_NODE
91002.80000000,0.24100000,0.22700000,0.01400000,20657.65830000,1274.04060000,LOW_VOLUME_NODE
91002.90000000,0.32100000,0.10000000,0.22100000,9100.30000000,20111.66300000,LOW_VOLUME_NODE
91003.60000000,0.11000000,0.06600000,0.04400000,6006.23910000,4004.16130000,LOW_VOLUME_NODE
91003.70000000,0.11100000,0.08900000,0.02200000,8099.33820000,2002.08360000,LOW_VOLUME_NODE
91003.80000000,0.37000000,0.12100000,0.24900000,11011.47190000,22659.97110000,LOW_VOLUME_NODE
91004.20000000,0.10600000,0.02800000,0.07800000,2548.12040000,7098.33540000,LOW_VOLUME_NODE
91004.30000000,0.52200000,0.19700000,0.32500000,17927.86680000,29576.43000000,LOW_VOLUME_NODE
91004.40000000,0.19900000,0.18400000,0.01500000,16744.82800000,1365.06750000,LOW_VOLUME_NODE
91004.60000000,0.26200000,0.11200000,0.15000000,10192.51650000,13650.69260000,LOW_VOLUME_NODE
91004.70000000,0.10500000,0.06500000,0.04000000,5915.31200000,3640.19200000,LOW_VOLUME_NODE
91005.30000000,0.14300000,0.10600000,0.03700000,9646.57240000,3367.19980000,LOW_VOLUME_NODE
91005.40000000,0.09100000,0.04600000,0.04500000,4186.25300000,4095.24750000,LOW_VOLUME_NODE
91005.70000000,0.10200000,0.07500000,0.02700000,6825.43500000,2457.15660000,LOW_VOLUME_NODE
91005.80000000,0.50000000,0.15600000,0.34400000,14196.92040000,31306.02960000,LOW_VOLUME_NODE
91006.40000000,0.18500000,0.15200000,0.03300000,13832.98800000,3003.21450000,LOW_VOLUME_NODE
91006.70000000,0.09000000,0.06700000,0.02300000,6097.45560000,2093.15640000,LOW_VOLUME_NODE
91007.20000000,0.05200000,0.02300000,0.02900000,2093.16790000,2639.21170000,LOW_VOLUME_NODE
91007.30000000,0.30400000,0.07200000,0.23200000,6552.53280000,21113.71680000,LOW_VOLUME_NODE
91007.40000000,0.48800000,0.43900000,0.04900000,39952.29250000,4459.36750000,LOW_VOLUME_NODE
91007.60000000,0.23400000,0.20000000,0.03400000,18201.52890000,3094.25950000,LOW_VOLUME_NODE
91007.70000000,0.29600000,0.10200000,0.19400000,9282.79560000,17655.51320000,LOW_VOLUME_NODE
91007.80000000,0.15700000,0.00800000,0.14900000,728.06320000,13560.17710000,LOW_VOLUME_NODE
91007.90000000,0.50300000,0.08300000,0.42000000,7553.66400000,38223.36000000,LOW_VOLUME_NODE
91008.20000000,0.39000000,0.27700000,0.11300000,25209.29910000,10283.93790000,LOW_VOLUME_NODE
91008.90000000,0.11500000,0.01500000,0.10000000,1365.13500000,9100.90000000,LOW_VOLUME_NODE
91009.20000000,0.16800000,0.14900000,0.01900000,13560.38570000,1729.17670000,LOW_VOLUME_NODE
91009.80000000,0.02500000,0.01600000,0.00900000,1456.15840000,819.08910000,LOW_VOLUME_NODE
91009.90000000,0.07800000,0.03200000,0.04600000,2912.32000000,4186.46000000,LOW_VOLUME_NODE
91010.20000000,0.07100000,0.02500000,0.04600000,2275.25750000,4186.47380000,LOW_VOLUME_NODE
91010.30000000,0.45100000,0.04800000,0.40300000,4368.49920000,36677.19120000,LOW_VOLUME_NODE
91011.20000000,0.36200000,0.24000000,0.12200000,21842.71200000,11103.37860000,LOW_VOLUME_NODE
91012.40000000,0.35700000,0.24500000,0.11200000,22298.06250000,10193.40000000,LOW_VOLUME_NODE
91012.70000000,0.10700000,0.05700000,0.05000000,5187.72960000,4550.64000000,LOW_VOLUME_NODE
91012.80000000,0.11300000,0.07700000,0.03600000,7007.99330000,3276.46440000,LOW_VOLUME_NODE
91012.90000000,0.48000000,0.04800000,0.43200000,4368.62400000,39317.61600000,LOW_VOLUME_NODE
91013.60000000,0.22700000,0.20500000,0.02200000,18657.78980000,2002.30030000,LOW_VOLUME_NODE
91013.70000000,0.12300000,0.11200000,0.01100000,10193.54560000,1001.15180000,LOW_VOLUME_NODE
91013.80000000,0.40400000,0.14200000,0.26200000,12923.97380000,23845.64180000,LOW_VOLUME_NODE
91013.90000000,0.05100000,0.02700000,0.02400000,2457.37800000,2184.33600000,LOW_VOLUME_NODE
91014.10000000,0.15900000,0.11700000,0.04200000,10648.65050000,3822.59490000,LOW_VOLUME_NODE
91014.40000000,0.03000000,0.01600000,0.01400000,1456.23200000,1274.20300000,LOW_VOLUME_NODE
91014.60000000,0.09900000,0.05700000,0.04200000,5187.83370000,3822.61660000,LOW_VOLUME_NODE
91014.70000000,0.18000000,0.14600000,0.03400000,13288.16080000,3094.50320000,LOW_VOLUME_NODE
91014.80000000,0.18500000,0.02900000,0.15600000,2639.43210000,14198.32440000,LOW_VOLUME_NODE
91014.90000000,0.12600000,0.09200000,0.03400000,8373.38000000,3094.51000000,LOW_VOLUME_NODE
91015.40000000,0.08700000,0.03400000,0.05300000,3094.52700000,4823.82150000,LOW_VOLUME_NODE
91015.60000000,0.21100000,0.13400000,0.07700000,12196.09200000,7008.20520000,LOW_VOLUME_NODE
91015.70000000,0.05300000,0.03400000,0.01900000,3094.53720000,1729.30020000,LOW_VOLUME_NODE
91015.80000000,0.03100000,0.02500000,0.00600000,2275.39750000,546.09540000,LOW_VOLUME_NODE
91016.30000000,0.04700000,0.02800000,0.01900000,2548.45920000,1729.31160000,LOW_VOLUME_NODE
91016.40000000,0.12100000,0.04100000,0.08000000,3731.67650000,7281.32000000,LOW_VOLUME_NODE
91016.60000000,0.26800000,0.18400000,0.08400000,16747.06300000,7645.39740000,LOW_VOLUME_NODE
91016.80000000,0.26100000,0.01100000,0.25000000,1001.18590000,22754.22500000,LOW_VOLUME_NODE
91017.20000000,0.09100000,0.07400000,0.01700000,6735.28020000,1547.29410000,LOW_VOLUME_NODE
91017.70000000,0.03300000,0.01100000,0.02200000,1001.19580000,2002.39160000,LOW_VOLUME_NODE
91018.30000000,0.49800000,0.48700000,0.01100000,44325.96080000,1001.20240000,LOW_VOLUME_NODE
91018.40000000,0.28400000,0.16100000,0.12300000,14653.97850000,11195.27550000,LOW_VOLUME_NODE
91019.20000000,0.32000000,0.07700000,0.24300000,7008.48610000,22117.68990000,LOW_VOLUME_NODE
91019.30000000,0.03600000,0.02900000,0.00700000,2639.56260000,637.13580000,LOW_VOLUME_NODE
91019.70000000,0.03500000,0.02000000,0.01500000,1820.39600000,1365.29700000,LOW_VOLUME_NODE
91020.10000000,0.25900000,0.16700000,0.09200000,15200.36780000,8373.85650000,LOW_VOLUME_NODE
91020.20000000,0.03400000,0.02600000,0.00800000,2366.52780000,728.16240000,LOW_VOLUME_NODE
91020.30000000,0.15200000,0.00500000,0.14700000,455.10200000,13379.99880000,LOW_VOLUME_NODE
91020.40000000,0.22300000,0.02300000,0.20000000,2093.47150000,18204.10000000,LOW_VOLUME_NODE
91020.80000000,0.05400000,0.01000000,0.04400000,910.20900000,4004.91960000,LOW_VOLUME_NODE
91020.90000000,0.28700000,0.06800000,0.21900000,6189.42800000,19933.59900000,LOW_VOLUME_NODE
91021.30000000,0.45000000,0.43700000,0.01300000,39776.35180000,1183.27820000,LOW_VOLUME_NODE
91021.60000000,0.40400000,0.19200000,0.21200000,17476.14750000,19296.59010000,LOW_VOLUME_NODE
91021.70000000,0.06000000,0.01700000,0.04300000,1547.37060000,3913.93740000,LOW_VOLUME_NODE
91021.80000000,0.07700000,0.00900000,0.06800000,819.19710000,6189.48920000,LOW_VOLUME_NODE
91021.90000000,0.25200000,0.09500000,0.15700000,8647.09000000,14290.45400000,LOW_VOLUME_NODE
91022.10000000,0.42200000,0.27100000,0.15100000,24666.99000000,13744.35050000,LOW_VOLUME_NODE
91022.20000000,0.07500000,0.06200000,0.01300000,5643.38260000,1183.28990000,LOW_VOLUME_NODE
91022.30000000,0.28400000,0.21200000,0.07200000,19296.74880000,6553.61280000,LOW_VOLUME_NODE
91022.70000000,0.37800000,0.01900000,0.35900000,1729.43320000,32677.18520000,LOW_VOLUME_NODE
91022.80000000,0.31000000,0.03100000,0.27900000,2821.70990000,25395.38910000,LOW_VOLUME_NODE
91023.40000000,0.11400000,0.10300000,0.01100000,9375.42050000,1001.25850000,LOW_VOLUME_NODE
91024.10000000,0.21500000,0.11500000,0.10000000,10467.78220000,9102.41180000,LOW_VOLUME_NODE
91024.20000000,0.09800000,0.02300000,0.07500000,2093.55890000,6826.82250000,LOW_VOLUME_NODE
91024.30000000,0.35600000,0.33700000,0.01900000,30675.22280000,1729.46360000,LOW_VOLUME_NODE
91024.40000000,0.25900000,0.11300000,0.14600000,10285.76850000,13289.57700000,LOW_VOLUME_NODE
91024.60000000,0.46800000,0.01700000,0.45100000,1547.41880000,41052.10980000,LOW_VOLUME_NODE
91024.80000000,0.44000000,0.01700000,0.42300000,1547.42330000,38503.53270000,LOW_VOLUME_NODE
91024.90000000,0.30600000,0.24800000,0.05800000,22574.20000000,5279.45000000,LOW_VOLUME_NODE
91025.30000000,0.03000000,0.01100000,0.01900000,1001.27940000,1729.48260000,LOW_VOLUME_NODE
91025.40000000,0.33600000,0.21300000,0.12300000,19388.43150000,11196.13650000,LOW_VOLUME_NODE
91025.60000000,0.31300000,0.06500000,0.24800000,5916.66930000,22574.35970000,LOW_VOLUME_NODE
91025.70000000,0.03400000,0.01300000,0.02100000,1183.33540000,1911.54180000,LOW_VOLUME_NODE
91026.20000000,0.21600000,0.02300000,0.19300000,2093.60490000,17568.07590000,LOW_VOLUME_NODE
91026.30000000,0.28100000,0.26500000,0.01600000,24121.99600000,1456.42240000,LOW_VOLUME_NODE
91026.40000000,0.02900000,0.00900000,0.02000000,819.23850000,1820.53000000,LOW_VOLUME_NODE
91026.70000000,0.39100000,0.15400000,0.23700000,14018.12720000,21573.35160000,LOW_VOLUME_NODE
91026.80000000,0.07300000,0.00800000,0.06500000,728.21520000,5916.74850000,LOW_VOLUME_NODE
91026.90000000,0.27700000,0.02600000,0.25100000,2366.70200000,22847.77700000,LOW_VOLUME_NODE
91027.20000000,0.14100000,0.13500000,0.00600000,12288.68550000,546.16380000,LOW_VOLUME_NODE
91027.30000000,0.45200000,0.17400000,0.27800000,15838.76760000,25305.61720000,LOW_VOLUME_NODE
91027.40000000,0.12200000,0.02100000,0.10100000,1911.57750000,9193.77750000,LOW_VOLUME_NODE
91027.90000000,0.33600000,0.25700000,0.07900000,23394.19600000,7191.21200000,LOW_VOLUME_NODE
91028.30000000,0.24100000,0.10300000,0.13800000,9375.92520000,12561.91920000,LOW_VOLUME_NODE
91028.40000000,0.04100000,0.02500000,0.01600000,2275.71250000,1456.45600000,LOW_VOLUME_NODE
91028.70000000,0.10500000,0.10200000,0.00300000,9284.93760000,273.08640000,LOW_VOLUME_NODE
91028.80000000,0.02400000,0.00900000,0.01500000,819.26010000,1365.43350000,LOW_VOLUME_NODE
91029.20000000,0.03000000,0.01300000,0.01700000,1183.38090000,1547.49810000,LOW_VOLUME_NODE
91029.60000000,0.43800000,0.33100000,0.10700000,30130.82390000,9740.17000000,LOW_VOLUME_NODE
91029.70000000,0.02200000,0.01200000,0.01000000,1092.35760000,910.29800000,LOW_VOLUME_NODE
91030.20000000,0.03500000,0.02200000,0.01300000,2002.66660000,1183.39390000,LOW_VOLUME_NODE
91030.30000000,0.34300000,0.01100000,0.33200000,1001.33440000,30222.09280000,LOW_VOLUME_NODE
91030.40000000,0.14300000,0.04700000,0.09600000,4278.43350000,8738.92800000,LOW_VOLUME_NODE
91030.60000000,0.17600000,0.07700000,0.09900000,7009.36000000,9012.03620000,LOW_VOLUME_NODE
91030.70000000,0.02700000,0.01300000,0.01400000,1183.40040000,1274.43120000,LOW_VOLUME_NODE
91030.80000000,0.08800000,0.01700000,0.07100000,1547.52530000,6463.19390000,LOW_VOLUME_NODE
91030.90000000,0.28900000,0.03800000,0.25100000,3459.17800000,22848.78100000,LOW_VOLUME_NODE
91031.20000000,0.11400000,0.04400000,0.07000000,4005.37720000,6372.19100000,LOW_VOLUME_NODE
91031.30000000,0.07800000,0.05700000,0.02100000,5188.78980000,1911.65940000,LOW_VOLUME_NODE
91031.40000000,0.22000000,0.03200000,0.18800000,2913.00800000,17113.92200000,LOW_VOLUME_NODE
91031.90000000,0.30100000,0.21300000,0.08800000,19389.81600000,8010.81600000,LOW_VOLUME_NODE
91032.10000000,0.16400000,0.12500000,0.03900000,11379.02380000,3550.25440000,LOW_VOLUME_NODE
91032.20000000,0.27800000,0.00800000,0.27000000,728.25840000,24578.72100000,LOW_VOLUME_NODE
91032.40000000,0.08400000,0.01700000,0.06700000,1547.55250000,6099.17750000,LOW_VOLUME_NODE
91032.70000000,0.27000000,0.25800000,0.01200000,23486.46240000,1092.39360000,LOW_VOLUME_NODE
91033.30000000,0.25500000,0.00800000,0.24700000,728.26720000,22485.24980000,LOW_VOLUME_NODE
91033.40000000,0.17700000,0.13000000,0.04700000,11834.35500000,4278.57450000,LOW_VOLUME_NODE
91033.80000000,0.28000000,0.21800000,0.06200000,19845.39020000,5644.10180000,LOW_VOLUME_NODE
91034.20000000,0.24300000,0.00500000,0.23800000,455.17150000,21666.16340000,LOW_VOLUME_NODE
91034.30000000,0.30800000,0.24100000,0.06700000,21939.29040000,6099.30480000,LOW_VOLUME_NODE
91034.70000000,0.13000000,0.11600000,0.01400000,10560.03680000,1274.48720000,LOW_VOLUME_NODE
91034.80000000,0.02100000,0.00900000,0.01200000,819.31410000,1092.41880000,LOW_VOLUME_NODE
91034.90000000,0.23300000,0.16500000,0.06800000,15020.77500000,6190.38000000,LOW_VOLUME_NODE
91035.10000000,0.03200000,0.01200000,0.02000000,1092.42200000,1820.70350000,LOW_VOLUME_NODE
91035.40000000,0.02900000,0.01300000,0.01600000,1183.46150000,1456.56800000,LOW_VOLUME_NODE
91035.70000000,0.24600000,0.06100000,0.18500000,5553.18380000,16841.62300000,LOW_VOLUME_NODE
91035.80000000,0.05100000,0.01700000,0.03400000,1547.61030000,3095.22060000,LOW_VOLUME_NODE
91035.90000000,0.03500000,0.01100000,0.02400000,1001.39600000,2184.86400000,LOW_VOLUME_NODE
91036.30000000,0.08700000,0.05700000,0.03000000,5189.07480000,2731.09200000,LOW_VOLUME_NODE
91036.40000000,0.12300000,0.01800000,0.10500000,1638.65700000,9558.83250000,LOW_VOLUME_NODE
91036.60000000,0.49100000,0.16300000,0.32800000,14838.98210000,29860.02230000,LOW_VOLUME_NODE
91036.70000000,0.43900000,0.22800000,0.21100000,20756.39040000,19208.76480000,LOW_VOLUME_NODE
91036.90000000,0.48200000,0.44800000,0.03400000,40784.57600000,3095.25800000,LOW_VOLUME_NODE
91037.10000000,0.05900000,0.00600000,0.05300000,546.22320000,4824.97160000,LOW_VOLUME_NODE
91037.20000000,0.04800000,0.03500000,0.01300000,3186.30550000,1183.48490000,LOW_VOLUME_NODE
91037.30000000,0.02400000,0.01300000,0.01100000,1183.48620000,1001.41140000,LOW_VOLUME_NODE
91037.70000000,0.05500000,0.01300000,0.04200000,1183.49140000,3823.58760000,LOW_VOLUME_NODE
91037.80000000,0.05100000,0.00500000,0.04600000,455.18950000,4187.74340000,LOW_VOLUME_NODE
91038.20000000,0.48700000,0.12400000,0.36300000,11288.74920000,33046.90290000,LOW_VOLUME_NODE
91038.30000000,0.37400000,0.01500000,0.35900000,1365.57600000,32682.78560000,LOW_VOLUME_NODE
91038.60000000,0.16600000,0.01200000,0.15400000,1092.46320000,14019.94660000,LOW_VOLUME_NODE
91038.70000000,0.01600000,0.00500000,0.01100000,455.19400000,1001.42680000,LOW_VOLUME_NODE
91038.80000000,0.07500000,0.06800000,0.00700000,6190.64520000,637.27230000,LOW_VOLUME_NODE
91038.90000000,0.41000000,0.02200000,0.38800000,2002.85800000,35323.13200000,LOW_VOLUME_NODE
91039.10000000,0.12900000,0.09600000,0.03300000,8739.75380000,3004.29250000,LOW_VOLUME_NODE
91039.20000000,0.01800000,0.00300000,0.01500000,273.11790000,1365.58950000,LOW_VOLUME_NODE
91039.30000000,0.25000000,0.01400000,0.23600000,1274.55160000,21485.29840000,LOW_VOLUME_NODE
91039.40000000,0.15100000,0.09000000,0.06100000,8193.55500000,5553.40950000,LOW_VOLUME_NODE
91039.60000000,0.16300000,0.02000000,0.14300000,1820.79350000,13018.67580000,LOW_VOLUME_NODE
91039.70000000,0.14400000,0.04100000,0.10300000,3732.63180000,9377.09940000,LOW_VOLUME_NODE
91039.80000000,0.10600000,0.10200000,0.00400000,9286.06980000,364.15960000,LOW_VOLUME_NODE
91039.90000000,0.19800000,0.03100000,0.16700000,2822.24000000,15203.68000000,LOW_VOLUME_NODE
91040.20000000,0.15500000,0.00300000,0.15200000,273.12090000,13838.12560000,LOW_VOLUME_NODE
91040.30000000,0.41800000,0.03600000,0.38200000,3277.45440000,34777.43280000,LOW_VOLUME_NODE
91040.40000000,0.32800000,0.05700000,0.27100000,5189.30850000,24671.97550000,LOW_VOLUME_NODE
91040.60000000,0.05300000,0.02800000,0.02500000,2549.13910000,2276.01680000,LOW_VOLUME_NODE
91040.70000000,0.06300000,0.04900000,0.01400000,4460.99920000,1274.57120000,LOW_VOLUME_NODE
91040.80000000,0.13200000,0.03800000,0.09400000,3459.55420000,8557.84460000,LOW_VOLUME_NODE
91040.90000000,0.03000000,0.01800000,0.01200000,1638.73800000,1092.49200000,LOW_VOLUME_NODE
91041.10000000,0.02800000,0.00900000,0.01900000,819.37020000,1729.78240000,LOW_VOLUME_NODE
91041.20000000,0.01300000,0.00300000,0.01000000,273.12390000,910.41300000,LOW_VOLUME_NODE
91041.30000000,0.01100000,0.00500000,0.00600000,455.20700000,546.24840000,LOW_VOLUME_NODE
91041.40000000,0.27800000,0.01800000,0.26000000,1638.74700000,23670.79000000,LOW_VOLUME_NODE
91041.70000000,0.33900000,0.31900000,0.02000000,29042.33420000,1820.83600000,LOW_VOLUME_NODE
91042.10000000,0.32700000,0.25900000,0.06800000,23579.91970000,6190.86430000,LOW_VOLUME_NODE
91042.20000000,0.09900000,0.01800000,0.08100000,1638.76140000,7374.42630000,LOW_VOLUME_NODE
91042.30000000,0.02700000,0.02000000,0.00700000,1820.84800000,637.29680000,LOW_VOLUME_NODE
91042.40000000,0.00900000,0.00600000,0.00300000,546.25500000,273.12750000,LOW_VOLUME_NODE
91042.60000000,0.29400000,0.11200000,0.18200000,10196.77200000,16569.77010000,LOW_VOLUME_NODE
91042.70000000,0.06700000,0.06200000,0.00500000,5644.65360000,455.21400000,LOW_VOLUME_NODE
91042.80000000,0.47100000,0.11900000,0.35200000,10834.10510000,32047.10080000,LOW_VOLUME_NODE
91042.90000000,0.26900000,0.25900000,0.01000000,23580.13700000,910.43000000,LOW_VOLUME_NODE
91043.20000000,0.09000000,0.04800000,0.04200000,4370.07840000,3823.81860000,LOW_VOLUME_NODE
91043.30000000,0.05000000,0.04400000,0.00600000,4005.90960000,546.26040000,LOW_VOLUME_NODE
91043.40000000,0.05000000,0.03500000,0.01500000,3186.52250000,1365.65250000,LOW_VOLUME_NODE
91043.70000000,0.02300000,0.01200000,0.01100000,1092.52560000,1001.48180000,LOW_VOLUME_NODE
91043.80000000,0.01900000,0.01400000,0.00500000,1274.61460000,455.21950000,LOW_VOLUME_NODE
91043.90000000,0.20000000,0.11300000,0.08700000,10287.97200000,7920.82800000,LOW_VOLUME_NODE
91044.10000000,0.05400000,0.02600000,0.02800000,2367.14790000,2549.23700000,LOW_VOLUME_NODE
91044.20000000,0.24200000,0.02100000,0.22100000,1911.93030000,20120.79030000,LOW_VOLUME_NODE
91044.30000000,0.35400000,0.01100000,0.34300000,1001.48840000,31228.22920000,LOW_VOLUME_NODE
91044.60000000,0.11100000,0.00600000,0.10500000,546.26790000,9559.69320000,LOW_VOLUME_NODE
91044.70000000,0.27700000,0.01100000,0.26600000,1001.49280000,24217.91680000,LOW_VOLUME_NODE
91044.80000000,0.06000000,0.06000000,0.00000000,5462.69400000,0.00000000,LOW_VOLUME_NODE
91044.90000000,0.08600000,0.06900000,0.01700000,6282.10500000,1547.76500000,LOW_VOLUME_NODE
91045.20000000,0.03000000,0.02500000,0.00500000,2276.13250000,455.22650000,LOW_VOLUME_NODE
91045.30000000,0.03200000,0.00800000,0.02400000,728.36320000,2185.08960000,LOW_VOLUME_NODE
91045.40000000,0.01800000,0.00600000,0.01200000,546.27300000,1092.54600000,LOW_VOLUME_NODE
91045.70000000,0.37100000,0.01300000,0.35800000,1183.59540000,32594.39640000,LOW_VOLUME_NODE
91045.80000000,0.34800000,0.04600000,0.30200000,4188.11140000,27495.86180000,LOW_VOLUME_NODE
91045.90000000,0.05100000,0.04000000,0.01100000,3641.84000000,1001.50600000,LOW_VOLUME_NODE
91046.20000000,0.02200000,0.00500000,0.01700000,455.23150000,1547.78710000,LOW_VOLUME_NODE
91046.30000000,0.01500000,0.01100000,0.00400000,1001.51040000,364.18560000,LOW_VOLUME_NODE
91046.40000000,0.02000000,0.01200000,0.00800000,1092.55800000,728.37200000,LOW_VOLUME_NODE
91046.70000000,0.03800000,0.01500000,0.02300000,1365.70200000,2094.07640000,LOW_VOLUME_NODE
91046.80000000,0.06200000,0.01300000,0.04900000,1183.60970000,4461.29810000,LOW_VOLUME_NODE
91046.90000000,0.06200000,0.03300000,0.02900000,3004.55100000,2640.36300000,LOW_VOLUME_NODE
91047.10000000,0.25600000,0.00200000,0.25400000,182.09420000,23125.96560000,LOW_VOLUME_NODE
91047.20000000,0.25700000,0.00900000,0.24800000,819.42570000,22579.73040000,LOW_VOLUME_NODE
91047.30000000,0.04200000,0.02700000,0.01500000,2458.27980000,1365.71100000,LOW_VOLUME_NODE
91047.60000000,0.03800000,0.00800000,0.03000000,728.38160000,2731.42940000,LOW_VOLUME_NODE
91047.70000000,0.05600000,0.05200000,0.00400000,4734.48560000,364.19120000,LOW_VOLUME_NODE
91047.80000000,0.02900000,0.00300000,0.02600000,273.14370000,2367.24540000,LOW_VOLUME_NODE
91048.20000000,0.01600000,0.00500000,0.01100000,455.24150000,1001.53130000,LOW_VOLUME_NODE
91048.30000000,0.01500000,0.00600000,0.00900000,546.29040000,819.43560000,LOW_VOLUME_NODE
91048.40000000,0.41200000,0.13900000,0.27300000,12655.74150000,24856.24050000,LOW_VOLUME_NODE
91048.70000000,0.02100000,0.00700000,0.01400000,637.34160000,1274.68320000,LOW_VOLUME_NODE
91048.80000000,0.11300000,0.00600000,0.10700000,546.29340000,9742.23230000,LOW_VOLUME_NODE
91048.90000000,0.05900000,0.01800000,0.04100000,1638.88200000,3733.00900000,LOW_VOLUME_NODE
91049.20000000,0.03100000,0.02500000,0.00600000,2276.23250000,546.29580000,LOW_VOLUME_NODE
91049.30000000,0.04000000,0.01300000,0.02700000,1183.64220000,2458.33380000,LOW_VOLUME_NODE
91050.20000000,0.17200000,0.03300000,0.13900000,3004.65990000,12655.99170000,LOW_VOLUME_NODE
91050.30000000,0.35500000,0.01400000,0.34100000,1274.70560000,31048.18640000,LOW_VOLUME_NODE
91050.40000000,0.04000000,0.01200000,0.02800000,1092.60600000,2549.41400000,LOW_VOLUME_NODE
91050.70000000,0.34000000,0.03200000,0.30800000,2913.62560000,28043.64640000,LOW_VOLUME_NODE
91051.10000000,0.17900000,0.12900000,0.05000000,11745.59860000,4552.55900000,LOW_VOLUME_NODE
91051.20000000,0.02000000,0.01100000,0.00900000,1001.56430000,819.46170000,LOW_VOLUME_NODE
91051.30000000,0.01900000,0.00800000,0.01100000,728.41120000,1001.56540000,LOW_VOLUME_NODE
91051.40000000,0.08100000,0.04100000,0.04000000,3733.11150000,3642.06000000,LOW_VOLUME_NODE
91051.70000000,0.02700000,0.01500000,0.01200000,1365.77700000,1092.62160000,LOW_VOLUME_NODE
91051.80000000,0.04000000,0.03100000,0.00900000,2822.60890000,819.46710000,LOW_VOLUME_NODE
91051.90000000,0.07700000,0.05100000,0.02600000,4643.65200000,2367.35200000,LOW_VOLUME_NODE
91052.10000000,0.37700000,0.02100000,0.35600000,1912.09440000,32414.54880000,LOW_VOLUME_NODE
91052.20000000,0.01700000,0.01500000,0.00200000,1365.78450000,182.10460000,LOW_VOLUME_NODE
91052.30000000,0.03000000,0.01400000,0.01600000,1274.73360000,1456.83840000,LOW_VOLUME_NODE
91052.60000000,0.33000000,0.28800000,0.04200000,26223.16110000,3824.21050000,LOW_VOLUME_NODE
91052.70000000,0.01700000,0.00900000,0.00800000,819.47520000,728.42240000,LOW_VOLUME_NODE
91052.80000000,0.36700000,0.05200000,0.31500000,4734.75080000,28681.66350000,LOW_VOLUME_NODE
91052.90000000,0.27400000,0.25500000,0.01900000,23218.51500000,1730.00700000,LOW_VOLUME_NODE
91053.30000000,0.08200000,0.07700000,0.00500000,7011.11180000,455.26700000,LOW_VOLUME_NODE
91053.40000000,0.00900000,0.00900000,0.00000000,819.48150000,0.00000000,LOW_VOLUME_NODE
91053.80000000,0.06100000,0.05600000,0.00500000,5099.01840000,455.26950000,LOW_VOLUME_NODE
91054.20000000,0.30400000,0.00000000,0.30400000,0.00000000,27680.50720000,LOW_VOLUME_NODE
91054.60000000,0.15200000,0.06600000,0.08600000,6009.60450000,7830.69760000,LOW_VOLUME_NODE
91054.70000000,0.04400000,0.01400000,0.03000000,1274.76720000,2731.64400000,LOW_VOLUME_NODE
91054.80000000,0.03000000,0.02600000,0.00400000,2367.42740000,364.21960000,LOW_VOLUME_NODE
91055.10000000,0.14200000,0.01200000,0.13000000,1092.66190000,11837.17290000,LOW_VOLUME_NODE
91055.30000000,0.10300000,0.08400000,0.01900000,7648.65360000,1730.05260000,LOW_VOLUME_NODE
91055.40000000,0.05900000,0.02100000,0.03800000,1912.16550000,3460.10900000,LOW_VOLUME_NODE
91055.60000000,0.38300000,0.09300000,0.29000000,8468.18010000,26406.13750000,LOW_VOLUME_NODE
91055.70000000,0.18000000,0.01400000,0.16600000,1274.78120000,15115.26280000,LOW_VOLUME_NODE
91056.20000000,0.23800000,0.01100000,0.22700000,1001.61930000,20669.78010000,LOW_VOLUME_NODE
91056.40000000,0.09600000,0.02700000,0.06900000,2458.52550000,6282.89850000,LOW_VOLUME_NODE
91056.80000000,0.01900000,0.01300000,0.00600000,1183.73970000,546.34140000,LOW_VOLUME_NODE
91056.90000000,0.06200000,0.03200000,0.03000000,2913.82400000,2731.71000000,LOW_VOLUME_NODE
91057.10000000,0.41000000,0.03600000,0.37400000,3278.05780000,34055.39000000,LOW_VOLUME_NODE
91057.20000000,0.34800000,0.27400000,0.07400000,24949.70020000,6738.24020000,LOW_VOLUME_NODE
91057.60000000,0.20000000,0.13500000,0.06500000,12292.78690000,5918.74570000,LOW_VOLUME_NODE
91057.70000000,0.02900000,0.01600000,0.01300000,1456.92480000,1183.75140000,LOW_VOLUME_NODE
91057.80000000,0.03800000,0.02500000,0.01300000,2276.44750000,1183.75270000,LOW_VOLUME_NODE
91058.20000000,0.22400000,0.01300000,0.21100000,1183.75790000,19213.30130000,LOW_VOLUME_NODE
91058.30000000,0.02300000,0.01500000,0.00800000,1365.87600000,728.46720000,LOW_VOLUME_NODE
91058.40000000,0.04000000,0.00800000,0.03200000,728.46800000,2913.87200000,LOW_VOLUME_NODE
91058.60000000,0.10700000,0.06200000,0.04500000,5645.63840000,4097.64020000,LOW_VOLUME_NODE
91058.70000000,0.08900000,0.06400000,0.02500000,5827.76320000,2276.47000000,LOW_VOLUME_NODE
91058.80000000,0.02100000,0.00600000,0.01500000,546.35340000,1365.88350000,LOW_VOLUME_NODE
91059.10000000,0.38000000,0.18000000,0.20000000,16390.64050000,18211.83890000,LOW_VOLUME_NODE
91059.30000000,0.23900000,0.01100000,0.22800000,1001.65340000,20761.54320000,LOW_VOLUME_NODE
91059.40000000,0.09600000,0.04200000,0.05400000,3824.49900000,4917.21300000,LOW_VOLUME_NODE
91059.80000000,0.01600000,0.00200000,0.01400000,182.11980000,1274.83860000,LOW_VOLUME_NODE
91059.90000000,0.12000000,0.07700000,0.04300000,7011.62000000,3915.58000000,LOW_VOLUME_NODE
91060.20000000,0.01900000,0.00800000,0.01100000,728.48240000,1001.66330000,LOW_VOLUME_NODE
91060.30000000,0.04200000,0.00900000,0.03300000,819.54360000,3004.99320000,LOW_VOLUME_NODE
91060.60000000,0.12800000,0.01300000,0.11500000,1183.78880000,10471.97890000,LOW_VOLUME_NODE
91060.70000000,0.03800000,0.00900000,0.02900000,819.54720000,2640.76320000,LOW_VOLUME_NODE
91060.80000000,0.01600000,0.00600000,0.01000000,546.36540000,910.60900000,LOW_VOLUME_NODE
91060.90000000,0.13600000,0.04300000,0.09300000,3915.62300000,8468.67300000,LOW_VOLUME_NODE
91061.20000000,0.04500000,0.02500000,0.02000000,2276.53250000,1821.22600000,LOW_VOLUME_NODE
91061.60000000,0.24300000,0.20000000,0.04300000,18212.32170000,3915.65120000,LOW_VOLUME_NODE
91061.70000000,0.37700000,0.35700000,0.02000000,32509.06260000,1821.23600000,LOW_VOLUME_NODE
91061.80000000,0.03700000,0.01300000,0.02400000,1183.80470000,2185.48560000,LOW_VOLUME_NODE
91061.90000000,0.04200000,0.02400000,0.01800000,2185.48800000,1639.11600000,LOW_VOLUME_NODE
91062.10000000,0.03800000,0.01100000,0.02700000,1001.68420000,2458.67840000,LOW_VOLUME_NODE
91062.20000000,0.01700000,0.01000000,0.00700000,910.62300000,637.43610000,LOW_VOLUME_NODE
91062.30000000,0.06300000,0.01900000,0.04400000,1730.18560000,4006.74560000,LOW_VOLUME_NODE
91062.40000000,0.13000000,0.03600000,0.09400000,3278.25000000,8559.87500000,LOW_VOLUME_NODE
91062.60000000,0.05700000,0.01700000,0.04000000,1548.06540000,3642.50750000,LOW_VOLUME_NODE
91062.70000000,0.06000000,0.00700000,0.05300000,637.43960000,4826.32840000,LOW_VOLUME_NODE
91062.80000000,0.05400000,0.04900000,0.00500000,4462.08210000,455.31450000,LOW_VOLUME_NODE
91062.90000000,0.02300000,0.01700000,0.00600000,1548.07100000,546.37800000,LOW_VOLUME_NODE
91063.10000000,0.03500000,0.01900000,0.01600000,1730.19950000,1457.01070000,LOW_VOLUME_NODE
91063.20000000,0.08100000,0.02900000,0.05200000,2640.83570000,4735.29160000,LOW_VOLUME_NODE
91063.30000000,0.01100000,0.00600000,0.00500000,546.38040000,455.31700000,LOW_VOLUME_NODE
91063.40000000,0.12700000,0.11000000,0.01700000,10016.98500000,1548.07950000,LOW_VOLUME_NODE
91063.70000000,0.12000000,0.05700000,0.06300000,5190.63660000,5737.01940000,LOW_VOLUME_NODE
91063.80000000,0.37900000,0.01400000,0.36500000,1274.89460000,33238.32350000,LOW_VOLUME_NODE
91063.90000000,0.29500000,0.29300000,0.00200000,26681.75200000,182.12800000,LOW_VOLUME_NODE
91064.10000000,0.17700000,0.00700000,0.17000000,637.44900000,15480.90190000,LOW_VOLUME_NODE
91064.20000000,0.06300000,0.04600000,0.01700000,4188.95780000,1548.09310000,LOW_VOLUME_NODE
91064.30000000,0.06700000,0.05700000,0.01000000,5190.67080000,910.64400000,LOW_VOLUME_NODE
91064.40000000,0.06100000,0.01500000,0.04600000,1365.96750000,4188.96700000,LOW_VOLUME_NODE
91064.80000000,0.02300000,0.01500000,0.00800000,1365.97350000,728.51920000,LOW_VOLUME_NODE
91064.90000000,0.22700000,0.03700000,0.19000000,3369.40500000,17302.35000000,LOW_VOLUME_NODE
91065.10000000,0.24600000,0.22900000,0.01700000,20853.93000000,1548.10760000,LOW_VOLUME_NODE
91065.20000000,0.02700000,0.00800000,0.01900000,728.52240000,1730.24070000,LOW_VOLUME_NODE
91065.30000000,0.10700000,0.00800000,0.09900000,728.52320000,9015.47460000,LOW_VOLUME_NODE
91065.70000000,0.36500000,0.36000000,0.00500000,32783.68800000,455.32900000,LOW_VOLUME_NODE
91065.80000000,0.01100000,0.00800000,0.00300000,728.52720000,273.19770000,LOW_VOLUME_NODE
91065.90000000,0.26800000,0.22600000,0.04200000,20580.91600000,3824.77200000,LOW_VOLUME_NODE
91066.10000000,0.05900000,0.01800000,0.04100000,1639.19100000,3733.71330000,LOW_VOLUME_NODE
91066.20000000,0.00500000,0.00000000,0.00500000,0.00000000,455.33150000,LOW_VOLUME_NODE
91066.30000000,0.51900000,0.51100000,0.00800000,46534.93040000,728.53120000,LOW_VOLUME_NODE
91066.40000000,0.06100000,0.05300000,0.00800000,4826.52450000,728.53200000,LOW_VOLUME_NODE
91066.60000000,0.06100000,0.02600000,0.03500000,2367.73270000,3187.33360000,LOW_VOLUME_NODE
91066.70000000,0.00700000,0.00200000,0.00500000,182.13360000,455.33400000,LOW_VOLUME_NODE
91066.80000000,0.11100000,0.10200000,0.00900000,9288.82380000,819.60210000,LOW_VOLUME_NODE
91066.90000000,0.49400000,0.02500000,0.46900000,2276.67500000,42710.42300000,LOW_VOLUME_NODE
91067.10000000,0.29400000,0.23800000,0.05600000,21673.99190000,5099.75900000,LOW_VOLUME_NODE
91067.20000000,0.26000000,0.16600000,0.09400000,15117.17180000,8560.32620000,LOW_VOLUME_NODE
91067.30000000,0.15300000,0.14700000,0.00600000,13386.90780000,546.40440000,LOW_VOLUME_NODE
91067.40000000,0.01800000,0.01100000,0.00700000,1001.74250000,637.47250000,LOW_VOLUME_NODE
91067.60000000,0.19300000,0.17400000,0.01900000,15845.76350000,1730.28500000,LOW_VOLUME_NODE
91067.70000000,0.05100000,0.04500000,0.00600000,4098.05100000,546.40680000,LOW_VOLUME_NODE
91067.80000000,0.01800000,0.01000000,0.00800000,910.67900000,728.54320000,LOW_VOLUME_NODE
91067.90000000,0.08000000,0.06200000,0.01800000,5646.21600000,1639.22400000,LOW_VOLUME_NODE
91068.10000000,0.49600000,0.45600000,0.04000000,41527.07630000,3642.72480000,LOW_VOLUME_NODE
91068.40000000,0.29500000,0.28300000,0.01200000,25772.38550000,1092.82200000,LOW_VOLUME_NODE
91068.60000000,0.31700000,0.25500000,0.06200000,23222.49350000,5646.25460000,LOW_VOLUME_NODE
91068.70000000,0.06900000,0.06200000,0.00700000,5646.26560000,637.48160000,LOW_VOLUME_NODE
91068.80000000,0.30600000,0.02000000,0.28600000,1821.37800000,26045.70540000,LOW_VOLUME_NODE
91068.90000000,0.03600000,0.02800000,0.00800000,2549.93200000,728.55200000,LOW_VOLUME_NODE
91069.10000000,0.11500000,0.03500000,0.08000000,3187.42060000,7285.52880000,LOW_VOLUME_NODE
91069.20000000,0.07800000,0.06400000,0.01400000,5828.43520000,1274.97020000,LOW_VOLUME_NODE
91069.30000000,0.01200000,0.00600000,0.00600000,546.41640000,546.41640000,LOW_VOLUME_NODE
91069.40000000,0.01700000,0.01100000,0.00600000,1001.76450000,546.41700000,LOW_VOLUME_NODE
91069.60000000,0.01400000,0.00600000,0.00800000,546.41820000,728.55740000,LOW_VOLUME_NODE
91069.70000000,0.06100000,0.01300000,0.04800000,1183.90740000,4371.35040000,LOW_VOLUME_NODE
91069.80000000,0.08000000,0.06600000,0.01400000,6010.61340000,1274.97860000,LOW_VOLUME_NODE
91069.90000000,0.11800000,0.01900000,0.09900000,1730.33000000,9015.93000000,LOW_VOLUME_NODE
91070.20000000,0.10000000,0.09300000,0.00700000,8469.53790000,637.49210000,LOW_VOLUME_NODE
91070.30000000,0.05500000,0.04400000,0.01100000,4007.09760000,1001.77440000,LOW_VOLUME_NODE
91070.40000000,0.45400000,0.21800000,0.23600000,19853.36900000,21492.63800000,LOW_VOLUME_NODE
91070.70000000,0.06200000,0.05300000,0.00900000,4826.75240000,819.63720000,LOW_VOLUME_NODE
91071.10000000,0.24100000,0.23000000,0.01100000,20946.35350000,1001.78320000,LOW_VOLUME_NODE
91071.20000000,0.01100000,0.00600000,0.00500000,546.42780000,455.35650000,LOW_VOLUME_NODE
91071.30000000,0.10700000,0.08400000,0.02300000,7649.99760000,2094.64220000,LOW_VOLUME_NODE
91071.40000000,0.01500000,0.01500000,0.00000000,1366.07250000,0.00000000,LOW_VOLUME_NODE
91071.70000000,0.00700000,0.00200000,0.00500000,182.14360000,455.35900000,LOW_VOLUME_NODE
91071.80000000,0.02400000,0.01800000,0.00600000,1639.29420000,546.43140000,LOW_VOLUME_NODE
91071.90000000,0.02400000,0.01400000,0.01000000,1275.00800000,910.72000000,LOW_VOLUME_NODE
91072.30000000,0.03400000,0.01600000,0.01800000,1457.15840000,1639.30320000,LOW_VOLUME_NODE
91072.60000000,0.44400000,0.17100000,0.27300000,15573.42580000,24862.82170000,LOW_VOLUME_NODE
91072.70000000,0.09200000,0.08000000,0.01200000,7285.82400000,1092.87360000,LOW_VOLUME_NODE
91072.80000000,0.16800000,0.06000000,0.10800000,5464.37400000,9835.87320000,LOW_VOLUME_NODE
91072.90000000,0.11800000,0.11200000,0.00600000,10200.17600000,546.43800000,LOW_VOLUME_NODE
91073.20000000,0.01700000,0.00800000,0.00900000,728.58640000,819.65970000,LOW_VOLUME_NODE
91073.30000000,0.08400000,0.03700000,0.04700000,3369.71580000,4280.44980000,LOW_VOLUME_NODE
91073.40000000,0.04500000,0.02600000,0.01900000,2367.91100000,1730.39650000,LOW_VOLUME_NODE
91073.60000000,0.08400000,0.00500000,0.07900000,455.36830000,7194.81720000,LOW_VOLUME_NODE
91073.70000000,0.00200000,0.00200000,0.00000000,182.14760000,0.00000000,LOW_VOLUME_NODE
91073.80000000,0.11900000,0.10800000,0.01100000,9835.98120000,1001.81290000,LOW_VOLUME_NODE
91073.90000000,0.02000000,0.01100000,0.00900000,1001.81400000,819.66600000,LOW_VOLUME_NODE
91074.10000000,0.06200000,0.05400000,0.00800000,4918.00590000,728.59340000,LOW_VOLUME_NODE
91074.20000000,0.04800000,0.04400000,0.00400000,4007.26920000,364.29720000,LOW_VOLUME_NODE
91074.30000000,0.03000000,0.00800000,0.02200000,728.59520000,2003.63680000,LOW_VOLUME_NODE
91074.40000000,0.02000000,0.01600000,0.00400000,1457.19200000,364.29800000,LOW_VOLUME_NODE
91074.60000000,0.02300000,0.00900000,0.01400000,819.67190000,1275.04500000,LOW_VOLUME_NODE
91074.70000000,0.01000000,0.00600000,0.00400000,546.44880000,364.29920000,LOW_VOLUME_NODE
91074.80000000,0.01700000,0.00600000,0.01100000,546.44940000,1001.82390000,LOW_VOLUME_NODE
91074.90000000,0.25400000,0.20600000,0.04800000,18761.45000000,4371.60000000,LOW_VOLUME_NODE
91075.10000000,0.03300000,0.01700000,0.01600000,1548.27770000,1457.20320000,LOW_VOLUME_NODE
91075.20000000,0.01400000,0.00600000,0.00800000,546.45180000,728.60240000,LOW_VOLUME_NODE
91075.30000000,0.09800000,0.01700000,0.08100000,1548.28180000,7377.10740000,LOW_VOLUME_NODE
91075.70000000,0.11900000,0.02400000,0.09500000,2185.81920000,8652.20100000,LOW_VOLUME_NODE
91076.10000000,0.20100000,0.11400000,0.08700000,10382.68450000,7923.62160000,LOW_VOLUME_NODE
91076.20000000,0.00200000,0.00000000,0.00200000,0.00000000,182.15260000,LOW_VOLUME_NODE
91076.30000000,0.01800000,0.01300000,0.00500000,1183.99320000,455.38200000,LOW_VOLUME_NODE
91076.40000000,0.27800000,0.00600000,0.27200000,546.45900000,24772.80800000,LOW_VOLUME_NODE
91076.70000000,0.09900000,0.03600000,0.06300000,3278.76480000,5737.83840000,LOW_VOLUME_NODE
91076.80000000,0.19600000,0.18300000,0.01300000,16667.07270000,1183.99970000,LOW_VOLUME_NODE
91076.90000000,0.04000000,0.03700000,0.00300000,3369.84900000,273.23100000,LOW_VOLUME_NODE
91077.10000000,0.06200000,0.02100000,0.04100000,1912.61950000,3734.16440000,LOW_VOLUME_NODE
91077.20000000,0.14300000,0.12000000,0.02300000,10929.27600000,2094.77790000,LOW_VOLUME_NODE
91077.30000000,0.01300000,0.00500000,0.00800000,455.38700000,728.61920000,LOW_VOLUME_NODE
91077.40000000,0.07600000,0.07400000,0.00200000,6739.73500000,182.15500000,LOW_VOLUME_NODE
91077.60000000,0.06200000,0.00600000,0.05600000,546.46620000,5100.34620000,LOW_VOLUME_NODE
91077.70000000,0.00900000,0.00600000,0.00300000,546.46680000,273.23340000,LOW_VOLUME_NODE
91077.80000000,0.04000000,0.00500000,0.03500000,455.38950000,3187.72650000,LOW_VOLUME_NODE
91077.90000000,0.04700000,0.02400000,0.02300000,2185.87200000,2094.79400000,LOW_VOLUME_NODE
91078.20000000,0.00600000,0.00600000,0.00000000,546.46980000,0.00000000,LOW_VOLUME_NODE
91078.30000000,0.02000000,0.00600000,0.01400000,546.47040000,1275.09760000,LOW_VOLUME_NODE
91078.70000000,0.03800000,0.03800000,0.00000000,3460.99440000,0.00000000,LOW_VOLUME_NODE
91078.80000000,0.01400000,0.00300000,0.01100000,273.23670000,1001.86790000,LOW_VOLUME_NODE
91078.90000000,0.09000000,0.08100000,0.00900000,7377.39900000,819.71100000,LOW_VOLUME_NODE
91079.10000000,0.28400000,0.01600000,0.26800000,1457.26670000,24409.22460000,LOW_VOLUME_NODE
91079.40000000,0.01100000,0.00600000,0.00500000,546.47700000,455.39750000,LOW_VOLUME_NODE
91079.60000000,0.02200000,0.01100000,0.01100000,1001.87650000,1001.87620000,LOW_VOLUME_NODE
91079.70000000,0.00300000,0.00300000,0.00000000,273.23940000,0.00000000,LOW_VOLUME_NODE
91079.80000000,0.01100000,0.00200000,0.00900000,182.15980000,819.71910000,LOW_VOLUME_NODE
91080.20000000,0.03100000,0.01800000,0.01300000,1639.44540000,1184.04390000,LOW_VOLUME_NODE
91080.30000000,0.04000000,0.02900000,0.01100000,2641.33160000,1001.88440000,LOW_VOLUME_NODE
91080.40000000,0.07900000,0.03700000,0.04200000,3369.97850000,3825.38100000,LOW_VOLUME_NODE
91080.60000000,0.23300000,0.19600000,0.03700000,17851.81460000,3369.98330000,LOW_VOLUME_NODE
91080.70000000,0.06500000,0.05100000,0.01400000,4645.12080000,1275.13120000,LOW_VOLUME_NODE
91080.80000000,0.06800000,0.05400000,0.01400000,4918.36860000,1275.13260000,LOW_VOLUME_NODE
91080.90000000,0.01900000,0.01100000,0.00800000,1001.89100000,728.64800000,LOW_VOLUME_NODE
91081.10000000,0.03900000,0.01800000,0.02100000,1639.46140000,1912.70420000,LOW_VOLUME_NODE
91081.20000000,0.02400000,0.01800000,0.00600000,1639.46340000,546.48780000,LOW_VOLUME_NODE
91081.30000000,0.06300000,0.04700000,0.01600000,4280.82580000,1457.30240000,LOW_VOLUME_NODE
91081.40000000,0.05400000,0.04600000,0.00800000,4189.74900000,728.65200000,LOW_VOLUME_NODE
91081.70000000,0.35500000,0.26700000,0.08800000,24318.84060000,8015.19840000,LOW_VOLUME_NODE
91081.80000000,0.02200000,0.00300000,0.01900000,273.24570000,1730.55610000,LOW_VOLUME_NODE
91081.90000000,0.07600000,0.05800000,0.01800000,5282.75600000,1639.47600000,LOW_VOLUME_NODE
91082.10000000,0.28400000,0.01100000,0.27300000,1001.90340000,24865.41610000,LOW_VOLUME_NODE
91082.20000000,0.01200000,0.00800000,0.00400000,728.65840000,364.32920000,LOW_VOLUME_NODE
91082.40000000,0.08800000,0.01500000,0.07300000,1366.23750000,6649.02250000,LOW_VOLUME_NODE
91082.60000000,0.20300000,0.11500000,0.08800000,10474.50250000,8015.27060000,LOW_VOLUME_NODE
91082.70000000,0.06400000,0.05700000,0.00700000,5191.71960000,637.57960000,LOW_VOLUME_NODE
91082.80000000,0.38500000,0.00800000,0.37700000,728.66320000,34338.25330000,LOW_VOLUME_NODE
91083.10000000,0.51500000,0.04600000,0.46900000,4189.82690000,42717.98760000,LOW_VOLUME_NODE
91083.20000000,0.48000000,0.02600000,0.45400000,2368.16580000,41351.81820000,LOW_VOLUME_NODE
91083.30000000,0.25600000,0.01600000,0.24000000,1457.33440000,21860.01600000,LOW_VOLUME_NODE
91083.70000000,0.27800000,0.00400000,0.27400000,364.33520000,24956.96120000,LOW_VOLUME_NODE
91083.80000000,0.07200000,0.01500000,0.05700000,1366.25850000,5191.78230000,LOW_VOLUME_NODE
91083.90000000,0.02500000,0.01900000,0.00600000,1730.59600000,546.50400000,LOW_VOLUME_NODE
91084.10000000,0.44900000,0.00600000,0.44300000,546.50520000,40350.26310000,LOW_VOLUME_NODE
91084.20000000,0.04200000,0.00600000,0.03600000,546.50580000,3279.03480000,LOW_VOLUME_NODE
91084.30000000,0.03000000,0.01800000,0.01200000,1639.51920000,1093.01280000,LOW_VOLUME_NODE
91084.70000000,0.07000000,0.04500000,0.02500000,4098.81600000,2277.12000000,LOW_VOLUME_NODE
91084.80000000,0.02800000,0.01200000,0.01600000,1093.01880000,1457.35840000,LOW_VOLUME_NODE
91084.90000000,0.16800000,0.13400000,0.03400000,12205.39000000,3096.89000000,LOW_VOLUME_NODE
91085.10000000,0.09900000,0.08200000,0.01700000,7468.98370000,1548.44710000,LOW_VOLUME_NODE
91085.20000000,0.01600000,0.01400000,0.00200000,1275.19420000,182.17060000,LOW_VOLUME_NODE
91085.30000000,0.01900000,0.01400000,0.00500000,1275.19560000,455.42700000,LOW_VOLUME_NODE
91085.40000000,0.03300000,0.01500000,0.01800000,1366.28250000,1639.53900000,LOW_VOLUME_NODE
91086.20000000,0.15100000,0.06400000,0.08700000,5829.52320000,7924.50810000,LOW_VOLUME_NODE
91086.30000000,0.03600000,0.01500000,0.02100000,1366.29600000,1912.81440000,LOW_VOLUME_NODE
91086.40000000,0.12500000,0.11100000,0.01400000,10110.60150000,1275.21100000,LOW_VOLUME_NODE
91086.60000000,0.08300000,0.06200000,0.02100000,5647.37460000,1912.81980000,LOW_VOLUME_NODE
91086.80000000,0.48500000,0.47100000,0.01400000,42901.92990000,1275.21660000,LOW_VOLUME_NODE
91087.10000000,0.34900000,0.09700000,0.25200000,8835.45840000,22953.95210000,LOW_VOLUME_NODE
91087.20000000,0.01500000,0.00400000,0.01100000,364.34920000,1001.96030000,LOW_VOLUME_NODE
91087.30000000,0.26200000,0.00600000,0.25600000,546.52440000,23318.37440000,LOW_VOLUME_NODE
91087.40000000,0.01500000,0.01100000,0.00400000,1001.96250000,364.35000000,LOW_VOLUME_NODE
91087.60000000,0.06800000,0.00400000,0.06400000,364.35060000,5829.60910000,LOW_VOLUME_NODE
91087.70000000,0.29500000,0.25800000,0.03700000,23500.65240000,3370.24860000,LOW_VOLUME_NODE
91088.10000000,0.05400000,0.02200000,0.03200000,2003.93870000,2914.82020000,LOW_VOLUME_NODE
91088.20000000,0.10500000,0.09700000,0.00800000,8835.56510000,728.70640000,LOW_VOLUME_NODE
91088.30000000,0.03200000,0.01300000,0.01900000,1184.14920000,1730.67960000,LOW_VOLUME_NODE
91088.40000000,0.04300000,0.01200000,0.03100000,1093.06200000,2823.74350000,LOW_VOLUME_NODE
91088.60000000,0.06400000,0.01600000,0.04800000,1457.41840000,4372.25670000,LOW_VOLUME_NODE
91088.70000000,0.46500000,0.03400000,0.43100000,3097.01920000,39259.27280000,LOW_VOLUME_NODE
91088.80000000,0.03600000,0.00800000,0.02800000,728.71120000,2550.48920000,LOW_VOLUME_NODE
91088.90000000,0.23500000,0.15200000,0.08300000,13845.52800000,7560.38700000,LOW_VOLUME_NODE
91089.20000000,0.01700000,0.01500000,0.00200000,1366.33950000,182.17860000,LOW_VOLUME_NODE
91089.30000000,0.08400000,0.00700000,0.07700000,637.62580000,7013.88380000,LOW_VOLUME_NODE
91089.60000000,0.07800000,0.05900000,0.01900000,5374.28720000,1730.70350000,LOW_VOLUME_NODE
91089.70000000,0.00900000,0.00700000,0.00200000,637.62860000,182.17960000,LOW_VOLUME_NODE
91089.90000000,0.13400000,0.09900000,0.03500000,9017.91000000,3188.15000000,LOW_VOLUME_NODE
91090.20000000,0.22000000,0.10100000,0.11900000,9200.12030000,10839.74570000,LOW_VOLUME_NODE
91090.30000000,0.04500000,0.00600000,0.03900000,546.54240000,3552.52560000,LOW_VOLUME_NODE
91090.40000000,0.01800000,0.00800000,0.01000000,728.72400000,910.90500000,LOW_VOLUME_NODE
91090.60000000,0.38700000,0.16200000,0.22500000,14756.68400000,20495.40000000,LOW_VOLUME_NODE
91090.70000000,0.41200000,0.24300000,0.16900000,22135.06440000,15394.34520000,LOW_VOLUME_NODE
91091.20000000,0.01000000,0.00700000,0.00300000,637.63910000,273.27390000,LOW_VOLUME_NODE
91091.30000000,0.05400000,0.02600000,0.02800000,2368.37640000,2550.55920000,LOW_VOLUME_NODE
91091.40000000,0.02000000,0.00800000,0.01200000,728.73200000,1093.09800000,LOW_VOLUME_NODE
91091.90000000,0.03600000,0.02400000,0.01200000,2186.20800000,1093.10400000,LOW_VOLUME_NODE
91092.20000000,0.13600000,0.12800000,0.00800000,11659.81440000,728.73840000,LOW_VOLUME_NODE
91092.30000000,0.11300000,0.08600000,0.02700000,7833.94640000,2459.49480000,LOW_VOLUME_NODE
91092.40000000,0.04300000,0.02200000,0.02100000,2004.03500000,1912.94250000,LOW_VOLUME_NODE
91092.60000000,0.10900000,0.04200000,0.06700000,3825.89310000,6103.20460000,LOW_VOLUME_NODE
91092.70000000,0.18600000,0.16300000,0.02300000,14848.12640000,2095.13440000,LOW_VOLUME_NODE
91092.80000000,0.04400000,0.03400000,0.01000000,3097.15860000,910.92900000,LOW_VOLUME_NODE
91092.90000000,0.11600000,0.01700000,0.09900000,1548.58100000,9018.20700000,LOW_VOLUME_NODE
91093.20000000,0.06300000,0.00300000,0.06000000,273.27990000,5465.59800000,LOW_VOLUME_NODE
91093.30000000,0.06000000,0.05200000,0.00800000,4736.85680000,728.74720000,LOW_VOLUME_NODE
91093.40000000,0.13000000,0.01300000,0.11700000,1184.21550000,10657.93950000,LOW_VOLUME_NODE
91093.70000000,0.03300000,0.01300000,0.02000000,1184.21940000,1821.87600000,LOW_VOLUME_NODE
91093.80000000,0.02500000,0.01500000,0.01000000,1366.40850000,910.93900000,LOW_VOLUME_NODE
91093.90000000,0.11000000,0.00800000,0.10200000,728.75200000,9291.58800000,LOW_VOLUME_NODE
91094.10000000,0.21300000,0.10400000,0.10900000,9473.79570000,9929.25820000,LOW_VOLUME_NODE
91094.20000000,0.07600000,0.00500000,0.07100000,455.47150000,6467.69530000,LOW_VOLUME_NODE
91094.30000000,0.07500000,0.06700000,0.00800000,6103.32480000,728.75520000,LOW_VOLUME_NODE
91094.40000000,0.10200000,0.07000000,0.03200000,6376.61500000,2915.02400000,LOW_VOLUME_NODE
91094.70000000,0.09200000,0.08600000,0.00600000,7834.15280000,546.56880000,LOW_VOLUME_NODE
91094.80000000,0.04400000,0.02200000,0.02200000,2004.08780000,2004.08780000,LOW_VOLUME_NODE
91094.90000000,0.04600000,0.01700000,0.02900000,1548.61500000,2641.75500000,LOW_VOLUME_NODE
91095.10000000,0.27200000,0.12800000,0.14400000,11660.17420000,13117.69880000,LOW_VOLUME_NODE
91095.20000000,0.51400000,0.09500000,0.41900000,8654.05350000,38168.93070000,LOW_VOLUME_NODE
91095.30000000,0.15500000,0.04500000,0.11000000,4099.29300000,10020.49400000,LOW_VOLUME_NODE
91095.40000000,0.08400000,0.07300000,0.01100000,6649.97150000,1002.05050000,LOW_VOLUME_NODE
91095.70000000,0.08200000,0.07100000,0.01100000,6467.80180000,1002.05380000,LOW_VOLUME_NODE
91095.80000000,0.03700000,0.02100000,0.01600000,1913.01390000,1457.53440000,LOW_VOLUME_NODE
91095.90000000,0.10400000,0.06900000,0.03500000,6285.62400000,3188.36000000,LOW_VOLUME_NODE
91096.10000000,0.07100000,0.03800000,0.03300000,3461.65510000,3006.17310000,LOW_VOLUME_NODE
91096.30000000,0.26400000,0.18800000,0.07600000,17126.12320000,6923.32640000,LOW_VOLUME_NODE
91096.70000000,0.45400000,0.19800000,0.25600000,18037.16640000,23320.78080000,LOW_VOLUME_NODE
91096.80000000,0.04700000,0.03400000,0.01300000,3097.29460000,1184.25970000,LOW_VOLUME_NODE
91096.90000000,0.08100000,0.02100000,0.06000000,1913.03700000,5465.82000000,LOW_VOLUME_NODE
91097.20000000,0.01600000,0.01300000,0.00300000,1184.26490000,273.29190000,LOW_VOLUME_NODE
91097.30000000,0.04900000,0.04100000,0.00800000,3734.99340000,728.77920000,LOW_VOLUME_NODE
91097.40000000,0.08800000,0.07900000,0.00900000,7196.70250000,819.87750000,LOW_VOLUME_NODE
91097.90000000,0.32900000,0.07700000,0.25200000,7014.54600000,22956.69600000,LOW_VOLUME_NODE
91098.10000000,0.37300000,0.11900000,0.25400000,10840.68530000,23138.92140000,LOW_VOLUME_NODE
91098.20000000,0.06000000,0.05500000,0.00500000,5010.40650000,455.49150000,LOW_VOLUME_NODE
91098.30000000,0.41300000,0.19500000,0.21800000,17764.18800000,19859.45120000,LOW_VOLUME_NODE
91098.60000000,0.21000000,0.15500000,0.05500000,14120.28360000,5010.42590000,LOW_VOLUME_NODE
91098.70000000,0.09700000,0.01300000,0.08400000,1184.28440000,7652.29920000,LOW_VOLUME_NODE
91098.80000000,0.01900000,0.01300000,0.00600000,1184.28570000,546.59340000,LOW_VOLUME_NODE
91098.90000000,0.05300000,0.03800000,0.01500000,3461.76200000,1366.48500000,LOW_VOLUME_NODE
91099.10000000,0.03600000,0.01800000,0.01800000,1639.78540000,1639.78470000,LOW_VOLUME_NODE
91099.40000000,0.29200000,0.20100000,0.09100000,18310.99950000,8290.05450000,LOW_VOLUME_NODE
91099.60000000,0.18900000,0.15200000,0.03700000,13847.14500000,3370.68590000,LOW_VOLUME_NODE
91099.80000000,0.20200000,0.15300000,0.04900000,13938.28470000,4463.89510000,LOW_VOLUME_NODE
91100.20000000,0.03100000,0.00600000,0.02500000,546.60180000,2277.50750000,LOW_VOLUME_NODE
91100.30000000,0.12300000,0.01500000,0.10800000,1366.50600000,9838.84320000,LOW_VOLUME_NODE
91100.70000000,0.08700000,0.07200000,0.01500000,6559.25760000,1366.51200000,LOW_VOLUME_NODE
91101.40000000,0.07600000,0.02700000,0.04900000,2459.74050000,4463.97350000,LOW_VOLUME_NODE
91101.60000000,0.18300000,0.12600000,0.05700000,11478.80730000,5192.79290000,LOW_VOLUME_NODE
91101.70000000,0.01900000,0.01300000,0.00600000,1184.32340000,546.61080000,LOW_VOLUME_NODE
91101.80000000,0.04000000,0.01500000,0.02500000,1366.52850000,2277.54750000,LOW_VOLUME_NODE
91101.90000000,0.03900000,0.02300000,0.01600000,2095.34600000,1457.63200000,LOW_VOLUME_NODE
91102.10000000,0.11000000,0.07700000,0.03300000,7014.86890000,3006.37080000,LOW_VOLUME_NODE
91102.20000000,0.12200000,0.08200000,0.04000000,7470.38860000,3644.09200000,LOW_VOLUME_NODE
91102.30000000,0.03200000,0.01400000,0.01800000,1275.43360000,1639.84320000,LOW_VOLUME_NODE
91102.60000000,0.03800000,0.01700000,0.02100000,1548.74420000,1913.15590000,LOW_VOLUME_NODE
91102.90000000,0.34600000,0.12200000,0.22400000,11114.56600000,20407.07200000,LOW_VOLUME_NODE
91103.10000000,0.45200000,0.03000000,0.42200000,2733.09440000,38445.52770000,LOW_VOLUME_NODE
91103.30000000,0.18800000,0.15400000,0.03400000,14029.92360000,3097.51560000,LOW_VOLUME_NODE
91103.40000000,0.15300000,0.08100000,0.07200000,7379.38350000,6559.45200000,LOW_VOLUME_NODE
91103.60000000,0.05900000,0.03600000,0.02300000,3279.72980000,2095.38380000,LOW_VOLUME_NODE
91103.70000000,0.14200000,0.07300000,0.06900000,6650.57740000,6286.16220000,LOW_VOLUME_NODE
91104.30000000,0.42700000,0.27200000,0.15500000,24780.39680000,14121.18200000,LOW_VOLUME_NODE
91104.40000000,0.06800000,0.05800000,0.01000000,5284.06100000,911.04500000,LOW_VOLUME_NODE
91105.20000000,0.05000000,0.03000000,0.02000000,2733.15900000,1822.10600000,LOW_VOLUME_NODE
91105.30000000,0.06800000,0.02100000,0.04700000,1913.21340000,4281.95380000,LOW_VOLUME_NODE
91105.40000000,0.39100000,0.31500000,0.07600000,28698.23250000,6924.01800000,LOW_VOLUME_NODE
91105.70000000,0.30100000,0.17400000,0.12700000,15852.40920000,11570.43660000,LOW_VOLUME_NODE
91105.80000000,0.16800000,0.09800000,0.07000000,8928.37820000,6377.41300000,LOW_VOLUME_NODE
91105.90000000,0.50000000,0.35200000,0.14800000,32069.31200000,13483.68800000,LOW_VOLUME_NODE
91106.20000000,0.41400000,0.21800000,0.19600000,19861.17340000,17856.83480000,LOW_VOLUME_NODE
91106.30000000,0.29000000,0.24200000,0.04800000,22047.74880000,4373.10720000,LOW_VOLUME_NODE
91106.40000000,0.30500000,0.03100000,0.27400000,2824.30150000,24963.18100000,LOW_VOLUME_NODE
91106.70000000,0.32700000,0.12100000,0.20600000,11023.92280000,18768.00080000,LOW_VOLUME_NODE
91106.90000000,0.20900000,0.13100000,0.07800000,11935.01700000,7106.34600000,LOW_VOLUME_NODE
91107.30000000,0.49700000,0.47500000,0.02200000,43276.01500000,2004.36280000,LOW_VOLUME_NODE
91107.40000000,0.15100000,0.10100000,0.05000000,9201.85750000,4555.37500000,LOW_VOLUME_NODE
91107.90000000,0.48100000,0.35400000,0.12700000,32252.23200000,11570.71600000,LOW_VOLUME_NODE
91108.20000000,0.19000000,0.07900000,0.11100000,7197.55570000,10113.02130000,LOW_VOLUME_NODE
91108.30000000,0.13500000,0.03400000,0.10100000,3097.68560000,9201.94840000,LOW_VOLUME_NODE
91108.40000000,0.43600000,0.19300000,0.24300000,17583.94050000,22139.36550000,LOW_VOLUME_NODE
91108.70000000,0.33900000,0.11000000,0.22900000,10021.96800000,20863.91520000,LOW_VOLUME_NODE
91108.80000000,0.08900000,0.07900000,0.01000000,7197.60310000,911.08900000,LOW_VOLUME_NODE
91108.90000000,0.07600000,0.05000000,0.02600000,4555.45000000,2368.83400000,LOW_VOLUME_NODE
91109.20000000,0.11600000,0.04300000,0.07300000,3917.69990000,6650.97890000,LOW_VOLUME_NODE
91110.20000000,0.26800000,0.01900000,0.24900000,1731.09570000,22686.46470000,LOW_VOLUME_NODE
91110.30000000,0.27600000,0.23000000,0.04600000,20955.39200000,4191.07840000,LOW_VOLUME_NODE
91111.80000000,0.49200000,0.46400000,0.02800000,42275.92160000,2551.13320000,LOW_VOLUME_NODE
91112.10000000,0.52000000,0.27600000,0.24400000,25146.95670000,22231.36080000,LOW_VOLUME_NODE
91112.70000000,0.42600000,0.39900000,0.02700000,36354.00720000,2460.04560000,LOW_VOLUME_NODE
91112.90000000,0.22500000,0.20200000,0.02300000,18404.82600000,2095.59900000,LOW_VOLUME_NODE
91113.40000000,0.19500000,0.04300000,0.15200000,3917.88050000,13849.25200000,LOW_VOLUME_NODE
91113.70000000,0.12900000,0.01100000,0.11800000,1002.25180000,10751.42840000,LOW_VOLUME_NODE
91113.90000000,0.08200000,0.03400000,0.04800000,3097.87600000,4373.47200000,LOW_VOLUME_NODE
91114.40000000,0.10900000,0.06500000,0.04400000,5922.44250000,4009.03800000,LOW_VOLUME_NODE
91114.60000000,0.24700000,0.19300000,0.05400000,17585.11990000,4920.19040000,LOW_VOLUME_NODE
91114.90000000,0.44000000,0.09800000,0.34200000,8929.27000000,31161.33000000,LOW_VOLUME_NODE
91115.20000000,0.12400000,0.11100000,0.01300000,10113.79830000,1184.49890000,LOW_VOLUME_NODE
91115.30000000,0.09500000,0.03200000,0.06300000,2915.69280000,5740.27020000,LOW_VOLUME_NODE
91115.40000000,0.38200000,0.04900000,0.33300000,4464.65950000,30341.46150000,LOW_VOLUME_NODE
91115.80000000,0.36500000,0.26400000,0.10100000,24054.59760000,9202.70590000,LOW_VOLUME_NODE
91116.40000000,0.24700000,0.23000000,0.01700000,20956.79500000,1548.98050000,LOW_VOLUME_NODE
91116.60000000,0.48500000,0.21000000,0.27500000,19134.49550000,25057.06930000,LOW_VOLUME_NODE
91116.70000000,0.12100000,0.08100000,0.04000000,7380.46080000,3644.67200000,LOW_VOLUME_NODE
91117.20000000,0.43900000,0.08000000,0.35900000,7289.38400000,32711.11070000,LOW_VOLUME_NODE
91118.20000000,0.04500000,0.02000000,0.02500000,1822.36600000,2277.95750000,LOW_VOLUME_NODE
91118.30000000,0.03400000,0.01600000,0.01800000,1457.89440000,1640.13120000,LOW_VOLUME_NODE
91118.60000000,0.35600000,0.23100000,0.12500000,21048.40580000,11389.82670000,LOW_VOLUME_NODE
91118.90000000,0.17400000,0.02900000,0.14500000,2642.45100000,13212.25500000,LOW_VOLUME_NODE
91119.10000000,0.20600000,0.12600000,0.08000000,11481.01630000,7289.53330000,LOW_VOLUME_NODE
91119.20000000,0.13500000,0.12500000,0.01000000,11389.91250000,911.19300000,LOW_VOLUME_NODE
91119.30000000,0.16200000,0.01700000,0.14500000,1549.02980000,13212.31300000,LOW_VOLUME_NODE
91119.40000000,0.23500000,0.12100000,0.11400000,11025.45950000,10387.62300000,LOW_VOLUME_NODE
91119.70000000,0.05300000,0.01800000,0.03500000,1640.15640000,3189.19300000,LOW_VOLUME_NODE
91120.20000000,0.09300000,0.06100000,0.03200000,5558.33830000,2915.84960000,LOW_VOLUME_NODE
91120.30000000,0.33800000,0.18500000,0.15300000,16857.27400000,13941.42120000,LOW_VOLUME_NODE
91121.30000000,0.37400000,0.36000000,0.01400000,32803.70400000,1275.69960000,LOW_VOLUME_NODE
91121.40000000,0.02800000,0.02200000,0.00600000,2004.67300000,546.72900000,LOW_VOLUME_NODE
91121.60000000,0.19000000,0.07100000,0.11900000,6469.63610000,10843.47760000,LOW_VOLUME_NODE
91121.70000000,0.11800000,0.09100000,0.02700000,8292.08380000,2460.28860000,LOW_VOLUME_NODE
91121.80000000,0.43000000,0.14700000,0.28300000,13394.91930000,25787.49770000,LOW_VOLUME_NODE
91122.20000000,0.11200000,0.06500000,0.04700000,5922.94950000,4282.74810000,LOW_VOLUME_NODE
91122.30000000,0.02300000,0.01700000,0.00600000,1549.08080000,546.73440000,LOW_VOLUME_NODE
91122.40000000,0.02200000,0.01600000,0.00600000,1457.96000000,546.73500000,LOW_VOLUME_NODE
91122.60000000,0.06400000,0.03400000,0.03000000,3098.17020000,2733.67970000,LOW_VOLUME_NODE
91123.30000000,0.03100000,0.02200000,0.00900000,2004.71480000,820.11060000,LOW_VOLUME_NODE
91123.40000000,0.08500000,0.06500000,0.02000000,5923.02750000,1822.47000000,LOW_VOLUME_NODE
91123.60000000,0.13400000,0.01900000,0.11500000,1731.34980000,10479.22420000,LOW_VOLUME_NODE
91123.70000000,0.05000000,0.03300000,0.01700000,3007.08540000,1549.10460000,LOW_VOLUME_NODE
91123.80000000,0.03200000,0.02400000,0.00800000,2186.97360000,728.99120000,LOW_VOLUME_NODE
91123.90000000,0.11900000,0.09400000,0.02500000,8565.65600000,2278.10000000,LOW_VOLUME_NODE
91124.10000000,0.15700000,0.02900000,0.12800000,2642.60000000,11663.88940000,LOW_VOLUME_NODE
91124.20000000,0.14600000,0.11300000,0.03300000,10297.04590000,3007.10190000,LOW_VOLUME_NODE
91124.30000000,0.03100000,0.01700000,0.01400000,1549.11480000,1275.74160000,LOW_VOLUME_NODE
91125.10000000,0.32100000,0.07500000,0.24600000,6834.38650000,22416.77600000,LOW_VOLUME_NODE
91125.40000000,0.29800000,0.27300000,0.02500000,24877.26150000,2278.13750000,LOW_VOLUME_NODE
91125.60000000,0.40800000,0.37600000,0.03200000,34263.25950000,2916.02040000,LOW_VOLUME_NODE
91125.70000000,0.12100000,0.05700000,0.06400000,5194.17060000,5832.05120000,LOW_VOLUME_NODE
91125.80000000,0.06600000,0.01900000,0.04700000,1731.39210000,4282.91730000,LOW_VOLUME_NODE
91125.90000000,0.12600000,0.03600000,0.09000000,3280.53600000,8201.34000000,LOW_VOLUME_NODE
91126.30000000,0.13000000,0.02800000,0.10200000,2551.53920000,9294.89280000,LOW_VOLUME_NODE
91126.70000000,0.15800000,0.12800000,0.03000000,11664.23040000,2733.80400000,LOW_VOLUME_NODE
91126.80000000,0.02100000,0.01100000,0.01000000,1002.39590000,911.26900000,LOW_VOLUME_NODE
91126.90000000,0.08800000,0.01300000,0.07500000,1184.65100000,6834.52500000,LOW_VOLUME_NODE
91127.20000000,0.11700000,0.02000000,0.09700000,1822.54600000,8839.34810000,LOW_VOLUME_NODE
91127.30000000,0.18700000,0.02200000,0.16500000,2004.80280000,15036.02100000,LOW_VOLUME_NODE
91127.80000000,0.29500000,0.23600000,0.05900000,21506.18440000,5376.54610000,LOW_VOLUME_NODE
91127.90000000,0.19400000,0.18500000,0.00900000,16858.68000000,820.15200000,LOW_VOLUME_NODE
91128.90000000,0.05700000,0.00700000,0.05000000,637.90300000,4556.45000000,LOW_VOLUME_NODE
91129.10000000,0.23300000,0.15000000,0.08300000,13669.37940000,7563.72250000,LOW_VOLUME_NODE
91129.20000000,0.02600000,0.00900000,0.01700000,820.16370000,1549.19810000,LOW_VOLUME_NODE
91129.30000000,0.10400000,0.00800000,0.09600000,729.03520000,8748.42240000,LOW_VOLUME_NODE
91129.40000000,0.04300000,0.03800000,0.00500000,3462.92100000,455.64750000,LOW_VOLUME_NODE
91129.60000000,0.04100000,0.02400000,0.01700000,2187.11200000,1549.20370000,LOW_VOLUME_NODE
91129.70000000,0.09700000,0.05800000,0.03900000,5285.52840000,3554.06220000,LOW_VOLUME_NODE
91129.80000000,0.23800000,0.01000000,0.22800000,911.29900000,20777.61720000,LOW_VOLUME_NODE
91130.20000000,0.08300000,0.03700000,0.04600000,3371.82110000,4191.99380000,LOW_VOLUME_NODE
91130.30000000,0.24900000,0.14700000,0.10200000,13396.16880000,9295.30080000,LOW_VOLUME_NODE
91130.40000000,0.12500000,0.01400000,0.11100000,1275.82700000,10115.48550000,LOW_VOLUME_NODE
91130.60000000,0.17300000,0.04700000,0.12600000,4283.14160000,11482.46090000,LOW_VOLUME_NODE
91130.80000000,0.16200000,0.01400000,0.14800000,1275.83260000,13487.37320000,LOW_VOLUME_NODE
91130.90000000,0.41000000,0.02000000,0.39000000,1822.62000000,35541.09000000,LOW_VOLUME_NODE
91131.20000000,0.19200000,0.01600000,0.17600000,1458.10080000,16039.10880000,LOW_VOLUME_NODE
91131.30000000,0.14900000,0.06800000,0.08100000,6196.93520000,7381.64340000,LOW_VOLUME_NODE
91131.40000000,0.31500000,0.30400000,0.01100000,27703.97600000,1002.44650000,LOW_VOLUME_NODE
91131.60000000,0.14200000,0.03500000,0.10700000,3189.60770000,9751.09050000,LOW_VOLUME_NODE
91131.70000000,0.03100000,0.01200000,0.01900000,1093.58160000,1731.50420000,LOW_VOLUME_NODE
91131.80000000,0.05600000,0.00800000,0.04800000,729.05520000,4374.33120000,LOW_VOLUME_NODE
91131.90000000,0.28200000,0.16000000,0.12200000,14581.12000000,11118.10400000,LOW_VOLUME_NODE
91132.20000000,0.03100000,0.01600000,0.01500000,1458.11680000,1366.98450000,LOW_VOLUME_NODE
91132.40000000,0.35600000,0.31900000,0.03700000,29071.26750000,3371.90250000,LOW_VOLUME_NODE
91132.60000000,0.27900000,0.03800000,0.24100000,3463.03910000,21962.97680000,LOW_VOLUME_NODE
91132.70000000,0.15600000,0.09900000,0.05700000,9022.14720000,5194.56960000,LOW_VOLUME_NODE
91132.80000000,0.01700000,0.00300000,0.01400000,273.39870000,1275.86060000,LOW_VOLUME_NODE
91132.90000000,0.07100000,0.04600000,0.02500000,4192.11800000,2278.32500000,LOW_VOLUME_NODE
91133.20000000,0.43900000,0.35700000,0.08200000,32534.58810000,7472.93060000,LOW_VOLUME_NODE
91133.40000000,0.14100000,0.02800000,0.11300000,2551.73800000,10298.08550000,LOW_VOLUME_NODE
91133.60000000,0.16400000,0.08700000,0.07700000,7928.62860000,7017.28830000,LOW_VOLUME_NODE
91133.70000000,0.01200000,0.00600000,0.00600000,546.80280000,546.80280000,LOW_VOLUME_NODE
91133.80000000,0.11100000,0.00400000,0.10700000,364.53560000,9751.32730000,LOW_VOLUME_NODE
91134.20000000,0.05200000,0.03000000,0.02200000,2734.02900000,2004.95460000,LOW_VOLUME_NODE
91134.30000000,0.25900000,0.04400000,0.21500000,4009.91360000,19593.89600000,LOW_VOLUME_NODE
91134.40000000,0.14600000,0.12800000,0.01800000,11665.21600000,1640.42100000,LOW_VOLUME_NODE
91135.30000000,0.44600000,0.08100000,0.36500000,7381.96740000,33264.42100000,LOW_VOLUME_NODE
91135.40000000,0.11100000,0.06900000,0.04200000,6288.34950000,3827.69100000,LOW_VOLUME_NODE
91135.90000000,0.29000000,0.26600000,0.02400000,24242.17600000,2187.26400000,LOW_VOLUME_NODE
91136.10000000,0.05500000,0.02500000,0.03000000,2278.40280000,2734.08500000,LOW_VOLUME_NODE
91136.20000000,0.15100000,0.11000000,0.04100000,10024.99300000,3736.58830000,LOW_VOLUME_NODE
91136.30000000,0.22600000,0.08100000,0.14500000,7382.04840000,13214.77800000,LOW_VOLUME_NODE
91136.40000000,0.21900000,0.16600000,0.05300000,15128.65900000,4830.23450000,LOW_VOLUME_NODE
91136.60000000,0.15500000,0.13700000,0.01800000,12485.72520000,1640.45950000,LOW_VOLUME_NODE
91136.80000000,0.14800000,0.12000000,0.02800000,10936.42800000,2551.83320000,LOW_VOLUME_NODE
91136.90000000,0.04900000,0.02300000,0.02600000,2096.15100000,2369.56200000,LOW_VOLUME_NODE
91137.10000000,0.41900000,0.13500000,0.28400000,12303.51060000,25882.96340000,LOW_VOLUME_NODE
91137.20000000,0.02700000,0.01400000,0.01300000,1275.92220000,1184.78490000,LOW_VOLUME_NODE
91137.30000000,0.05600000,0.01600000,0.04000000,1458.19840000,3645.49600000,LOW_VOLUME_NODE
91137.40000000,0.26900000,0.09400000,0.17500000,8566.92500000,15949.06250000,LOW_VOLUME_NODE
91137.60000000,0.50800000,0.41700000,0.09100000,38004.41020000,8293.52260000,LOW_VOLUME_NODE
91137.70000000,0.10700000,0.07300000,0.03400000,6653.05940000,3098.68520000,LOW_VOLUME_NODE
91137.90000000,0.05700000,0.03700000,0.02000000,3372.10600000,1822.76000000,LOW_VOLUME_NODE
91138.10000000,0.11000000,0.02700000,0.08300000,2460.73020000,7564.46750000,LOW_VOLUME_NODE
91138.20000000,0.08300000,0.03100000,0.05200000,2825.28730000,4739.19160000,LOW_VOLUME_NODE
91138.30000000,0.15700000,0.14200000,0.01500000,12941.65280000,1367.07600000,LOW_VOLUME_NODE
91138.40000000,0.15100000,0.03500000,0.11600000,3189.84750000,10572.06600000,LOW_VOLUME_NODE
91138.60000000,0.07100000,0.01800000,0.05300000,1640.49560000,4830.34980000,LOW_VOLUME_NODE
91138.70000000,0.02500000,0.01700000,0.00800000,1549.35960000,729.11040000,LOW_VOLUME_NODE
91138.80000000,0.01200000,0.00600000,0.00600000,546.83340000,546.83340000,LOW_VOLUME_NODE
91138.90000000,0.05700000,0.02200000,0.03500000,2005.05800000,3189.86500000,LOW_VOLUME_NODE
91139.10000000,0.34500000,0.10700000,0.23800000,9751.88510000,21691.12900000,LOW_VOLUME_NODE
91139.30000000,0.14900000,0.14200000,0.00700000,12941.79480000,637.97580000,LOW_VOLUME_NODE
91139.40000000,0.04500000,0.01300000,0.03200000,1184.81350000,2916.46400000,LOW_VOLUME_NODE
91140.30000000,0.13200000,0.07800000,0.05400000,7108.95120000,4921.58160000,LOW_VOLUME_NODE
91140.40000000,0.12000000,0.10500000,0.01500000,9569.75250000,1367.10750000,LOW_VOLUME_NODE
91140.60000000,0.16200000,0.13100000,0.03100000,11939.42220000,2825.36010000,LOW_VOLUME_NODE
91140.70000000,0.06800000,0.02300000,0.04500000,2096.23840000,4101.33600000,LOW_VOLUME_NODE
91140.80000000,0.21500000,0.19100000,0.02400000,17407.91190000,2187.38160000,LOW_VOLUME_NODE
91140.90000000,0.16100000,0.12600000,0.03500000,11483.76600000,3189.93500000,LOW_VOLUME_NODE
91141.20000000,0.49400000,0.48800000,0.00600000,44476.95440000,546.84780000,LOW_VOLUME_NODE
91141.30000000,0.38100000,0.01300000,0.36800000,1184.83820000,33540.03520000,LOW_VOLUME_NODE
91141.70000000,0.12200000,0.10100000,0.02100000,9205.32180000,1913.97780000,LOW_VOLUME_NODE
91141.80000000,0.06700000,0.01500000,0.05200000,1367.12850000,4739.37880000,LOW_VOLUME_NODE
91141.90000000,0.12300000,0.05000000,0.07300000,4557.10000000,6653.36600000,LOW_VOLUME_NODE
91142.10000000,0.07900000,0.01700000,0.06200000,1549.41670000,5650.81130000,LOW_VOLUME_NODE
91142.20000000,0.03400000,0.02200000,0.01200000,2005.13060000,1093.70760000,LOW_VOLUME_NODE
91142.30000000,0.09400000,0.08700000,0.00700000,7929.38880000,637.99680000,LOW_VOLUME_NODE
91142.40000000,0.17800000,0.05600000,0.12200000,5103.98000000,11119.38500000,LOW_VOLUME_NODE
91143.20000000,0.07100000,0.04700000,0.02400000,4283.73510000,2187.43920000,LOW_VOLUME_NODE
91143.30000000,0.02800000,0.01200000,0.01600000,1093.72080000,1458.29440000,LOW_VOLUME_NODE
91143.40000000,0.03300000,0.02100000,0.01200000,1914.01350000,1093.72200000,LOW_VOLUME_NODE
91143.60000000,0.08700000,0.07100000,0.01600000,6471.19620000,1458.29810000,LOW_VOLUME_NODE
91143.70000000,0.14900000,0.05400000,0.09500000,4921.76520000,8658.66100000,LOW_VOLUME_NODE
91145.30000000,0.41600000,0.40500000,0.01100000,36913.88700000,1002.59940000,LOW_VOLUME_NODE
91145.70000000,0.35900000,0.09900000,0.26000000,9023.43420000,23697.90800000,LOW_VOLUME_NODE
91145.80000000,0.15100000,0.01800000,0.13300000,1640.62620000,12122.40470000,LOW_VOLUME_NODE
91145.90000000,0.08900000,0.02800000,0.06100000,2552.08800000,5559.90600000,LOW_VOLUME_NODE
91146.20000000,0.32300000,0.03500000,0.28800000,3190.12050000,26250.13440000,LOW_VOLUME_NODE
91146.40000000,0.43800000,0.07700000,0.36100000,7018.28050000,32903.88650000,LOW_VOLUME_NODE
91146.70000000,0.23700000,0.04600000,0.19100000,4192.75280000,17409.03880000,LOW_VOLUME_NODE
91146.80000000,0.02000000,0.01800000,0.00200000,1640.64420000,182.29380000,LOW_VOLUME_NODE
91146.90000000,0.15500000,0.04400000,0.11100000,4010.46800000,10117.31700000,LOW_VOLUME_NODE
91147.70000000,0.10300000,0.01000000,0.09300000,911.47800000,8476.74540000,LOW_VOLUME_NODE
91147.80000000,0.10000000,0.04400000,0.05600000,4010.50760000,5104.28240000,LOW_VOLUME_NODE
91147.90000000,0.11200000,0.03000000,0.08200000,2734.44000000,7474.13600000,LOW_VOLUME_NODE
91148.10000000,0.35600000,0.13200000,0.22400000,12031.56120000,20417.18000000,LOW_VOLUME_NODE
91148.20000000,0.09400000,0.00300000,0.09100000,273.44490000,8294.49530000,LOW_VOLUME_NODE
91148.30000000,0.32100000,0.07100000,0.25000000,6471.53640000,22787.10000000,LOW_VOLUME_NODE
91148.40000000,0.44600000,0.40100000,0.04500000,36550.54850000,4101.68250000,LOW_VOLUME_NODE
91148.90000000,0.04600000,0.02400000,0.02200000,2187.57600000,2005.27800000,LOW_VOLUME_NODE
91149.10000000,0.18100000,0.07100000,0.11000000,6471.58630000,10026.40880000,LOW_VOLUME_NODE
91149.20000000,0.19900000,0.05700000,0.14200000,5195.51010000,12943.20060000,LOW_VOLUME_NODE
91149.70000000,0.12400000,0.01700000,0.10700000,1549.54660000,9753.02860000,LOW_VOLUME_NODE
91149.80000000,0.02400000,0.01200000,0.01200000,1093.79880000,1093.79880000,LOW_VOLUME_NODE
91150.10000000,0.08700000,0.06100000,0.02600000,5560.15990000,2369.90350000,LOW_VOLUME_NODE
91150.20000000,0.41700000,0.01300000,0.40400000,1184.95390000,36824.72120000,LOW_VOLUME_NODE
91150.30000000,0.04100000,0.03800000,0.00300000,3463.71520000,273.45120000,LOW_VOLUME_NODE
91150.40000000,0.04000000,0.02900000,0.01100000,2643.36450000,1002.65550000,LOW_VOLUME_NODE
91150.60000000,0.37600000,0.26900000,0.10700000,24519.53750000,9753.11600000,LOW_VOLUME_NODE
91150.70000000,0.24500000,0.11500000,0.13000000,10482.34200000,11849.60400000,LOW_VOLUME_NODE
91150.80000000,0.13500000,0.10700000,0.02800000,9753.14630000,2552.22520000,LOW_VOLUME_NODE
91150.90000000,0.18700000,0.04100000,0.14600000,3737.19100000,13308.04600000,LOW_VOLUME_NODE
91151.10000000,0.37200000,0.32800000,0.04400000,29897.56200000,4010.65000000,LOW_VOLUME_NODE
91151.20000000,0.20500000,0.17400000,0.03100000,15860.32620000,2825.69030000,LOW_VOLUME_NODE
91151.30000000,0.05300000,0.01000000,0.04300000,911.51400000,3919.51020000,LOW_VOLUME_NODE
91151.70000000,0.12900000,0.00500000,0.12400000,455.75900000,11302.82320000,LOW_VOLUME_NODE
91151.80000000,0.14100000,0.07400000,0.06700000,6745.24060000,6107.17730000,LOW_VOLUME_NODE
91152.10000000,0.51900000,0.49700000,0.02200000,45302.63290000,2005.34700000,LOW_VOLUME_NODE
91152.20000000,0.02400000,0.01900000,0.00500000,1731.89370000,455.76150000,LOW_VOLUME_NODE
91152.80000000,0.23100000,0.22100000,0.01000000,20144.79090000,911.52900000,LOW_VOLUME_NODE
91152.90000000,0.32400000,0.27700000,0.04700000,25249.38100000,4284.19100000,LOW_VOLUME_NODE
91153.20000000,0.06700000,0.01100000,0.05600000,1002.68630000,5104.58480000,LOW_VOLUME_NODE
91153.30000000,0.31500000,0.25800000,0.05700000,23517.57720000,5195.74380000,LOW_VOLUME_NODE
91153.60000000,0.16900000,0.12500000,0.04400000,11394.21050000,4010.76230000,LOW_VOLUME_NODE
91154.20000000,0.10300000,0.04200000,0.06100000,3828.48060000,5560.41230000,LOW_VOLUME_NODE
91154.30000000,0.05800000,0.05100000,0.00700000,4648.87440000,638.08080000,LOW_VOLUME_NODE
91154.40000000,0.04300000,0.02300000,0.02000000,2096.55350000,1823.09000000,LOW_VOLUME_NODE
91154.70000000,0.03600000,0.01600000,0.02000000,1458.47680000,1823.09600000,LOW_VOLUME_NODE
91154.80000000,0.18000000,0.16500000,0.01500000,15040.55850000,1367.32350000,LOW_VOLUME_NODE
91154.90000000,0.06300000,0.04200000,0.02100000,3828.51000000,1914.25500000,LOW_VOLUME_NODE
91155.80000000,0.24100000,0.21600000,0.02500000,19689.67440000,2278.89750000,LOW_VOLUME_NODE
91155.90000000,0.37200000,0.31600000,0.05600000,28805.29600000,5104.73600000,LOW_VOLUME_NODE
91156.10000000,0.37400000,0.24300000,0.13100000,22150.94530000,11941.46020000,LOW_VOLUME_NODE
91156.40000000,0.19800000,0.13700000,0.06100000,12488.44050000,5560.54650000,LOW_VOLUME_NODE
91156.60000000,0.37000000,0.27600000,0.09400000,25159.23840000,8568.72290000,LOW_VOLUME_NODE
91156.70000000,0.11600000,0.05700000,0.05900000,5195.93760000,5378.25120000,LOW_VOLUME_NODE
91156.80000000,0.20900000,0.17800000,0.03100000,16225.92820000,2825.86390000,LOW_VOLUME_NODE
91156.90000000,0.32000000,0.27800000,0.04200000,25341.64600000,3828.59400000,LOW_VOLUME_NODE
91157.40000000,0.45500000,0.44200000,0.01300000,40291.61500000,1185.04750000,LOW_VOLUME_NODE
91157.80000000,0.05100000,0.02800000,0.02300000,2552.42120000,2096.63170000,LOW_VOLUME_NODE
91158.40000000,0.25200000,0.24100000,0.01100000,21969.19850000,1002.74350000,LOW_VOLUME_NODE
91158.70000000,0.12700000,0.09400000,0.03300000,8568.92720000,3008.24040000,LOW_VOLUME_NODE
91158.90000000,0.51100000,0.48200000,0.02900000,43938.63800000,2643.61100000,LOW_VOLUME_NODE
91159.20000000,0.25600000,0.14100000,0.11500000,12853.46130000,10483.31950000,LOW_VOLUME_NODE
91159.30000000,0.40000000,0.09500000,0.30500000,8660.14300000,27803.61700000,LOW_VOLUME_NODE
91159.70000000,0.16800000,0.13000000,0.03800000,11850.77400000,3464.07240000,LOW_VOLUME_NODE
91159.90000000,0.38200000,0.14200000,0.24000000,12944.72000000,21878.40000000,LOW_VOLUME_NODE
91160.20000000,0.16900000,0.07300000,0.09600000,6654.70190000,8751.38880000,LOW_VOLUME_NODE
91160.30000000,0.06800000,0.04700000,0.02100000,4284.53880000,1914.36840000,LOW_VOLUME_NODE
91160.40000000,0.08400000,0.04300000,0.04100000,3919.90150000,3737.58050000,LOW_VOLUME_NODE
91160.60000000,0.05500000,0.03200000,0.02300000,2917.14100000,2096.69510000,LOW_VOLUME_NODE
91160.70000000,0.06600000,0.03200000,0.03400000,2917.14560000,3099.46720000,LOW_VOLUME_NODE
91160.80000000,0.18700000,0.02700000,0.16000000,2461.34430000,14585.74400000,LOW_VOLUME_NODE
91161.10000000,0.14200000,0.05100000,0.09100000,4649.21920000,8295.66600000,LOW_VOLUME_NODE
91161.20000000,0.05300000,0.02900000,0.02400000,2643.67770000,2187.87120000,LOW_VOLUME_NODE
91161.30000000,0.17200000,0.02500000,0.14700000,2279.03500000,13400.72580000,LOW_VOLUME_NODE
91161.40000000,0.03100000,0.00600000,0.02500000,546.96900000,2279.03750000,LOW_VOLUME_NODE
91161.60000000,0.12600000,0.01700000,0.10900000,1549.74780000,9936.61680000,LOW_VOLUME_NODE
91162.30000000,0.52200000,0.05300000,0.46900000,4831.60720000,42755.16560000,LOW_VOLUME_NODE
91162.80000000,0.08900000,0.07500000,0.01400000,6837.21750000,1276.28060000,LOW_VOLUME_NODE
91162.90000000,0.04400000,0.03200000,0.01200000,2917.21600000,1093.95600000,LOW_VOLUME_NODE
91163.10000000,0.25500000,0.02200000,0.23300000,2005.58910000,21241.00300000,LOW_VOLUME_NODE
91163.20000000,0.32700000,0.08000000,0.24700000,7293.06400000,22517.33510000,LOW_VOLUME_NODE
91164.10000000,0.28300000,0.11100000,0.17200000,10119.21720000,15680.23940000,LOW_VOLUME_NODE
91164.20000000,0.22000000,0.17600000,0.04400000,16044.91680000,4011.22920000,LOW_VOLUME_NODE
91164.40000000,0.33200000,0.31900000,0.01300000,29081.47550000,1185.13850000,LOW_VOLUME_NODE
91164.80000000,0.10900000,0.08100000,0.02800000,7384.35690000,2552.61720000,LOW_VOLUME_NODE
91164.90000000,0.05000000,0.02400000,0.02600000,2187.96000000,2370.29000000,LOW_VOLUME_NODE
91165.20000000,0.02600000,0.01100000,0.01500000,1002.81830000,1367.47950000,LOW_VOLUME_NODE
91165.30000000,0.03500000,0.02600000,0.00900000,2370.30040000,820.48860000,LOW_VOLUME_NODE
91165.70000000,0.15200000,0.03400000,0.11800000,3099.63720000,10757.56440000,LOW_VOLUME_NODE
91165.80000000,0.17700000,0.16000000,0.01700000,14586.54400000,1549.82030000,LOW_VOLUME_NODE
91165.90000000,0.04900000,0.01700000,0.03200000,1549.82200000,2917.31200000,LOW_VOLUME_NODE
91166.10000000,0.24900000,0.21000000,0.03900000,19144.90080000,3555.48040000,LOW_VOLUME_NODE
91166.20000000,0.12200000,0.01400000,0.10800000,1276.32820000,9845.96040000,LOW_VOLUME_NODE
91166.30000000,0.14300000,0.04800000,0.09500000,4375.98720000,8660.80800000,LOW_VOLUME_NODE
91166.60000000,0.12200000,0.08700000,0.03500000,7931.49620000,3190.83310000,LOW_VOLUME_NODE
91167.40000000,0.05500000,0.04300000,0.01200000,3920.20250000,1094.01000000,LOW_VOLUME_NODE
91167.70000000,0.05400000,0.02300000,0.03100000,2096.85940000,2826.20180000,LOW_VOLUME_NODE
91168.40000000,0.49000000,0.46500000,0.02500000,42393.35250000,2279.21250000,LOW_VOLUME_NODE
91168.60000000,0.48200000,0.21800000,0.26400000,19874.76900000,24068.51140000,LOW_VOLUME_NODE
91168.70000000,0.07700000,0.06500000,0.01200000,5925.97200000,1094.02560000,LOW_VOLUME_NODE
91168.80000000,0.09100000,0.08100000,0.01000000,7384.68090000,911.68900000,LOW_VOLUME_NODE
91168.90000000,0.20100000,0.16300000,0.03800000,14860.54700000,3464.42200000,LOW_VOLUME_NODE
91170.20000000,0.11900000,0.09900000,0.02000000,9025.85970000,1823.40600000,LOW_VOLUME_NODE
91170.30000000,0.04400000,0.02500000,0.01900000,2279.26000000,1732.23760000,LOW_VOLUME_NODE
91170.40000000,0.11400000,0.10800000,0.00600000,9846.41400000,547.02300000,LOW_VOLUME_NODE
91170.60000000,0.08400000,0.02100000,0.06300000,1914.58320000,5743.75080000,LOW_VOLUME_NODE
91170.70000000,0.36200000,0.13400000,0.22800000,12216.88720000,20786.94240000,LOW_VOLUME_NODE
91170.90000000,0.09000000,0.05200000,0.03800000,4740.89200000,3464.49800000,LOW_VOLUME_NODE
91171.10000000,0.09600000,0.07800000,0.01800000,7111.35280000,1641.08030000,LOW_VOLUME_NODE
91171.20000000,0.18900000,0.17700000,0.01200000,16137.32010000,1094.05560000,LOW_VOLUME_NODE
91171.30000000,0.09600000,0.03900000,0.05700000,3555.68460000,5196.76980000,LOW_VOLUME_NODE
91171.70000000,0.47400000,0.34500000,0.12900000,31454.27100000,11761.16220000,LOW_VOLUME_NODE
91172.20000000,0.33000000,0.01100000,0.31900000,1002.89530000,29083.96370000,LOW_VOLUME_NODE
91172.40000000,0.01700000,0.01000000,0.00700000,911.72500000,638.20750000,LOW_VOLUME_NODE
91172.80000000,0.16800000,0.14500000,0.02300000,13220.07050000,2096.97670000,LOW_VOLUME_NODE
91173.10000000,0.10700000,0.09300000,0.01400000,8479.10650000,1276.42390000,LOW_VOLUME_NODE
91173.30000000,0.01900000,0.01600000,0.00300000,1458.77440000,273.52020000,LOW_VOLUME_NODE
91173.40000000,0.31900000,0.01300000,0.30600000,1185.25550000,27899.09100000,LOW_VOLUME_NODE
91173.60000000,0.29400000,0.25700000,0.03700000,23431.63430000,3373.42410000,LOW_VOLUME_NODE
91173.80000000,0.15000000,0.02500000,0.12500000,2279.34750000,11396.73750000,LOW_VOLUME_NODE
91174.10000000,0.11000000,0.06100000,0.04900000,5561.62270000,4467.53520000,LOW_VOLUME_NODE
91174.20000000,0.10700000,0.10100000,0.00600000,9208.60430000,547.04580000,LOW_VOLUME_NODE
91174.30000000,0.23100000,0.15600000,0.07500000,14223.20640000,6838.08000000,LOW_VOLUME_NODE
91174.70000000,0.12200000,0.09600000,0.02600000,8752.78080000,2370.54480000,LOW_VOLUME_NODE
91174.80000000,0.03700000,0.02000000,0.01700000,1823.49800000,1549.97330000,LOW_VOLUME_NODE
91174.90000000,0.24100000,0.15100000,0.09000000,13767.42500000,8205.75000000,LOW_VOLUME_NODE
91175.30000000,0.08700000,0.02100000,0.06600000,1914.68340000,6017.57640000,LOW_VOLUME_NODE
91175.40000000,0.04400000,0.00600000,0.03800000,547.05300000,3464.66900000,LOW_VOLUME_NODE
91175.60000000,0.25600000,0.12200000,0.13400000,11123.42320000,12217.53970000,LOW_VOLUME_NODE
91175.70000000,0.44800000,0.42700000,0.02100000,38932.06660000,1914.69180000,LOW_VOLUME_NODE
91176.20000000,0.08500000,0.06200000,0.02300000,5652.93060000,2097.05490000,LOW_VOLUME_NODE
91176.30000000,0.40900000,0.07700000,0.33200000,7020.58280000,30270.56480000,LOW_VOLUME_NODE
91177.60000000,0.16300000,0.02400000,0.13900000,2188.26330000,12673.69390000,LOW_VOLUME_NODE
91177.70000000,0.09100000,0.02300000,0.06800000,2097.08940000,6200.09040000,LOW_VOLUME_NODE
91177.80000000,0.02400000,0.01400000,0.01000000,1276.49060000,911.77900000,LOW_VOLUME_NODE
91178.20000000,0.01000000,0.00500000,0.00500000,455.89150000,455.89150000,LOW_VOLUME_NODE
91178.30000000,0.06300000,0.00600000,0.05700000,547.07040000,5197.16880000,LOW_VOLUME_NODE
91178.40000000,0.03400000,0.02000000,0.01400000,1823.57000000,1276.49900000,LOW_VOLUME_NODE
91178.60000000,0.08800000,0.05600000,0.03200000,5106.00570000,2917.71630000,LOW_VOLUME_NODE
91178.70000000,0.10900000,0.00300000,0.10600000,273.53640000,9664.95280000,LOW_VOLUME_NODE
91178.80000000,0.43100000,0.35900000,0.07200000,32733.22510000,6564.88080000,LOW_VOLUME_NODE
91178.90000000,0.41200000,0.13100000,0.28100000,11944.44900000,25621.29900000,LOW_VOLUME_NODE
91179.10000000,0.40100000,0.37300000,0.02800000,34009.80630000,2553.01660000,LOW_VOLUME_NODE
91179.20000000,0.04200000,0.01200000,0.03000000,1094.15160000,2735.37900000,LOW_VOLUME_NODE
91179.30000000,0.39100000,0.02900000,0.36200000,2644.20260000,33006.94280000,LOW_VOLUME_NODE
91179.40000000,0.27600000,0.26000000,0.01600000,23706.67000000,1458.87200000,LOW_VOLUME_NODE
91179.60000000,0.35300000,0.25000000,0.10300000,22794.92300000,9391.50390000,LOW_VOLUME_NODE
91179.70000000,0.32000000,0.10700000,0.21300000,9756.23860000,19421.29740000,LOW_VOLUME_NODE
91180.10000000,0.28400000,0.25000000,0.03400000,22795.02620000,3100.12480000,LOW_VOLUME_NODE
91180.70000000,0.27700000,0.06100000,0.21600000,5562.02880000,19695.05280000,LOW_VOLUME_NODE
91180.80000000,0.03500000,0.01700000,0.01800000,1550.07530000,1641.25620000,LOW_VOLUME_NODE
91180.90000000,0.11700000,0.10100000,0.01600000,9209.28100000,1458.89600000,LOW_VOLUME_NODE
91181.10000000,0.44400000,0.04100000,0.40300000,3738.42770000,36746.02220000,LOW_VOLUME_NODE
91181.30000000,0.33300000,0.15300000,0.18000000,13950.75420000,16412.65200000,LOW_VOLUME_NODE
91181.40000000,0.08900000,0.02400000,0.06500000,2188.35600000,5926.79750000,LOW_VOLUME_NODE
91181.60000000,0.42700000,0.25900000,0.16800000,23616.05710000,15318.51030000,LOW_VOLUME_NODE
91181.70000000,0.27800000,0.02000000,0.25800000,1823.63600000,23524.90440000,LOW_VOLUME_NODE
91181.90000000,0.15000000,0.04500000,0.10500000,4103.19000000,9574.11000000,LOW_VOLUME_NODE
91182.20000000,0.19700000,0.16500000,0.03200000,15045.07950000,2917.83360000,LOW_VOLUME_NODE
91182.30000000,0.41900000,0.13000000,0.28900000,11853.71200000,26351.71360000,LOW_VOLUME_NODE
91182.40000000,0.09000000,0.01700000,0.07300000,1550.10250000,6656.32250000,LOW_VOLUME_NODE
91182.70000000,0.47600000,0.44200000,0.03400000,40302.79760000,3100.21520000,LOW_VOLUME_NODE
91182.80000000,0.13500000,0.12900000,0.00600000,11762.59410000,547.09740000,LOW_VOLUME_NODE
91182.90000000,0.23600000,0.22200000,0.01400000,20242.62600000,1276.56200000,LOW_VOLUME_NODE
91183.30000000,0.41900000,0.40100000,0.01800000,36564.54340000,1641.30120000,LOW_VOLUME_NODE
91183.40000000,0.18300000,0.08600000,0.09700000,7841.78100000,8844.79950000,LOW_VOLUME_NODE
91183.60000000,0.09600000,0.07500000,0.02100000,6838.77090000,1914.85690000,LOW_VOLUME_NODE
91183.70000000,0.03700000,0.01600000,0.02100000,1458.94080000,1914.85980000,LOW_VOLUME_NODE
91183.80000000,0.02800000,0.02300000,0.00500000,2097.22970000,455.91950000,LOW_VOLUME_NODE
91183.90000000,0.10800000,0.02300000,0.08500000,2097.23200000,7750.64000000,LOW_VOLUME_NODE
91184.20000000,0.02800000,0.00700000,0.02100000,638.29010000,1914.87030000,LOW_VOLUME_NODE
91184.30000000,0.06600000,0.05700000,0.00900000,5197.51080000,820.65960000,LOW_VOLUME_NODE
91184.40000000,0.11900000,0.01800000,0.10100000,1641.32100000,9209.63450000,LOW_VOLUME_NODE
91184.60000000,0.08500000,0.03600000,0.04900000,3282.64690000,4468.04840000,LOW_VOLUME_NODE
91184.70000000,0.02400000,0.00600000,0.01800000,547.10880000,1641.32640000,LOW_VOLUME_NODE
91185.20000000,0.41100000,0.28900000,0.12200000,26352.55170000,11124.60660000,LOW_VOLUME_NODE
91185.30000000,0.06500000,0.05100000,0.01400000,4650.45540000,1276.59560000,LOW_VOLUME_NODE
91185.40000000,0.31400000,0.00800000,0.30600000,729.48400000,27902.76300000,LOW_VOLUME_NODE
91185.60000000,0.08800000,0.02600000,0.06200000,2370.82560000,5653.51220000,LOW_VOLUME_NODE
91185.70000000,0.13300000,0.11500000,0.01800000,10486.36700000,1641.34440000,LOW_VOLUME_NODE
91185.80000000,0.48100000,0.05500000,0.42600000,5015.22450000,38845.19340000,LOW_VOLUME_NODE
91185.90000000,0.06500000,0.05900000,0.00600000,5379.97400000,547.11600000,LOW_VOLUME_NODE
91186.40000000,0.11800000,0.01500000,0.10300000,1367.79750000,9392.20950000,LOW_VOLUME_NODE
91186.60000000,0.10600000,0.08700000,0.01900000,7933.24110000,1732.54620000,LOW_VOLUME_NODE
91186.70000000,0.18300000,0.07700000,0.10600000,7021.38360000,9665.80080000,LOW_VOLUME_NODE
91186.80000000,0.03600000,0.01700000,0.01900000,1550.17730000,1732.55110000,LOW_VOLUME_NODE
91186.90000000,0.06300000,0.01600000,0.04700000,1458.99200000,4285.78900000,LOW_VOLUME_NODE
91187.20000000,0.02200000,0.01000000,0.01200000,911.87300000,1094.24760000,LOW_VOLUME_NODE
91187.30000000,0.07200000,0.01600000,0.05600000,1458.99840000,5106.49440000,LOW_VOLUME_NODE
91187.40000000,0.12200000,0.01200000,0.11000000,1094.25000000,10030.62500000,LOW_VOLUME_NODE
91187.60000000,0.39800000,0.13300000,0.26500000,12127.95510000,24164.73820000,LOW_VOLUME_NODE
91188.20000000,0.25900000,0.24100000,0.01800000,21976.38030000,1641.38940000,LOW_VOLUME_NODE
91188.30000000,0.16800000,0.15900000,0.00900000,14498.95560000,820.69560000,LOW_VOLUME_NODE
91188.90000000,0.03700000,0.03200000,0.00500000,2918.04800000,455.94500000,LOW_VOLUME_NODE
91189.20000000,0.12600000,0.02200000,0.10400000,2006.16460000,9483.68720000,LOW_VOLUME_NODE
91189.30000000,0.03800000,0.01700000,0.02100000,1550.21980000,1914.97740000,LOW_VOLUME_NODE
91189.40000000,0.20400000,0.14400000,0.06000000,13131.28800000,5471.37000000,LOW_VOLUME_NODE
91189.80000000,0.12400000,0.05200000,0.07200000,4741.87480000,6565.67280000,LOW_VOLUME_NODE
91190.10000000,0.50500000,0.45700000,0.04800000,41673.88770000,4377.12650000,LOW_VOLUME_NODE
91190.20000000,0.33200000,0.21400000,0.11800000,19514.72420000,10760.45540000,LOW_VOLUME_NODE
91190.30000000,0.19200000,0.17000000,0.02200000,15502.36800000,2006.18880000,LOW_VOLUME_NODE
91190.40000000,0.20800000,0.06000000,0.14800000,5471.43000000,13496.19400000,LOW_VOLUME_NODE
91190.70000000,0.03000000,0.00600000,0.02400000,547.14480000,2188.57920000,LOW_VOLUME_NODE
91190.80000000,0.01800000,0.01200000,0.00600000,1094.29080000,547.14540000,LOW_VOLUME_NODE
91190.90000000,0.02100000,0.01100000,0.01000000,1003.10100000,911.91000000,LOW_VOLUME_NODE
91191.10000000,0.29900000,0.26100000,0.03800000,23800.87900000,3465.26290000,LOW_VOLUME_NODE
91191.20000000,0.18500000,0.01900000,0.16600000,1732.63470000,15137.75580000,LOW_VOLUME_NODE
91191.30000000,0.17700000,0.01600000,0.16100000,1459.06240000,14681.81540000,LOW_VOLUME_NODE
91191.70000000,0.06700000,0.00200000,0.06500000,182.38360000,5927.46700000,LOW_VOLUME_NODE
91191.90000000,0.11400000,0.04800000,0.06600000,4377.21600000,6018.67200000,LOW_VOLUME_NODE
91192.30000000,0.07300000,0.04400000,0.02900000,4012.46560000,2644.57960000,LOW_VOLUME_NODE
91192.40000000,0.52000000,0.36900000,0.15100000,33650.03250000,13770.06750000,LOW_VOLUME_NODE
91192.70000000,0.21500000,0.19700000,0.01800000,17964.98160000,1641.47040000,LOW_VOLUME_NODE
91192.80000000,0.12000000,0.11600000,0.00400000,10578.37640000,364.77160000,LOW_VOLUME_NODE
91192.90000000,0.18300000,0.16500000,0.01800000,15046.84500000,1641.47400000,LOW_VOLUME_NODE
91193.10000000,0.16900000,0.11900000,0.05000000,10851.98200000,4559.65730000,LOW_VOLUME_NODE
91193.20000000,0.50800000,0.00900000,0.49900000,820.73970000,45505.45670000,LOW_VOLUME_NODE
91193.40000000,0.03900000,0.02300000,0.01600000,2097.45050000,1459.09600000,LOW_VOLUME_NODE
91193.60000000,0.19500000,0.06000000,0.13500000,5471.61760000,12311.14860000,LOW_VOLUME_NODE
91193.70000000,0.07100000,0.05900000,0.01200000,5380.43420000,1094.32560000,LOW_VOLUME_NODE
91193.80000000,0.19800000,0.19100000,0.00700000,17418.03490000,638.35730000,LOW_VOLUME_NODE
91194.20000000,0.23200000,0.14900000,0.08300000,13587.95070000,7569.12690000,LOW_VOLUME_NODE
91194.60000000,0.07600000,0.01400000,0.06200000,1276.72530000,5654.06640000,LOW_VOLUME_NODE
91194.90000000,0.18800000,0.14400000,0.04400000,13132.08000000,4012.58000000,LOW_VOLUME_NODE
91195.10000000,0.33400000,0.21800000,0.11600000,19880.53630000,10578.63220000,LOW_VOLUME_NODE
91195.20000000,0.02000000,0.01400000,0.00600000,1276.73420000,547.17180000,LOW_VOLUME_NODE
91195.30000000,0.11100000,0.10600000,0.00500000,9666.71240000,455.97700000,LOW_VOLUME_NODE
91195.40000000,0.11100000,0.09000000,0.02100000,8207.59500000,1915.10550000,LOW_VOLUME_NODE
91195.60000000,0.21900000,0.05800000,0.16100000,5289.34480000,14682.50080000,LOW_VOLUME_NODE
91195.70000000,0.03000000,0.01300000,0.01700000,1185.54540000,1550.32860000,LOW_VOLUME_NODE
91196.20000000,0.02700000,0.01700000,0.01000000,1550.33710000,911.96300000,LOW_VOLUME_NODE
91196.30000000,0.04800000,0.04300000,0.00500000,3921.44520000,455.98200000,LOW_VOLUME_NODE
91196.40000000,0.02700000,0.02200000,0.00500000,2006.32300000,455.98250000,LOW_VOLUME_NODE
91196.60000000,0.05800000,0.03100000,0.02700000,2827.09520000,2462.30980000,LOW_VOLUME_NODE
91196.70000000,0.03500000,0.02200000,0.01300000,2006.32960000,1185.55840000,LOW_VOLUME_NODE
91196.80000000,0.07800000,0.01100000,0.06700000,1003.16590000,6110.19230000,LOW_VOLUME_NODE
91196.90000000,0.35000000,0.31800000,0.03200000,29000.64600000,2918.30400000,LOW_VOLUME_NODE
91197.10000000,0.37900000,0.10600000,0.27300000,9666.90080000,24896.82710000,LOW_VOLUME_NODE
91197.40000000,0.04100000,0.02800000,0.01300000,2553.53000000,1185.56750000,LOW_VOLUME_NODE
91197.70000000,0.02300000,0.00500000,0.01800000,455.98900000,1641.56040000,LOW_VOLUME_NODE
91197.80000000,0.06200000,0.05400000,0.00800000,4924.68660000,729.58320000,LOW_VOLUME_NODE
91197.90000000,0.02800000,0.01000000,0.01800000,911.98000000,1641.56400000,LOW_VOLUME_NODE
91198.10000000,0.08500000,0.07700000,0.00800000,7022.25810000,729.58540000,LOW_VOLUME_NODE
91198.20000000,0.01300000,0.01000000,0.00300000,911.98300000,273.59490000,LOW_VOLUME_NODE
91198.30000000,0.02100000,0.01000000,0.01100000,911.98400000,1003.18240000,LOW_VOLUME_NODE
91198.40000000,0.01700000,0.01100000,0.00600000,1003.18350000,547.19100000,LOW_VOLUME_NODE
91198.60000000,0.03800000,0.02600000,0.01200000,2371.16470000,1094.38440000,LOW_VOLUME_NODE
91198.70000000,0.13600000,0.12400000,0.01200000,11308.65120000,1094.38560000,LOW_VOLUME_NODE
91199.20000000,0.02000000,0.01500000,0.00500000,1367.98950000,455.99650000,LOW_VOLUME_NODE
91199.30000000,0.05800000,0.02800000,0.03000000,2553.58320000,2735.98200000,LOW_VOLUME_NODE
91199.60000000,0.05900000,0.03500000,0.02400000,3191.98690000,2188.79130000,LOW_VOLUME_NODE
91199.70000000,0.22200000,0.03500000,0.18700000,3191.99300000,17054.36260000,LOW_VOLUME_NODE
91200.20000000,0.07400000,0.05700000,0.01700000,5198.41710000,1550.40510000,LOW_VOLUME_NODE
91200.30000000,0.00800000,0.00500000,0.00300000,456.00200000,273.60120000,LOW_VOLUME_NODE
91200.40000000,0.03100000,0.00800000,0.02300000,729.60400000,2097.61150000,LOW_VOLUME_NODE
91200.60000000,0.31400000,0.01800000,0.29600000,1641.61100000,26995.38740000,LOW_VOLUME_NODE
91200.70000000,0.30700000,0.00200000,0.30500000,182.40160000,27816.24400000,LOW_VOLUME_NODE
91200.80000000,0.00900000,0.00300000,0.00600000,273.60270000,547.20540000,LOW_VOLUME_NODE
91200.90000000,0.07000000,0.05100000,0.01900000,4651.25100000,1732.81900000,LOW_VOLUME_NODE
91201.10000000,0.18400000,0.08700000,0.09700000,7934.49570000,8846.51480000,LOW_VOLUME_NODE
91201.20000000,0.01700000,0.00600000,0.01100000,547.20780000,1003.21430000,LOW_VOLUME_NODE
91201.30000000,0.09100000,0.07500000,0.01600000,6840.10500000,1459.22240000,LOW_VOLUME_NODE
91201.40000000,0.10000000,0.08200000,0.01800000,7478.52300000,1641.62700000,LOW_VOLUME_NODE
91201.60000000,0.19300000,0.10500000,0.08800000,9576.16830000,8025.74830000,LOW_VOLUME_NODE
91201.70000000,0.02500000,0.00800000,0.01700000,729.61440000,1550.43060000,LOW_VOLUME_NODE
91201.80000000,0.12600000,0.02200000,0.10400000,2006.44180000,9484.99760000,LOW_VOLUME_NODE
91201.90000000,0.07400000,0.06700000,0.00700000,6110.53400000,638.41400000,LOW_VOLUME_NODE
91202.10000000,0.23500000,0.03600000,0.19900000,3283.27760000,18149.23580000,LOW_VOLUME_NODE
91202.20000000,0.17100000,0.15500000,0.01600000,14136.35650000,1459.23680000,LOW_VOLUME_NODE
91202.30000000,0.11200000,0.06700000,0.04500000,6110.56080000,4104.10800000,LOW_VOLUME_NODE
91202.40000000,0.03900000,0.02800000,0.01100000,2553.67000000,1003.22750000,LOW_VOLUME_NODE
91202.70000000,0.12100000,0.06400000,0.05700000,5836.97920000,5198.55960000,LOW_VOLUME_NODE
91202.80000000,0.02800000,0.01600000,0.01200000,1459.24640000,1094.43480000,LOW_VOLUME_NODE
91202.90000000,0.01900000,0.00800000,0.01100000,729.62400000,1003.23300000,LOW_VOLUME_NODE
91203.30000000,0.19900000,0.12900000,0.07000000,11765.23860000,6384.23800000,LOW_VOLUME_NODE
91203.40000000,0.01100000,0.00600000,0.00500000,547.22100000,456.01750000,LOW_VOLUME_NODE
91203.60000000,0.18700000,0.16900000,0.01800000,15413.41180000,1641.66550000,LOW_VOLUME_NODE
91203.70000000,0.04000000,0.02600000,0.01400000,2371.29880000,1276.85320000,LOW_VOLUME_NODE
91203.80000000,0.07400000,0.05700000,0.01700000,5198.62230000,1550.46630000,LOW_VOLUME_NODE
91203.90000000,0.04600000,0.03300000,0.01300000,3009.73200000,1185.65200000,LOW_VOLUME_NODE
91204.10000000,0.13000000,0.02300000,0.10700000,2097.69540000,9758.84000000,LOW_VOLUME_NODE
91204.20000000,0.03900000,0.00600000,0.03300000,547.22580000,3009.74190000,LOW_VOLUME_NODE
91204.40000000,0.14300000,0.14000000,0.00300000,12768.63000000,273.61350000,LOW_VOLUME_NODE
91204.60000000,0.27200000,0.21100000,0.06100000,19244.17090000,5563.48590000,LOW_VOLUME_NODE
91204.70000000,0.23000000,0.19600000,0.03400000,17876.14080000,3100.96320000,LOW_VOLUME_NODE
91205.20000000,0.02100000,0.00000000,0.02100000,0.00000000,1915.31130000,LOW_VOLUME_NODE
91205.30000000,0.06600000,0.04700000,0.01900000,4286.65380000,1732.90260000,LOW_VOLUME_NODE
91205.40000000,0.34100000,0.03300000,0.30800000,3009.78150000,28091.29400000,LOW_VOLUME_NODE
91205.60000000,0.14000000,0.12800000,0.01200000,11674.32620000,1094.46840000,LOW_VOLUME_NODE
91205.70000000,0.12300000,0.09100000,0.03200000,8299.72780000,2918.58560000,LOW_VOLUME_NODE
91205.80000000,0.04600000,0.02100000,0.02500000,1915.32390000,2280.14750000,LOW_VOLUME_NODE
91205.90000000,0.24300000,0.17600000,0.06700000,16052.25600000,6110.80200000,LOW_VOLUME_NODE
91206.20000000,0.10800000,0.08800000,0.02000000,8026.15440000,1824.12600000,LOW_VOLUME_NODE
91206.30000000,0.05600000,0.05400000,0.00200000,4925.14560000,182.41280000,LOW_VOLUME_NODE
91206.40000000,0.06600000,0.04000000,0.02600000,3648.26000000,2371.36900000,LOW_VOLUME_NODE
91206.60000000,0.11400000,0.09000000,0.02400000,8208.59510000,2188.96000000,LOW_VOLUME_NODE
91206.70000000,0.03400000,0.01900000,0.01500000,1732.92920000,1368.10200000,LOW_VOLUME_NODE
91206.80000000,0.16900000,0.16400000,0.00500000,14957.93160000,456.03450000,LOW_VOLUME_NODE
91206.90000000,0.02000000,0.01300000,0.00700000,1185.69100000,638.44900000,LOW_VOLUME_NODE
91207.10000000,0.03100000,0.01100000,0.02000000,1003.27830000,1824.14350000,LOW_VOLUME_NODE
91207.20000000,0.01900000,0.00400000,0.01500000,364.82920000,1368.10950000,LOW_VOLUME_NODE
91207.30000000,0.03700000,0.02400000,0.01300000,2188.97760000,1185.69620000,LOW_VOLUME_NODE
91207.40000000,0.37300000,0.01100000,0.36200000,1003.28250000,33017.11500000,LOW_VOLUME_NODE
91207.70000000,0.32800000,0.24500000,0.08300000,22345.91100000,7570.24740000,LOW_VOLUME_NODE
91207.80000000,0.44900000,0.11300000,0.33600000,10306.49270000,30645.85440000,LOW_VOLUME_NODE
91208.20000000,0.08900000,0.01200000,0.07700000,1094.49960000,7023.03910000,LOW_VOLUME_NODE
91208.30000000,0.41200000,0.07800000,0.33400000,7114.25520000,30463.60560000,LOW_VOLUME_NODE
91208.40000000,0.04600000,0.02300000,0.02300000,2097.79550000,2097.79550000,LOW_VOLUME_NODE
91208.60000000,0.23800000,0.10100000,0.13700000,9212.07700000,12495.58390000,LOW_VOLUME_NODE
91208.70000000,0.48300000,0.00600000,0.47700000,547.25280000,43506.59760000,LOW_VOLUME_NODE
91208.80000000,0.11000000,0.09700000,0.01300000,8847.26330000,1185.71570000,LOW_VOLUME_NODE
91208.90000000,0.03200000,0.01200000,0.02000000,1094.50800000,1824.18000000,LOW_VOLUME_NODE
91209.10000000,0.15200000,0.02900000,0.12300000,2645.06480000,11218.72570000,LOW_VOLUME_NODE
91209.20000000,0.26900000,0.01100000,0.25800000,1003.30230000,23531.99940000,LOW_VOLUME_NODE
91209.40000000,0.29100000,0.09100000,0.20000000,8300.06450000,18241.90000000,LOW_VOLUME_NODE
91209.70000000,0.11500000,0.08400000,0.03100000,7661.62320000,2827.50380000,LOW_VOLUME_NODE
91209.80000000,0.34100000,0.26800000,0.07300000,24444.25320000,6658.32270000,LOW_VOLUME_NODE
91210.20000000,0.03300000,0.02400000,0.00900000,2189.04720000,820.89270000,LOW_VOLUME_NODE
91210.30000000,0.11000000,0.02200000,0.08800000,2006.62880000,8026.51520000,LOW_VOLUME_NODE
91210.40000000,0.12200000,0.07100000,0.05100000,6475.94550000,4651.73550000,LOW_VOLUME_NODE
91210.60000000,0.12700000,0.07000000,0.05700000,6384.74420000,5199.00610000,LOW_VOLUME_NODE
91210.70000000,0.03100000,0.00800000,0.02300000,729.68640000,2097.84840000,LOW_VOLUME_NODE
91210.80000000,0.28200000,0.25900000,0.02300000,23623.62310000,2097.85070000,LOW_VOLUME_NODE
91210.90000000,0.17900000,0.01100000,0.16800000,1003.32100000,15323.44800000,LOW_VOLUME_NODE
91211.40000000,0.26600000,0.17700000,0.08900000,16144.43550000,8117.82350000,LOW_VOLUME_NODE
91211.70000000,0.22700000,0.20300000,0.02400000,18515.99540000,2189.08320000,LOW_VOLUME_NODE
91211.80000000,0.09000000,0.08000000,0.01000000,7296.95200000,912.11900000,LOW_VOLUME_NODE
91211.90000000,0.14500000,0.11800000,0.02700000,10763.01600000,2462.72400000,LOW_VOLUME_NODE
91212.10000000,0.27900000,0.20000000,0.07900000,18242.42350000,7205.76270000,LOW_VOLUME_NODE
91212.20000000,0.51100000,0.48600000,0.02500000,44329.17780000,2280.30750000,LOW_VOLUME_NODE
91212.30000000,0.04400000,0.01500000,0.02900000,1368.18600000,2645.15960000,LOW_VOLUME_NODE
91212.40000000,0.05600000,0.02300000,0.03300000,2097.88750000,3010.01250000,LOW_VOLUME_NODE
91212.80000000,0.38800000,0.37300000,0.01500000,34022.41170000,1368.19350000,LOW_VOLUME_NODE
91212.90000000,0.25700000,0.24200000,0.01500000,22073.54600000,1368.19500000,LOW_VOLUME_NODE
91213.20000000,0.05100000,0.03000000,0.02100000,2736.39900000,1915.47930000,LOW_VOLUME_NODE
91213.30000000,0.14700000,0.05900000,0.08800000,5381.59060000,8026.77920000,LOW_VOLUME_NODE
91213.40000000,0.05700000,0.03300000,0.02400000,3010.04550000,2189.12400000,LOW_VOLUME_NODE
91213.60000000,0.27200000,0.08900000,0.18300000,8118.01770000,16692.09000000,LOW_VOLUME_NODE
91213.70000000,0.11600000,0.10400000,0.01200000,9486.23520000,1094.56560000,LOW_VOLUME_NODE
91213.90000000,0.11400000,0.09800000,0.01600000,8938.97200000,1459.42400000,LOW_VOLUME_NODE
91214.30000000,0.12700000,0.06600000,0.06100000,6020.15040000,5564.07840000,LOW_VOLUME_NODE
91214.60000000,0.23300000,0.04300000,0.19000000,3922.22940000,17330.79210000,LOW_VOLUME_NODE
91214.70000000,0.13400000,0.12000000,0.01400000,10945.77600000,1277.00720000,LOW_VOLUME_NODE
91214.80000000,0.10800000,0.10000000,0.00800000,9121.49000000,729.71920000,LOW_VOLUME_NODE
91214.90000000,0.25800000,0.09700000,0.16100000,8847.85500000,14685.61500000,LOW_VOLUME_NODE
91215.20000000,0.51100000,0.50300000,0.00800000,45881.29590000,729.72240000,LOW_VOLUME_NODE
91215.30000000,0.05900000,0.05000000,0.00900000,4560.77000000,820.93860000,LOW_VOLUME_NODE
91215.40000000,0.07800000,0.07200000,0.00600000,6567.51600000,547.29300000,LOW_VOLUME_NODE
91215.70000000,0.24300000,0.02600000,0.21700000,2371.61080000,19793.82860000,LOW_VOLUME_NODE
91215.90000000,0.09100000,0.01500000,0.07600000,1368.24000000,6932.41600000,LOW_VOLUME_NODE
91216.20000000,0.02600000,0.01400000,0.01200000,1277.02820000,1094.59560000,LOW_VOLUME_NODE
91216.30000000,0.06800000,0.01800000,0.05000000,1641.89520000,4560.82000000,LOW_VOLUME_NODE
91216.40000000,0.52100000,0.11400000,0.40700000,10398.68100000,37125.11550000,LOW_VOLUME_NODE
91216.60000000,0.04600000,0.03200000,0.01400000,2918.93250000,1277.03350000,LOW_VOLUME_NODE
91216.70000000,0.19300000,0.05700000,0.13600000,5199.35760000,12405.48480000,LOW_VOLUME_NODE
91216.80000000,0.07700000,0.02900000,0.04800000,2645.29010000,4378.41120000,LOW_VOLUME_NODE
91216.90000000,0.12300000,0.00900000,0.11400000,820.95300000,10398.73800000,LOW_VOLUME_NODE
91217.20000000,0.06300000,0.05300000,0.01000000,4834.51690000,912.17300000,LOW_VOLUME_NODE
91217.30000000,0.02400000,0.01500000,0.00900000,1368.26100000,820.95660000,LOW_VOLUME_NODE
91217.40000000,0.02500000,0.01800000,0.00700000,1641.91500000,638.52250000,LOW_VOLUME_NODE
91217.70000000,0.01800000,0.01300000,0.00500000,1185.83140000,456.08900000,LOW_VOLUME_NODE
91217.80000000,0.01500000,0.00500000,0.01000000,456.08950000,912.17900000,LOW_VOLUME_NODE
91217.90000000,0.02800000,0.01000000,0.01800000,912.18000000,1641.92400000,LOW_VOLUME_NODE
91218.10000000,0.02200000,0.01400000,0.00800000,1277.05390000,729.74560000,LOW_VOLUME_NODE
91218.20000000,0.26900000,0.00600000,0.26300000,547.30980000,23990.41290000,LOW_VOLUME_NODE
91218.70000000,0.05400000,0.04800000,0.00600000,4378.50240000,547.31280000,LOW_VOLUME_NODE
91218.80000000,0.01000000,0.01000000,0.00000000,912.18900000,0.00000000,LOW_VOLUME_NODE
91218.90000000,0.07700000,0.05300000,0.02400000,4834.60700000,2189.25600000,LOW_VOLUME_NODE
91219.30000000,0.01400000,0.01000000,0.00400000,912.19400000,364.87760000,LOW_VOLUME_NODE
91219.40000000,0.22300000,0.00900000,0.21400000,820.97550000,19520.97300000,LOW_VOLUME_NODE
91219.70000000,0.19900000,0.07300000,0.12600000,6659.04540000,11493.69480000,LOW_VOLUME_NODE
91220.10000000,0.17400000,0.10300000,0.07100000,9395.67480000,6476.63070000,LOW_VOLUME_NODE
91220.20000000,0.02500000,0.00500000,0.02000000,456.10150000,1824.40600000,LOW_VOLUME_NODE
91220.30000000,0.06400000,0.02100000,0.04300000,1915.62840000,3922.47720000,LOW_VOLUME_NODE
91220.40000000,0.02100000,0.01000000,0.01100000,912.20500000,1003.42550000,LOW_VOLUME_NODE
91220.60000000,0.05800000,0.02500000,0.03300000,2280.51610000,3010.28250000,LOW_VOLUME_NODE
91220.70000000,0.07000000,0.00900000,0.06100000,820.98720000,5564.46880000,LOW_VOLUME_NODE
91220.80000000,0.02600000,0.02300000,0.00300000,2098.08070000,273.66270000,LOW_VOLUME_NODE
91220.90000000,0.03600000,0.01800000,0.01800000,1641.97800000,1641.97800000,LOW_VOLUME_NODE
91221.30000000,0.01200000,0.00200000,0.01000000,182.44280000,912.21400000,LOW_VOLUME_NODE
91221.40000000,0.02900000,0.00800000,0.02100000,729.77200000,1915.65150000,LOW_VOLUME_NODE
91221.70000000,0.27600000,0.25200000,0.02400000,22987.89360000,2189.32320000,LOW_VOLUME_NODE
91222.20000000,0.08000000,0.04800000,0.03200000,4378.67040000,2919.11360000,LOW_VOLUME_NODE
91222.30000000,0.19900000,0.01100000,0.18800000,1003.44640000,17149.81120000,LOW_VOLUME_NODE
91222.40000000,0.04600000,0.04600000,0.00000000,4196.23500000,0.00000000,LOW_VOLUME_NODE
91222.60000000,0.03600000,0.00900000,0.02700000,821.00370000,2463.01100000,LOW_VOLUME_NODE
91222.80000000,0.00500000,0.00000000,0.00500000,0.00000000,456.11450000,LOW_VOLUME_NODE
91222.90000000,0.12700000,0.11900000,0.00800000,10855.53700000,729.78400000,LOW_VOLUME_NODE
91223.10000000,0.40000000,0.23600000,0.16400000,21528.65260000,14960.59410000,LOW_VOLUME_NODE
91223.20000000,0.01500000,0.00300000,0.01200000,273.66990000,1094.67960000,LOW_VOLUME_NODE
91223.30000000,0.00600000,0.00600000,0.00000000,547.34040000,0.00000000,LOW_VOLUME_NODE
91223.40000000,0.16100000,0.00900000,0.15200000,821.01150000,13865.97200000,LOW_VOLUME_NODE
91223.80000000,0.11600000,0.09400000,0.02200000,8575.04660000,2006.92580000,LOW_VOLUME_NODE
91223.90000000,0.40400000,0.06400000,0.34000000,5838.33600000,31016.16000000,LOW_VOLUME_NODE
91224.20000000,0.02000000,0.00300000,0.01700000,273.67290000,1550.81310000,LOW_VOLUME_NODE
91224.30000000,0.07000000,0.00700000,0.06300000,638.57080000,5747.13720000,LOW_VOLUME_NODE
91224.40000000,0.13900000,0.04000000,0.09900000,3648.98000000,9031.22550000,LOW_VOLUME_NODE
91224.70000000,0.04300000,0.00200000,0.04100000,182.44960000,3740.21680000,LOW_VOLUME_NODE
91224.80000000,0.23300000,0.00700000,0.22600000,638.57430000,20616.82740000,LOW_VOLUME_NODE
91225.20000000,0.14100000,0.00700000,0.13400000,638.57710000,12224.19020000,LOW_VOLUME_NODE
91225.30000000,0.32900000,0.17100000,0.15800000,15599.54340000,14413.61320000,LOW_VOLUME_NODE
91225.40000000,0.01700000,0.01400000,0.00300000,1277.15700000,273.67650000,LOW_VOLUME_NODE
91225.60000000,0.02800000,0.01900000,0.00900000,1733.28660000,821.03100000,LOW_VOLUME_NODE
91225.70000000,0.01100000,0.00800000,0.00300000,729.80640000,273.67740000,LOW_VOLUME_NODE
91225.80000000,0.01500000,0.01200000,0.00300000,1094.71080000,273.67770000,LOW_VOLUME_NODE
91225.90000000,0.10800000,0.07400000,0.03400000,6750.72400000,3101.68400000,LOW_VOLUME_NODE
91226.10000000,0.14600000,0.05000000,0.09600000,4561.30850000,8757.71500000,LOW_VOLUME_NODE
91226.20000000,0.01200000,0.00600000,0.00600000,547.35780000,547.35780000,LOW_VOLUME_NODE
91226.30000000,0.08000000,0.00000000,0.08000000,0.00000000,7298.11200000,LOW_VOLUME_NODE
91226.40000000,0.08700000,0.07900000,0.00800000,7206.89350000,729.81200000,LOW_VOLUME_NODE
91226.60000000,0.00900000,0.00300000,0.00600000,273.67980000,547.35990000,LOW_VOLUME_NODE
91226.70000000,0.02600000,0.01300000,0.01300000,1185.94840000,1185.94840000,LOW_VOLUME_NODE
91226.80000000,0.08400000,0.00300000,0.08100000,273.68070000,7389.37890000,LOW_VOLUME_NODE
91226.90000000,0.17000000,0.06800000,0.10200000,6203.43600000,9305.15400000,LOW_VOLUME_NODE
91227.20000000,0.33400000,0.01900000,0.31500000,1733.31870000,28736.59950000,LOW_VOLUME_NODE
91227.70000000,0.02000000,0.00500000,0.01500000,456.13900000,1368.41700000,LOW_VOLUME_NODE
91227.80000000,0.00500000,0.00300000,0.00200000,273.68370000,182.45580000,LOW_VOLUME_NODE
91227.90000000,0.28500000,0.01200000,0.27300000,1094.73600000,24905.24400000,LOW_VOLUME_NODE
91228.20000000,0.04900000,0.02200000,0.02700000,2007.02260000,2463.16410000,LOW_VOLUME_NODE
91228.30000000,0.00800000,0.00500000,0.00300000,456.14200000,273.68520000,LOW_VOLUME_NODE
91228.40000000,0.13300000,0.04500000,0.08800000,4105.28250000,8028.10800000,LOW_VOLUME_NODE
91228.60000000,0.02200000,0.01200000,0.01000000,1094.74340000,912.28700000,LOW_VOLUME_NODE
91228.70000000,0.02700000,0.01300000,0.01400000,1185.97440000,1277.20320000,LOW_VOLUME_NODE
91228.80000000,0.01100000,0.00000000,0.01100000,0.00000000,1003.51790000,LOW_VOLUME_NODE
91228.90000000,0.04800000,0.01600000,0.03200000,1459.66400000,2919.32800000,LOW_VOLUME_NODE
91229.40000000,0.01300000,0.01300000,0.00000000,1185.98350000,0.00000000,LOW_VOLUME_NODE
91229.60000000,0.11300000,0.00500000,0.10800000,456.14800000,9852.80150000,LOW_VOLUME_NODE
91229.70000000,0.11000000,0.08100000,0.02900000,7389.61380000,2645.66420000,LOW_VOLUME_NODE
91229.80000000,0.01400000,0.00200000,0.01200000,182.45980000,1094.75880000,LOW_VOLUME_NODE
91230.20000000,0.42800000,0.30400000,0.12400000,27734.01120000,11312.55720000,LOW_VOLUME_NODE
91230.30000000,0.33300000,0.09000000,0.24300000,8210.73600000,22168.98720000,LOW_VOLUME_NODE
91230.40000000,0.45200000,0.44800000,0.00400000,40871.26400000,364.92200000,LOW_VOLUME_NODE
91230.60000000,0.04700000,0.03000000,0.01700000,2736.92020000,1550.92190000,LOW_VOLUME_NODE
91230.70000000,0.02200000,0.00800000,0.01400000,729.84640000,1277.23120000,LOW_VOLUME_NODE
91230.80000000,0.05500000,0.00000000,0.05500000,0.00000000,5017.69950000,LOW_VOLUME_NODE
91230.90000000,0.05500000,0.05300000,0.00200000,4835.24300000,182.46200000,LOW_VOLUME_NODE
91231.10000000,0.09300000,0.06100000,0.03200000,5565.10240000,2919.39550000,LOW_VOLUME_NODE
91231.20000000,0.03100000,0.02200000,0.00900000,2007.08860000,821.08170000,LOW_VOLUME_NODE
91231.30000000,0.03100000,0.01500000,0.01600000,1368.47100000,1459.70240000,LOW_VOLUME_NODE
91231.40000000,0.01000000,0.00800000,0.00200000,729.85200000,182.46300000,LOW_VOLUME_NODE
91231.60000000,0.09100000,0.02000000,0.07100000,1824.63290000,6477.45000000,LOW_VOLUME_NODE
91231.70000000,0.03500000,0.03000000,0.00500000,2736.95400000,456.15900000,LOW_VOLUME_NODE
91231.80000000,0.08200000,0.07200000,0.01000000,6568.69680000,912.31900000,LOW_VOLUME_NODE
91231.90000000,0.03000000,0.02000000,0.01000000,1824.64000000,912.32000000,LOW_VOLUME_NODE
91232.10000000,0.49800000,0.40400000,0.09400000,36857.80830000,8575.81800000,LOW_VOLUME_NODE
91232.20000000,0.02000000,0.01700000,0.00300000,1550.94910000,273.69690000,LOW_VOLUME_NODE
91232.30000000,0.01600000,0.00800000,0.00800000,729.85920000,729.85920000,LOW_VOLUME_NODE
91232.40000000,0.04900000,0.04400000,0.00500000,4014.23000000,456.16250000,LOW_VOLUME_NODE
91232.60000000,0.03600000,0.02000000,0.01600000,1824.65290000,1459.72290000,LOW_VOLUME_NODE
91232.70000000,0.00800000,0.00300000,0.00500000,273.69840000,456.16400000,LOW_VOLUME_NODE
91232.80000000,0.02300000,0.00200000,0.02100000,182.46580000,1915.89090000,LOW_VOLUME_NODE
91232.90000000,0.19100000,0.05400000,0.13700000,4926.58200000,12498.92100000,LOW_VOLUME_NODE
91233.10000000,0.22500000,0.20800000,0.01700000,18976.50450000,1550.96330000,LOW_VOLUME_NODE
91233.20000000,0.02100000,0.00700000,0.01400000,638.63310000,1277.26620000,LOW_VOLUME_NODE
91233.30000000,0.02800000,0.02400000,0.00400000,2189.60160000,364.93360000,LOW_VOLUME_NODE
91233.40000000,0.04200000,0.01700000,0.02500000,1550.96950000,2280.83750000,LOW_VOLUME_NODE
91233.60000000,0.08700000,0.04800000,0.03900000,4379.21680000,3558.11330000,LOW_VOLUME_NODE
91234.10000000,0.04300000,0.02200000,0.02100000,2007.15020000,1915.91780000,LOW_VOLUME_NODE
91234.20000000,0.06600000,0.00600000,0.06000000,547.40580000,5474.05800000,LOW_VOLUME_NODE
91234.30000000,0.14500000,0.05000000,0.09500000,4561.72000000,8667.26800000,LOW_VOLUME_NODE
91234.40000000,0.06800000,0.05700000,0.01100000,5200.36650000,1003.57950000,LOW_VOLUME_NODE
91234.60000000,0.17900000,0.08900000,0.09000000,8119.88640000,8211.12030000,LOW_VOLUME_NODE
91234.80000000,0.10600000,0.01400000,0.09200000,1277.28860000,8393.61080000,LOW_VOLUME_NODE
91234.90000000,0.42600000,0.41300000,0.01300000,37680.05500000,1186.05500000,LOW_VOLUME_NODE
91235.10000000,0.20700000,0.06600000,0.14100000,6021.52200000,12864.15880000,LOW_VOLUME_NODE
91235.20000000,0.23100000,0.15900000,0.07200000,14506.41270000,6568.94160000,LOW_VOLUME_NODE
91235.60000000,0.04800000,0.03500000,0.01300000,3193.24660000,1186.06390000,LOW_VOLUME_NODE
91235.70000000,0.01900000,0.00000000,0.01900000,0.00000000,1733.48020000,LOW_VOLUME_NODE
91235.80000000,0.00500000,0.00000000,0.00500000,0.00000000,456.17950000,LOW_VOLUME_NODE
91235.90000000,0.14700000,0.08000000,0.06700000,7298.88000000,6112.81200000,LOW_VOLUME_NODE
91236.10000000,0.17700000,0.01400000,0.16300000,1277.30630000,14871.50020000,LOW_VOLUME_NODE
91236.20000000,0.30800000,0.06300000,0.24500000,5747.88690000,22352.89350000,LOW_VOLUME_NODE
91236.40000000,0.34000000,0.28000000,0.06000000,25546.22000000,5474.19000000,LOW_VOLUME_NODE
91236.60000000,0.08900000,0.05800000,0.03100000,5291.72460000,2828.33600000,LOW_VOLUME_NODE
91236.70000000,0.09600000,0.07700000,0.01900000,7025.23360000,1733.49920000,LOW_VOLUME_NODE
91237.20000000,0.03300000,0.02200000,0.01100000,2007.22060000,1003.61030000,LOW_VOLUME_NODE
91237.30000000,0.38300000,0.02100000,0.36200000,1915.98540000,33027.93880000,LOW_VOLUME_NODE
91237.40000000,0.11900000,0.04000000,0.07900000,3649.50000000,7207.76250000,LOW_VOLUME_NODE
91237.60000000,0.08000000,0.05800000,0.02200000,5291.78080000,2007.22860000,LOW_VOLUME_NODE
91237.70000000,0.18300000,0.17700000,0.00600000,16149.09060000,547.42680000,LOW_VOLUME_NODE
91237.80000000,0.12500000,0.10800000,0.01700000,9853.69320000,1551.04430000,LOW_VOLUME_NODE
91237.90000000,0.19500000,0.05400000,0.14100000,4926.85200000,12864.55800000,LOW_VOLUME_NODE
91238.10000000,0.22300000,0.06700000,0.15600000,6112.95350000,14233.15450000,LOW_VOLUME_NODE
91238.20000000,0.26600000,0.24200000,0.02400000,22079.66860000,2189.71920000,LOW_VOLUME_NODE
91238.70000000,0.01600000,0.00600000,0.01000000,547.43280000,912.38800000,LOW_VOLUME_NODE
91238.80000000,0.03100000,0.00600000,0.02500000,547.43340000,2280.97250000,LOW_VOLUME_NODE
91238.90000000,0.07400000,0.05300000,0.02100000,4835.66700000,1916.01900000,LOW_VOLUME_NODE
91239.20000000,0.09800000,0.03100000,0.06700000,2828.41830000,6113.03310000,LOW_VOLUME_NODE
91239.30000000,0.02300000,0.01800000,0.00500000,1642.30920000,456.19700000,LOW_VOLUME_NODE
91239.40000000,0.11700000,0.02100000,0.09600000,1916.02950000,8758.99200000,LOW_VOLUME_NODE
91239.60000000,0.49600000,0.36500000,0.13100000,33302.47110000,11952.39770000,LOW_VOLUME_NODE
91239.70000000,0.04400000,0.01200000,0.03200000,1094.87760000,2919.67360000,LOW_VOLUME_NODE
91239.80000000,0.01600000,0.00300000,0.01300000,273.71970000,1186.11870000,LOW_VOLUME_NODE
91239.90000000,0.43900000,0.18000000,0.25900000,16423.20000000,23631.16000000,LOW_VOLUME_NODE
91240.30000000,0.13100000,0.01500000,0.11600000,1368.60600000,10583.88640000,LOW_VOLUME_NODE
91240.40000000,0.03700000,0.02600000,0.01100000,2372.25300000,1003.64550000,LOW_VOLUME_NODE
91240.60000000,0.11200000,0.01100000,0.10100000,1003.64660000,9215.30990000,LOW_VOLUME_NODE
91240.80000000,0.12000000,0.02400000,0.09600000,2189.78160000,8759.12640000,LOW_VOLUME_NODE
91240.90000000,0.03200000,0.02200000,0.01000000,2007.30200000,912.41000000,LOW_VOLUME_NODE
91241.10000000,0.20700000,0.12500000,0.08200000,11405.14220000,7481.77740000,LOW_VOLUME_NODE
91241.40000000,0.30400000,0.23100000,0.07300000,21076.78650000,6660.62950000,LOW_VOLUME_NODE
91241.60000000,0.15900000,0.11700000,0.04200000,10675.26810000,3832.15000000,LOW_VOLUME_NODE
91241.70000000,0.04100000,0.01800000,0.02300000,1642.35240000,2098.56140000,LOW_VOLUME_NODE
91241.80000000,0.04300000,0.00900000,0.03400000,821.17710000,3102.22460000,LOW_VOLUME_NODE
91241.90000000,0.13100000,0.09300000,0.03800000,8485.50600000,3467.19600000,LOW_VOLUME_NODE
91242.20000000,0.06600000,0.05800000,0.00800000,5292.05340000,729.93840000,LOW_VOLUME_NODE
91242.30000000,0.03600000,0.02200000,0.01400000,2007.33280000,1277.39360000,LOW_VOLUME_NODE
91242.70000000,0.10200000,0.09000000,0.01200000,8211.85200000,1094.91360000,LOW_VOLUME_NODE
91242.90000000,0.07200000,0.06300000,0.00900000,5748.30900000,821.18700000,LOW_VOLUME_NODE
91243.10000000,0.04100000,0.01600000,0.02500000,1459.88990000,2281.07840000,LOW_VOLUME_NODE
91243.20000000,0.01800000,0.01000000,0.00800000,912.43300000,729.94640000,LOW_VOLUME_NODE
91243.30000000,0.02400000,0.01400000,0.01000000,1277.40760000,912.43400000,LOW_VOLUME_NODE
91243.40000000,0.01600000,0.01100000,0.00500000,1003.67850000,456.21750000,LOW_VOLUME_NODE
91243.60000000,0.10200000,0.08300000,0.01900000,7573.21920000,1733.62980000,LOW_VOLUME_NODE
91243.70000000,0.01000000,0.00500000,0.00500000,456.21900000,456.21900000,LOW_VOLUME_NODE
91243.80000000,0.02200000,0.01400000,0.00800000,1277.41460000,729.95120000,LOW_VOLUME_NODE
91243.90000000,0.25500000,0.25200000,0.00300000,22993.48800000,273.73200000,LOW_VOLUME_NODE
91244.10000000,0.06400000,0.04200000,0.02200000,3832.25300000,2007.37190000,LOW_VOLUME_NODE
91244.20000000,0.26200000,0.21900000,0.04300000,19982.50170000,3923.50490000,LOW_VOLUME_NODE
91244.40000000,0.00800000,0.00600000,0.00200000,547.46700000,182.48900000,LOW_VOLUME_NODE
91244.60000000,0.06000000,0.02100000,0.03900000,1916.13710000,3558.54280000,LOW_VOLUME_NODE
91245.20000000,0.15300000,0.01200000,0.14100000,1094.94360000,12865.58730000,LOW_VOLUME_NODE
91245.40000000,0.01600000,0.01000000,0.00600000,912.45500000,547.47300000,LOW_VOLUME_NODE
91245.70000000,0.04600000,0.01300000,0.03300000,1186.19540000,3011.11140000,LOW_VOLUME_NODE
91245.80000000,0.13900000,0.13200000,0.00700000,12044.45880000,638.72130000,LOW_VOLUME_NODE
91245.90000000,0.02900000,0.01200000,0.01700000,1094.95200000,1551.18200000,LOW_VOLUME_NODE
91246.10000000,0.51600000,0.03900000,0.47700000,3558.60020000,43524.43360000,LOW_VOLUME_NODE
91246.30000000,0.16900000,0.00900000,0.16000000,821.21760000,14599.42400000,LOW_VOLUME_NODE
91246.60000000,0.27600000,0.10300000,0.17300000,9398.40010000,15785.67820000,LOW_VOLUME_NODE
91246.70000000,0.05500000,0.00600000,0.04900000,547.48080000,4471.09320000,LOW_VOLUME_NODE
91246.80000000,0.00700000,0.00400000,0.00300000,364.98760000,273.74070000,LOW_VOLUME_NODE
91247.20000000,0.10300000,0.01600000,0.08700000,1459.95680000,7938.51510000,LOW_VOLUME_NODE
91247.30000000,0.07200000,0.05700000,0.01500000,5201.10180000,1368.71100000,LOW_VOLUME_NODE
91247.40000000,0.04600000,0.00700000,0.03900000,638.73250000,3558.65250000,LOW_VOLUME_NODE
91247.60000000,0.07100000,0.01100000,0.06000000,1003.72390000,5474.85720000,LOW_VOLUME_NODE
91247.70000000,0.00900000,0.00300000,0.00600000,273.74340000,547.48680000,LOW_VOLUME_NODE
91247.80000000,0.04500000,0.00800000,0.03700000,729.98320000,3376.17230000,LOW_VOLUME_NODE
91247.90000000,0.02200000,0.00900000,0.01300000,821.23200000,1186.22400000,LOW_VOLUME_NODE
91248.10000000,0.09900000,0.08600000,0.01300000,7847.34150000,1186.22660000,LOW_VOLUME_NODE
91248.20000000,0.14200000,0.01500000,0.12700000,1368.72450000,11588.53410000,LOW_VOLUME_NODE
91248.30000000,0.01400000,0.01200000,0.00200000,1094.98080000,182.49680000,LOW_VOLUME_NODE
91248.40000000,0.11100000,0.00800000,0.10300000,729.98800000,9398.59550000,LOW_VOLUME_NODE
91248.60000000,0.07900000,0.06800000,0.01100000,6204.91080000,1003.73520000,LOW_VOLUME_NODE
91248.70000000,0.02100000,0.00900000,0.01200000,821.23920000,1094.98560000,LOW_VOLUME_NODE
91249.40000000,0.15500000,0.15200000,0.00300000,13869.92400000,273.74850000,LOW_VOLUME_NODE
91250.20000000,0.03700000,0.00500000,0.03200000,456.25150000,2920.00960000,LOW_VOLUME_NODE
91250.30000000,0.00200000,0.00000000,0.00200000,0.00000000,182.50080000,LOW_VOLUME_NODE
91250.40000000,0.00800000,0.00500000,0.00300000,456.25250000,273.75150000,LOW_VOLUME_NODE
91250.60000000,0.17600000,0.16700000,0.00900000,15238.86660000,821.25590000,LOW_VOLUME_NODE
91250.70000000,0.06000000,0.00700000,0.05300000,638.75560000,4836.29240000,LOW_VOLUME_NODE
91250.80000000,0.04500000,0.03900000,0.00600000,3558.78510000,547.50540000,LOW_VOLUME_NODE
91250.90000000,0.08600000,0.06500000,0.02100000,5931.31500000,1916.27100000,LOW_VOLUME_NODE
91251.10000000,0.03200000,0.02600000,0.00600000,2372.52910000,547.50720000,LOW_VOLUME_NODE
91251.20000000,0.00800000,0.00500000,0.00300000,456.25650000,273.75390000,LOW_VOLUME_NODE
91251.30000000,0.00500000,0.00000000,0.00500000,0.00000000,456.25700000,LOW_VOLUME_NODE
91251.40000000,0.01300000,0.01000000,0.00300000,912.51500000,273.75450000,LOW_VOLUME_NODE
91251.60000000,0.04100000,0.02600000,0.01500000,2372.54340000,1368.77550000,LOW_VOLUME_NODE
91251.70000000,0.12500000,0.01000000,0.11500000,912.51800000,10493.95700000,LOW_VOLUME_NODE
91251.80000000,0.26500000,0.26500000,0.00000000,24181.75350000,0.00000000,LOW_VOLUME_NODE
91252.10000000,0.07900000,0.02400000,0.05500000,2190.05170000,5018.87020000,LOW_VOLUME_NODE
91252.20000000,0.03600000,0.02500000,0.01100000,2281.30750000,1003.77530000,LOW_VOLUME_NODE
91252.30000000,0.00500000,0.00500000,0.00000000,456.26200000,0.00000000,LOW_VOLUME_NODE
91252.40000000,0.05100000,0.02300000,0.02800000,2098.80750000,2555.07000000,LOW_VOLUME_NODE
91252.60000000,0.03700000,0.02000000,0.01700000,1825.05370000,1551.29540000,LOW_VOLUME_NODE
91252.70000000,0.01700000,0.01100000,0.00600000,1003.78080000,547.51680000,LOW_VOLUME_NODE
91252.80000000,0.00200000,0.00000000,0.00200000,0.00000000,182.50580000,LOW_VOLUME_NODE
91252.90000000,0.02200000,0.02000000,0.00200000,1825.06000000,182.50600000,LOW_VOLUME_NODE
91253.10000000,0.08200000,0.01200000,0.07000000,1095.03720000,6387.71840000,LOW_VOLUME_NODE
91253.20000000,0.00800000,0.00300000,0.00500000,273.75990000,456.26650000,LOW_VOLUME_NODE
91253.30000000,0.04600000,0.01300000,0.03300000,1186.29420000,3011.36220000,LOW_VOLUME_NODE
91253.40000000,0.00400000,0.00200000,0.00200000,182.50700000,182.50700000,LOW_VOLUME_NODE
91253.60000000,0.36600000,0.14900000,0.21700000,13596.79850000,19802.05220000,LOW_VOLUME_NODE
91253.70000000,0.01300000,0.00400000,0.00900000,365.01520000,821.28420000,LOW_VOLUME_NODE
91253.80000000,0.27900000,0.24800000,0.03100000,22630.96720000,2828.87090000,LOW_VOLUME_NODE
91253.90000000,0.05600000,0.01200000,0.04400000,1095.04800000,4015.17600000,LOW_VOLUME_NODE
91254.10000000,0.04800000,0.04100000,0.00700000,3741.41890000,638.77940000,LOW_VOLUME_NODE
91254.40000000,0.02800000,0.02800000,0.00000000,2555.12600000,0.00000000,LOW_VOLUME_NODE
91254.60000000,0.06500000,0.06200000,0.00300000,5657.78540000,273.76410000,LOW_VOLUME_NODE
91254.70000000,0.02500000,0.01400000,0.01100000,1277.56720000,1003.80280000,LOW_VOLUME_NODE
91254.80000000,0.01100000,0.00900000,0.00200000,821.29410000,182.50980000,LOW_VOLUME_NODE
91254.90000000,0.03800000,0.02900000,0.00900000,2646.39500000,821.29500000,LOW_VOLUME_NODE
91255.20000000,0.11400000,0.00300000,0.11100000,273.76590000,10129.33830000,LOW_VOLUME_NODE
91255.40000000,0.04700000,0.01800000,0.02900000,1642.59900000,2646.40950000,LOW_VOLUME_NODE
91255.60000000,0.05500000,0.04300000,0.01200000,3923.99130000,1095.06760000,LOW_VOLUME_NODE
91255.90000000,0.13200000,0.02100000,0.11100000,1916.37600000,10129.41600000,LOW_VOLUME_NODE
91256.10000000,0.38500000,0.03300000,0.35200000,3011.45190000,32122.15980000,LOW_VOLUME_NODE
91256.60000000,0.52200000,0.33500000,0.18700000,30570.97040000,17064.99840000,LOW_VOLUME_NODE
91256.70000000,0.01500000,0.01000000,0.00500000,912.56800000,456.28400000,LOW_VOLUME_NODE
91256.80000000,0.15200000,0.00600000,0.14600000,547.54140000,13323.50740000,LOW_VOLUME_NODE
91256.90000000,0.02000000,0.00600000,0.01400000,547.54200000,1277.59800000,LOW_VOLUME_NODE
91257.10000000,0.07400000,0.02300000,0.05100000,2098.91390000,4654.11660000,LOW_VOLUME_NODE
91257.40000000,0.16100000,0.02300000,0.13800000,2098.92250000,12593.53500000,LOW_VOLUME_NODE
91257.60000000,0.11100000,0.01100000,0.10000000,1003.83360000,9125.76060000,LOW_VOLUME_NODE
91257.70000000,0.03300000,0.00700000,0.02600000,638.80460000,2372.70280000,LOW_VOLUME_NODE
91257.80000000,0.13000000,0.00600000,0.12400000,547.54740000,11315.97960000,LOW_VOLUME_NODE
91257.90000000,0.09100000,0.02000000,0.07100000,1825.16000000,6479.31800000,LOW_VOLUME_NODE
91258.10000000,0.13800000,0.05300000,0.08500000,4836.68400000,7756.94630000,LOW_VOLUME_NODE
91258.20000000,0.25200000,0.00600000,0.24600000,547.54980000,22449.54180000,LOW_VOLUME_NODE
91258.30000000,0.17400000,0.16600000,0.00800000,15148.89440000,730.06720000,LOW_VOLUME_NODE
91258.40000000,0.01500000,0.01100000,0.00400000,1003.84350000,365.03400000,LOW_VOLUME_NODE
91258.70000000,0.02600000,0.00900000,0.01700000,821.32920000,1551.39960000,LOW_VOLUME_NODE
91258.80000000,0.02100000,0.01400000,0.00700000,1277.62460000,638.81230000,LOW_VOLUME_NODE
91258.90000000,0.02000000,0.00200000,0.01800000,182.51800000,1642.66200000,LOW_VOLUME_NODE
91259.20000000,0.14600000,0.01300000,0.13300000,1186.37090000,12137.48690000,LOW_VOLUME_NODE
91259.40000000,0.09400000,0.05400000,0.04000000,4928.01300000,3650.38000000,LOW_VOLUME_NODE
91259.60000000,0.05600000,0.04700000,0.00900000,4289.20200000,821.33690000,LOW_VOLUME_NODE
91259.90000000,0.31900000,0.18500000,0.13400000,16883.10000000,12228.84000000,LOW_VOLUME_NODE
91260.10000000,0.16000000,0.13700000,0.02300000,12502.63880000,2098.98320000,LOW_VOLUME_NODE
91260.20000000,0.12200000,0.01400000,0.10800000,1277.64420000,9856.11240000,LOW_VOLUME_NODE
91260.30000000,0.04100000,0.01000000,0.03100000,912.60400000,2829.07240000,LOW_VOLUME_NODE
91260.60000000,0.14200000,0.07900000,0.06300000,7209.58970000,5749.42310000,LOW_VOLUME_NODE
91260.80000000,0.09400000,0.07400000,0.02000000,6753.30660000,1825.21800000,LOW_VOLUME_NODE
91260.90000000,0.02800000,0.02800000,0.00000000,2555.30800000,0.00000000,LOW_VOLUME_NODE
91261.10000000,0.07800000,0.03300000,0.04500000,3011.61740000,4106.75150000,LOW_VOLUME_NODE
91261.20000000,0.16100000,0.06300000,0.09800000,5749.46190000,8943.60740000,LOW_VOLUME_NODE
91261.30000000,0.03200000,0.01800000,0.01400000,1642.70520000,1277.65960000,LOW_VOLUME_NODE
91261.40000000,0.05700000,0.00900000,0.04800000,821.35350000,4380.55200000,LOW_VOLUME_NODE
91261.60000000,0.20500000,0.11100000,0.09400000,10130.04700000,8578.59490000,LOW_VOLUME_NODE
91262.20000000,0.10700000,0.09900000,0.00800000,9034.96770000,730.09840000,LOW_VOLUME_NODE
91262.30000000,0.09200000,0.02400000,0.06800000,2190.29760000,6205.84320000,LOW_VOLUME_NODE
91262.40000000,0.02900000,0.01000000,0.01900000,912.62500000,1733.98750000,LOW_VOLUME_NODE
91262.80000000,0.10500000,0.07100000,0.03400000,6479.66590000,3102.93860000,LOW_VOLUME_NODE
91262.90000000,0.17900000,0.16900000,0.01000000,15423.44700000,912.63000000,LOW_VOLUME_NODE
91263.10000000,0.14900000,0.08000000,0.06900000,7301.04930000,6297.15980000,LOW_VOLUME_NODE
91263.20000000,0.03800000,0.03000000,0.00800000,2737.89900000,730.10640000,LOW_VOLUME_NODE
91263.30000000,0.11100000,0.09800000,0.01300000,8943.81320000,1186.42420000,LOW_VOLUME_NODE
91263.40000000,0.01500000,0.00700000,0.00800000,638.84450000,730.10800000,LOW_VOLUME_NODE
91263.60000000,0.45100000,0.08000000,0.37100000,7301.09530000,33858.80170000,LOW_VOLUME_NODE
91263.70000000,0.12800000,0.03400000,0.09400000,3102.96920000,8578.79720000,LOW_VOLUME_NODE
91263.80000000,0.16900000,0.12100000,0.04800000,11042.93190000,4380.66720000,LOW_VOLUME_NODE
91264.20000000,0.49000000,0.48500000,0.00500000,44263.18550000,456.32150000,LOW_VOLUME_NODE
91264.30000000,0.09000000,0.04800000,0.04200000,4380.69120000,3833.10480000,LOW_VOLUME_NODE
91264.40000000,0.13500000,0.04700000,0.08800000,4289.43150000,8031.27600000,LOW_VOLUME_NODE
91265.10000000,0.18500000,0.16200000,0.02300000,14784.95280000,2099.09910000,LOW_VOLUME_NODE
91265.20000000,0.09100000,0.01700000,0.07400000,1551.51010000,6753.63220000,LOW_VOLUME_NODE
91265.30000000,0.02300000,0.00900000,0.01400000,821.38860000,1277.71560000,LOW_VOLUME_NODE
91265.40000000,0.03000000,0.01600000,0.01400000,1460.24800000,1277.71700000,LOW_VOLUME_NODE
91265.70000000,0.30100000,0.02200000,0.27900000,2007.84760000,25463.15820000,LOW_VOLUME_NODE
91265.90000000,0.24100000,0.22700000,0.01400000,20717.38200000,1277.72400000,LOW_VOLUME_NODE
91266.10000000,0.38000000,0.24200000,0.13800000,22086.41310000,12594.72780000,LOW_VOLUME_NODE
91266.20000000,0.33200000,0.17700000,0.15500000,16154.13510000,14146.27650000,LOW_VOLUME_NODE
91266.30000000,0.23100000,0.15200000,0.07900000,13872.49280000,7210.04560000,LOW_VOLUME_NODE
91266.40000000,0.03400000,0.02000000,0.01400000,1825.33000000,1277.73100000,LOW_VOLUME_NODE
91266.60000000,0.09200000,0.05700000,0.03500000,5202.19640000,3194.33250000,LOW_VOLUME_NODE
91266.70000000,0.04800000,0.02000000,0.02800000,1825.33600000,2555.47040000,LOW_VOLUME_NODE
91266.80000000,0.01300000,0.00200000,0.01100000,182.53380000,1003.93590000,LOW_VOLUME_NODE
91266.90000000,0.00900000,0.00200000,0.00700000,182.53400000,638.86900000,LOW_VOLUME_NODE
91267.20000000,0.15500000,0.10900000,0.04600000,9948.13570000,4198.29580000,LOW_VOLUME_NODE
91267.30000000,0.10700000,0.06700000,0.04000000,6114.91580000,3650.69600000,LOW_VOLUME_NODE
91267.40000000,0.05200000,0.03700000,0.01500000,3376.89750000,1369.01250000,LOW_VOLUME_NODE
91267.80000000,0.45400000,0.43800000,0.01600000,39975.34020000,1460.28640000,LOW_VOLUME_NODE
91268.30000000,0.40500000,0.12900000,0.27600000,11773.62360000,25190.07840000,LOW_VOLUME_NODE
91268.40000000,0.17800000,0.15800000,0.02000000,14420.42300000,1825.37000000,LOW_VOLUME_NODE
91268.80000000,0.10600000,0.09200000,0.01400000,8396.73880000,1277.76460000,LOW_VOLUME_NODE
91268.90000000,0.33900000,0.17500000,0.16400000,15972.07500000,14968.11600000,LOW_VOLUME_NODE
91269.20000000,0.13000000,0.08000000,0.05000000,7301.54400000,4563.46500000,LOW_VOLUME_NODE
91269.30000000,0.05600000,0.03400000,0.02200000,3103.15960000,2007.92680000,LOW_VOLUME_NODE
91269.40000000,0.01900000,0.00600000,0.01300000,547.61700000,1186.50350000,LOW_VOLUME_NODE
91269.70000000,0.51600000,0.41500000,0.10100000,37876.96700000,9218.24980000,LOW_VOLUME_NODE
91269.80000000,0.07300000,0.06100000,0.01200000,5567.46390000,1095.23880000,LOW_VOLUME_NODE
91269.90000000,0.20200000,0.13700000,0.06500000,12503.99000000,5932.55000000,LOW_VOLUME_NODE
91270.10000000,0.33600000,0.31500000,0.02100000,28750.08360000,1916.67340000,LOW_VOLUME_NODE
91270.30000000,0.18100000,0.02000000,0.16100000,1825.40800000,14694.53440000,LOW_VOLUME_NODE
91271.10000000,0.11300000,0.04900000,0.06400000,4472.28590000,5841.35650000,LOW_VOLUME_NODE
91271.20000000,0.04500000,0.01200000,0.03300000,1095.25560000,3011.95290000,LOW_VOLUME_NODE
91271.60000000,0.29100000,0.26500000,0.02600000,24186.98350000,2373.06260000,LOW_VOLUME_NODE
91271.70000000,0.06000000,0.04500000,0.01500000,4107.23100000,1369.07700000,LOW_VOLUME_NODE
91271.80000000,0.07400000,0.00300000,0.07100000,273.81570000,6480.30490000,LOW_VOLUME_NODE
91272.10000000,0.12200000,0.07200000,0.05000000,6571.59610000,4563.60600000,LOW_VOLUME_NODE
91272.20000000,0.13900000,0.13100000,0.00800000,11956.67130000,730.17840000,LOW_VOLUME_NODE
91272.30000000,0.40900000,0.00500000,0.40400000,456.36200000,36874.04960000,LOW_VOLUME_NODE
91272.40000000,0.41700000,0.15200000,0.26500000,13873.42000000,24187.21250000,LOW_VOLUME_NODE
91272.70000000,0.39200000,0.09700000,0.29500000,8853.46160000,26925.47600000,LOW_VOLUME_NODE
91272.80000000,0.08800000,0.05800000,0.03000000,5293.82820000,2738.18700000,LOW_VOLUME_NODE
91273.80000000,0.04300000,0.02800000,0.01500000,2555.66920000,1369.10850000,LOW_VOLUME_NODE
91273.90000000,0.03400000,0.01600000,0.01800000,1460.38400000,1642.93200000,LOW_VOLUME_NODE
91274.10000000,0.02700000,0.01400000,0.01300000,1277.83740000,1186.56420000,LOW_VOLUME_NODE
91274.20000000,0.09100000,0.00600000,0.08500000,547.64580000,7758.31550000,LOW_VOLUME_NODE
91274.70000000,0.25900000,0.22000000,0.03900000,20080.45600000,3559.71720000,LOW_VOLUME_NODE
91274.80000000,0.46400000,0.38700000,0.07700000,35323.38630000,7028.16730000,LOW_VOLUME_NODE
91275.30000000,0.15600000,0.12200000,0.03400000,11135.59880000,3103.36360000,LOW_VOLUME_NODE
91275.40000000,0.03100000,0.02400000,0.00700000,2190.61200000,638.92850000,LOW_VOLUME_NODE
91275.90000000,0.28000000,0.22500000,0.05500000,20537.10000000,5020.18000000,LOW_VOLUME_NODE
91276.10000000,0.35900000,0.17200000,0.18700000,15699.50400000,17068.63770000,LOW_VOLUME_NODE
91276.20000000,0.38900000,0.01900000,0.37000000,1734.24970000,33772.23100000,LOW_VOLUME_NODE
91276.30000000,0.45600000,0.19000000,0.26600000,17342.51600000,24279.52240000,LOW_VOLUME_NODE
91276.40000000,0.35000000,0.33600000,0.01400000,30668.90400000,1277.87100000,LOW_VOLUME_NODE
91276.60000000,0.37900000,0.08600000,0.29300000,7849.79030000,26744.06970000,LOW_VOLUME_NODE
91276.80000000,0.15600000,0.14500000,0.01100000,13235.15050000,1004.04590000,LOW_VOLUME_NODE
91276.90000000,0.06400000,0.04600000,0.01800000,4198.74200000,1642.98600000,LOW_VOLUME_NODE
91277.10000000,0.19300000,0.16900000,0.02400000,15425.83410000,2190.65170000,LOW_VOLUME_NODE
91277.20000000,0.03600000,0.01200000,0.02400000,1095.32760000,2190.65520000,LOW_VOLUME_NODE
91277.30000000,0.05500000,0.05000000,0.00500000,4563.87000000,456.38700000,LOW_VOLUME_NODE
91277.40000000,0.04400000,0.01000000,0.03400000,912.77500000,3103.43500000,LOW_VOLUME_NODE
91277.70000000,0.04800000,0.03700000,0.01100000,3377.27860000,1004.05580000,LOW_VOLUME_NODE
91277.80000000,0.03600000,0.00600000,0.03000000,547.66740000,2738.33700000,LOW_VOLUME_NODE
91277.90000000,0.46500000,0.17900000,0.28600000,16338.76200000,26105.50800000,LOW_VOLUME_NODE
91278.20000000,0.46100000,0.44500000,0.01600000,40618.84350000,1460.45280000,LOW_VOLUME_NODE
91278.30000000,0.07200000,0.06700000,0.00500000,6115.65280000,456.39200000,LOW_VOLUME_NODE
91278.40000000,0.05400000,0.04500000,0.00900000,4107.53250000,821.50650000,LOW_VOLUME_NODE
91278.60000000,0.35500000,0.19400000,0.16100000,17708.06630000,14695.85490000,LOW_VOLUME_NODE
91278.70000000,0.02100000,0.01000000,0.01100000,912.78800000,1004.06680000,LOW_VOLUME_NODE
91278.80000000,0.11100000,0.10400000,0.00700000,9493.00560000,638.95230000,LOW_VOLUME_NODE
91278.90000000,0.14500000,0.14000000,0.00500000,12779.06000000,456.39500000,LOW_VOLUME_NODE
91279.10000000,0.29500000,0.06100000,0.23400000,5568.03060000,21359.31180000,LOW_VOLUME_NODE
91279.30000000,0.27100000,0.15900000,0.11200000,14513.42460000,10223.29280000,LOW_VOLUME_NODE
91279.40000000,0.07600000,0.03000000,0.04600000,2738.38500000,4198.85700000,LOW_VOLUME_NODE
91279.60000000,0.45400000,0.03900000,0.41500000,3559.90550000,37881.07240000,LOW_VOLUME_NODE
91279.80000000,0.04900000,0.03100000,0.01800000,2829.67690000,1643.03820000,LOW_VOLUME_NODE
91280.20000000,0.02300000,0.00300000,0.02000000,273.84090000,1825.60600000,LOW_VOLUME_NODE
91280.30000000,0.02200000,0.01000000,0.01200000,912.80400000,1095.36480000,LOW_VOLUME_NODE
91280.60000000,0.37700000,0.13300000,0.24400000,12140.32860000,22272.48030000,LOW_VOLUME_NODE
91280.70000000,0.45900000,0.12100000,0.33800000,11044.97680000,30852.91040000,LOW_VOLUME_NODE
91280.80000000,0.29500000,0.28100000,0.01400000,25649.93290000,1277.93260000,LOW_VOLUME_NODE
91280.90000000,0.40100000,0.27100000,0.13000000,24737.15100000,11866.53000000,LOW_VOLUME_NODE
91281.30000000,0.19500000,0.05800000,0.13700000,5294.32120000,12505.55180000,LOW_VOLUME_NODE
91281.40000000,0.05800000,0.05000000,0.00800000,4564.07500000,730.25200000,LOW_VOLUME_NODE
91281.60000000,0.18600000,0.05200000,0.13400000,4746.64790000,12231.74720000,LOW_VOLUME_NODE
91281.70000000,0.04800000,0.02300000,0.02500000,2099.48140000,2282.04500000,LOW_VOLUME_NODE
91281.90000000,0.02600000,0.01000000,0.01600000,912.82000000,1460.51200000,LOW_VOLUME_NODE
91282.20000000,0.10900000,0.03900000,0.07000000,3560.00970000,6389.76100000,LOW_VOLUME_NODE
91282.30000000,0.11100000,0.09300000,0.01800000,8489.26320000,1643.08320000,LOW_VOLUME_NODE
91282.40000000,0.46200000,0.34500000,0.11700000,31492.46250000,10680.05250000,LOW_VOLUME_NODE
91282.70000000,0.03600000,0.01900000,0.01700000,1734.37320000,1551.80760000,LOW_VOLUME_NODE
91282.80000000,0.01300000,0.00600000,0.00700000,547.69740000,638.98030000,LOW_VOLUME_NODE
91282.90000000,0.01900000,0.00700000,0.01200000,638.98100000,1095.39600000,LOW_VOLUME_NODE
91283.10000000,0.07200000,0.02700000,0.04500000,2464.64530000,4107.74180000,LOW_VOLUME_NODE
91283.30000000,0.49500000,0.39500000,0.10000000,36056.94300000,9128.34000000,LOW_VOLUME_NODE
91283.40000000,0.01700000,0.00200000,0.01500000,182.56700000,1369.25250000,LOW_VOLUME_NODE
91283.60000000,0.09700000,0.05600000,0.04100000,5111.88470000,3742.62990000,LOW_VOLUME_NODE
91283.90000000,0.07900000,0.02300000,0.05600000,2099.53200000,5111.90400000,LOW_VOLUME_NODE
91284.10000000,0.35400000,0.32900000,0.02500000,30032.48710000,2282.10380000,LOW_VOLUME_NODE
91284.20000000,0.14100000,0.07800000,0.06300000,7120.17540000,5750.91090000,LOW_VOLUME_NODE
91284.30000000,0.01900000,0.00500000,0.01400000,456.42200000,1277.98160000,LOW_VOLUME_NODE
91284.40000000,0.04000000,0.00500000,0.03500000,456.42250000,3194.95750000,LOW_VOLUME_NODE
91284.70000000,0.05400000,0.04000000,0.01400000,3651.39200000,1277.98720000,LOW_VOLUME_NODE
91284.80000000,0.06200000,0.04300000,0.01900000,3925.25070000,1734.41310000,LOW_VOLUME_NODE
91284.90000000,0.08800000,0.06100000,0.02700000,5568.38500000,2464.69500000,LOW_VOLUME_NODE
91285.10000000,0.42600000,0.05700000,0.36900000,5203.25560000,33684.20240000,LOW_VOLUME_NODE
91285.20000000,0.01300000,0.00300000,0.01000000,273.85590000,912.85300000,LOW_VOLUME_NODE
91285.30000000,0.15800000,0.03900000,0.11900000,3560.13060000,10862.96260000,LOW_VOLUME_NODE
91285.40000000,0.03500000,0.01700000,0.01800000,1551.85350000,1643.13900000,LOW_VOLUME_NODE
91285.80000000,0.02200000,0.01400000,0.00800000,1278.00260000,730.28720000,LOW_VOLUME_NODE
91285.90000000,0.07400000,0.03700000,0.03700000,3377.58200000,3377.58200000,LOW_VOLUME_NODE
91286.20000000,0.01200000,0.00500000,0.00700000,456.43150000,639.00410000,LOW_VOLUME_NODE
91286.30000000,0.08100000,0.06000000,0.02100000,5477.18400000,1917.01440000,LOW_VOLUME_NODE
91286.40000000,0.04600000,0.01600000,0.03000000,1460.58400000,2738.59500000,LOW_VOLUME_NODE
91286.60000000,0.08900000,0.02400000,0.06500000,2190.87900000,5933.63380000,LOW_VOLUME_NODE
91286.70000000,0.01700000,0.01000000,0.00700000,912.86800000,639.00760000,LOW_VOLUME_NODE
91286.80000000,0.22600000,0.00700000,0.21900000,639.00830000,19991.83110000,LOW_VOLUME_NODE
91287.20000000,0.21200000,0.07400000,0.13800000,6755.26020000,12597.64740000,LOW_VOLUME_NODE
91288.30000000,0.02200000,0.01000000,0.01200000,912.88400000,1095.46080000,LOW_VOLUME_NODE
91288.40000000,0.13000000,0.07000000,0.06000000,6390.19500000,5477.31000000,LOW_VOLUME_NODE
91288.60000000,0.31000000,0.08700000,0.22300000,7942.11100000,20357.37300000,LOW_VOLUME_NODE
91288.70000000,0.14900000,0.06600000,0.08300000,6025.06080000,7576.97040000,LOW_VOLUME_NODE
91288.80000000,0.02900000,0.01800000,0.01100000,1643.20020000,1004.17790000,LOW_VOLUME_NODE
91288.90000000,0.03100000,0.01700000,0.01400000,1551.91300000,1278.04600000,LOW_VOLUME_NODE
91289.80000000,0.21700000,0.20600000,0.01100000,18805.71940000,1004.18890000,LOW_VOLUME_NODE
91289.90000000,0.24800000,0.15500000,0.09300000,14149.95000000,8489.97000000,LOW_VOLUME_NODE
91291.30000000,0.09700000,0.03900000,0.05800000,3560.36460000,5294.90120000,LOW_VOLUME_NODE
91291.70000000,0.18000000,0.04400000,0.13600000,4016.83920000,12415.68480000,LOW_VOLUME_NODE
91291.80000000,0.37100000,0.26100000,0.11000000,23827.18590000,10042.10900000,LOW_VOLUME_NODE
91291.90000000,0.04000000,0.02400000,0.01600000,2191.00800000,1460.67200000,LOW_VOLUME_NODE
91292.10000000,0.24400000,0.18100000,0.06300000,16523.87210000,5751.40790000,LOW_VOLUME_NODE
91292.20000000,0.12900000,0.11500000,0.01400000,10498.61450000,1278.09220000,LOW_VOLUME_NODE
91292.30000000,0.11800000,0.04000000,0.07800000,3651.69600000,7120.80720000,LOW_VOLUME_NODE
91292.40000000,0.02300000,0.01500000,0.00800000,1369.38750000,730.34000000,LOW_VOLUME_NODE
91292.70000000,0.12100000,0.01700000,0.10400000,1551.97760000,9494.45120000,LOW_VOLUME_NODE
91293.10000000,0.06900000,0.04100000,0.02800000,3743.01980000,2556.20920000,LOW_VOLUME_NODE
91293.20000000,0.11600000,0.02200000,0.09400000,2008.45260000,8581.57020000,LOW_VOLUME_NODE
91293.30000000,0.27200000,0.24200000,0.03000000,22093.00280000,2738.80200000,LOW_VOLUME_NODE
91293.40000000,0.15300000,0.01000000,0.14300000,912.93500000,13054.97050000,LOW_VOLUME_NODE
91293.80000000,0.09900000,0.07800000,0.02100000,7120.92420000,1917.17190000,LOW_VOLUME_NODE
91293.90000000,0.05800000,0.04300000,0.01500000,3925.64200000,1369.41000000,LOW_VOLUME_NODE
91294.10000000,0.14400000,0.07100000,0.07300000,6481.88470000,6664.47190000,LOW_VOLUME_NODE
91294.20000000,0.03400000,0.01700000,0.01700000,1552.00310000,1552.00310000,LOW_VOLUME_NODE
91294.30000000,0.02800000,0.01200000,0.01600000,1095.53280000,1460.71040000,LOW_VOLUME_NODE
91294.40000000,0.29900000,0.19400000,0.10500000,17711.13300000,9585.92250000,LOW_VOLUME_NODE
91294.70000000,0.25100000,0.01000000,0.24100000,912.94800000,22002.04680000,LOW_VOLUME_NODE
91294.80000000,0.25400000,0.21000000,0.04400000,19171.92900000,4016.97560000,LOW_VOLUME_NODE
91294.90000000,0.47800000,0.05000000,0.42800000,4564.75000000,39074.26000000,LOW_VOLUME_NODE
91295.10000000,0.19700000,0.17000000,0.02700000,15520.16970000,2464.96860000,LOW_VOLUME_NODE
91295.20000000,0.01300000,0.00800000,0.00500000,730.36240000,456.47650000,LOW_VOLUME_NODE
91295.30000000,0.01100000,0.00600000,0.00500000,547.77240000,456.47700000,LOW_VOLUME_NODE
91295.40000000,0.06300000,0.01300000,0.05000000,1186.84150000,4564.77500000,LOW_VOLUME_NODE
91295.60000000,0.47200000,0.16000000,0.31200000,14607.31030000,28484.25480000,LOW_VOLUME_NODE
91295.90000000,0.25400000,0.20600000,0.04800000,18806.97600000,4382.20800000,LOW_VOLUME_NODE
91296.60000000,0.14900000,0.12000000,0.02900000,10955.59260000,2647.60340000,LOW_VOLUME_NODE
91296.70000000,0.12500000,0.03200000,0.09300000,2921.49760000,8490.60240000,LOW_VOLUME_NODE
91296.80000000,0.07700000,0.07200000,0.00500000,6573.37680000,456.48450000,LOW_VOLUME_NODE
91296.90000000,0.04000000,0.02200000,0.01800000,2008.53400000,1643.34600000,LOW_VOLUME_NODE
91297.10000000,0.14900000,0.13200000,0.01700000,12051.21800000,1552.05190000,LOW_VOLUME_NODE
91297.30000000,0.05400000,0.00200000,0.05200000,182.59480000,4747.46480000,LOW_VOLUME_NODE
91297.40000000,0.12800000,0.01300000,0.11500000,1186.86750000,10499.21250000,LOW_VOLUME_NODE
91297.70000000,0.11500000,0.01400000,0.10100000,1278.16920000,9221.07780000,LOW_VOLUME_NODE
91297.80000000,0.14600000,0.12600000,0.02000000,11503.53540000,1825.95800000,LOW_VOLUME_NODE
91297.90000000,0.02100000,0.00900000,0.01200000,821.68200000,1095.57600000,LOW_VOLUME_NODE
91298.20000000,0.01000000,0.00200000,0.00800000,182.59660000,730.38640000,LOW_VOLUME_NODE
91298.30000000,0.02100000,0.01200000,0.00900000,1095.58080000,821.68560000,LOW_VOLUME_NODE
91298.40000000,0.22400000,0.00300000,0.22100000,273.89550000,20176.96850000,LOW_VOLUME_NODE
91298.60000000,0.14400000,0.05900000,0.08500000,5386.61980000,7760.38290000,LOW_VOLUME_NODE
91298.70000000,0.05500000,0.03400000,0.02100000,3104.15920000,1917.27480000,LOW_VOLUME_NODE
91298.80000000,0.01900000,0.00600000,0.01300000,547.79340000,1186.88570000,LOW_VOLUME_NODE
91298.90000000,0.37900000,0.28900000,0.09000000,26385.41100000,8216.91000000,LOW_VOLUME_NODE
91299.10000000,0.17800000,0.11000000,0.06800000,10042.90370000,6208.34560000,LOW_VOLUME_NODE
91299.20000000,0.12300000,0.11500000,0.00800000,10499.41950000,730.39440000,LOW_VOLUME_NODE
91299.30000000,0.08600000,0.06300000,0.02300000,5751.86220000,2099.88620000,LOW_VOLUME_NODE
91299.40000000,0.21600000,0.07300000,0.14300000,6664.86350000,13055.82850000,LOW_VOLUME_NODE
91300.70000000,0.36700000,0.11500000,0.25200000,10499.59200000,23007.80160000,LOW_VOLUME_NODE
91300.80000000,0.35700000,0.30100000,0.05600000,27481.57090000,5112.85040000,LOW_VOLUME_NODE
91301.20000000,0.09800000,0.02700000,0.07100000,2465.13510000,6482.39230000,LOW_VOLUME_NODE
91301.30000000,0.20600000,0.08000000,0.12600000,7304.11200000,11503.97640000,LOW_VOLUME_NODE
91301.60000000,0.22200000,0.04400000,0.17800000,4017.27220000,16251.69900000,LOW_VOLUME_NODE
91301.70000000,0.40400000,0.00900000,0.39500000,821.71620000,36064.21100000,LOW_VOLUME_NODE
91301.80000000,0.11300000,0.00500000,0.10800000,456.50950000,9860.60520000,LOW_VOLUME_NODE
91302.30000000,0.18900000,0.05200000,0.13700000,4747.72480000,12508.42880000,LOW_VOLUME_NODE
91302.40000000,0.44800000,0.20600000,0.24200000,18808.31500000,22095.20500000,LOW_VOLUME_NODE
91302.80000000,0.26700000,0.12300000,0.14400000,11230.25670000,13147.61760000,LOW_VOLUME_NODE
91303.10000000,0.18600000,0.05300000,0.13300000,4839.06820000,12143.31440000,LOW_VOLUME_NODE
91303.20000000,0.09000000,0.01900000,0.07100000,1734.76270000,6482.53430000,LOW_VOLUME_NODE
91303.30000000,0.29800000,0.13000000,0.16800000,11869.44200000,15338.97120000,LOW_VOLUME_NODE
91303.40000000,0.46500000,0.04700000,0.41800000,4291.26450000,38164.86300000,LOW_VOLUME_NODE
91303.60000000,0.44500000,0.22400000,0.22100000,20452.02470000,20178.11480000,LOW_VOLUME_NODE
91303.70000000,0.09100000,0.01400000,0.07700000,1278.25320000,7030.39260000,LOW_VOLUME_NODE
91303.80000000,0.03500000,0.01500000,0.02000000,1369.55850000,1826.07800000,LOW_VOLUME_NODE
91303.90000000,0.41900000,0.07800000,0.34100000,7121.71200000,31134.66400000,LOW_VOLUME_NODE
91304.20000000,0.29500000,0.01300000,0.28200000,1186.95590000,25747.81260000,LOW_VOLUME_NODE
91304.30000000,0.15500000,0.01000000,0.14500000,913.04400000,13239.13800000,LOW_VOLUME_NODE
91304.40000000,0.21700000,0.20200000,0.01500000,18443.50900000,1369.56750000,LOW_VOLUME_NODE
91305.60000000,0.28800000,0.03400000,0.25400000,3104.39100000,23191.64620000,LOW_VOLUME_NODE
91305.90000000,0.35800000,0.04700000,0.31100000,4291.38200000,28396.16600000,LOW_VOLUME_NODE
91306.10000000,0.12200000,0.04200000,0.08000000,3834.85740000,7304.49020000,LOW_VOLUME_NODE
91306.20000000,0.15600000,0.01500000,0.14100000,1369.59450000,12874.18830000,LOW_VOLUME_NODE
91306.30000000,0.40000000,0.01900000,0.38100000,1734.82160000,34787.73840000,LOW_VOLUME_NODE
91306.40000000,0.14500000,0.01900000,0.12600000,1734.82350000,11504.61900000,LOW_VOLUME_NODE
91306.60000000,0.40400000,0.09700000,0.30700000,8856.74280000,28031.13230000,LOW_VOLUME_NODE
91306.80000000,0.12600000,0.01400000,0.11200000,1278.29660000,10226.37280000,LOW_VOLUME_NODE
91306.90000000,0.17500000,0.13800000,0.03700000,12600.36600000,3378.35900000,LOW_VOLUME_NODE
91307.30000000,0.15000000,0.03200000,0.11800000,2921.83680000,10774.27320000,LOW_VOLUME_NODE
91307.70000000,0.17400000,0.01700000,0.15700000,1552.23260000,14335.32460000,LOW_VOLUME_NODE
91308.40000000,0.06900000,0.03800000,0.03100000,3469.72300000,2830.56350000,LOW_VOLUME_NODE
91309.40000000,0.33600000,0.24700000,0.08900000,22553.44650000,8126.54550000,LOW_VOLUME_NODE
91309.90000000,0.22600000,0.05800000,0.16800000,5295.98000000,15340.08000000,LOW_VOLUME_NODE
91310.10000000,0.28100000,0.22600000,0.05500000,20636.08500000,5022.05920000,LOW_VOLUME_NODE
91310.20000000,0.17000000,0.06700000,0.10300000,6117.79010000,9404.96090000,LOW_VOLUME_NODE
91310.40000000,0.11000000,0.04700000,0.06300000,4291.59350000,5752.56150000,LOW_VOLUME_NODE
91310.60000000,0.19700000,0.05400000,0.14300000,4930.77660000,13057.42420000,LOW_VOLUME_NODE
91310.70000000,0.17300000,0.13800000,0.03500000,12600.89040000,3195.87800000,LOW_VOLUME_NODE
91310.80000000,0.44500000,0.37500000,0.07000000,34241.58750000,6391.76300000,LOW_VOLUME_NODE
91311.20000000,0.34400000,0.12100000,0.22300000,11048.66730000,20362.41990000,LOW_VOLUME_NODE
91311.40000000,0.26600000,0.16600000,0.10000000,15157.70900000,9131.15000000,LOW_VOLUME_NODE
91311.80000000,0.10900000,0.09400000,0.01500000,8583.31860000,1369.67850000,LOW_VOLUME_NODE
91311.90000000,0.24900000,0.16100000,0.08800000,14701.23200000,8035.45600000,LOW_VOLUME_NODE
91312.10000000,0.33600000,0.23900000,0.09700000,21823.60510000,8857.28190000,LOW_VOLUME_NODE
91312.30000000,0.02700000,0.01600000,0.01100000,1460.99840000,1004.43640000,LOW_VOLUME_NODE
91312.40000000,0.19100000,0.11300000,0.07800000,10318.31250000,7122.37500000,LOW_VOLUME_NODE
91312.60000000,0.26400000,0.20200000,0.06200000,18445.15570000,5661.38450000,LOW_VOLUME_NODE
91312.80000000,0.20400000,0.19000000,0.01400000,17349.45100000,1278.38060000,LOW_VOLUME_NODE
91312.90000000,0.08400000,0.02900000,0.05500000,2648.07700000,5022.21500000,LOW_VOLUME_NODE
91313.40000000,0.21900000,0.18500000,0.03400000,16892.99750000,3104.65900000,LOW_VOLUME_NODE
91313.70000000,0.09000000,0.01900000,0.07100000,1734.96220000,6483.27980000,LOW_VOLUME_NODE
91313.80000000,0.22400000,0.12600000,0.09800000,11505.55140000,8948.76220000,LOW_VOLUME_NODE
91314.20000000,0.46300000,0.28400000,0.17900000,25933.26120000,16345.25970000,LOW_VOLUME_NODE
91314.70000000,0.24200000,0.16300000,0.07900000,14884.31240000,7213.86920000,LOW_VOLUME_NODE
91315.80000000,0.18100000,0.11300000,0.06800000,10318.69670000,6209.48120000,LOW_VOLUME_NODE
91315.90000000,0.36900000,0.34700000,0.02200000,31686.65200000,2008.95200000,LOW_VOLUME_NODE
91316.30000000,0.10200000,0.05200000,0.05000000,4748.45280000,4565.82000000,LOW_VOLUME_NODE
91316.70000000,0.15100000,0.08100000,0.07000000,7396.66080000,6392.17600000,LOW_VOLUME_NODE
91316.80000000,0.35100000,0.33500000,0.01600000,30591.16150000,1461.07040000,LOW_VOLUME_NODE
91317.20000000,0.26900000,0.17500000,0.09400000,15980.52750000,8583.82620000,LOW_VOLUME_NODE
91317.30000000,0.14600000,0.03100000,0.11500000,2830.83940000,10501.50100000,LOW_VOLUME_NODE
91317.40000000,0.27400000,0.02400000,0.25000000,2191.62000000,22829.37500000,LOW_VOLUME_NODE
91317.80000000,0.29300000,0.26200000,0.03100000,23925.28980000,2830.85490000,LOW_VOLUME_NODE
91317.90000000,0.12800000,0.10100000,0.02700000,9223.11800000,2465.58600000,LOW_VOLUME_NODE
91318.10000000,0.37400000,0.32300000,0.05100000,29495.74890000,4657.22570000,LOW_VOLUME_NODE
91318.20000000,0.06600000,0.03600000,0.03000000,3287.45880000,2739.54900000,LOW_VOLUME_NODE
91319.40000000,0.41900000,0.38400000,0.03500000,35066.68800000,3196.18250000,LOW_VOLUME_NODE
91319.60000000,0.19900000,0.10300000,0.09600000,9405.92140000,8766.68820000,LOW_VOLUME_NODE
91319.70000000,0.34300000,0.26400000,0.07900000,24108.42720000,7214.26420000,LOW_VOLUME_NODE
91320.40000000,0.27200000,0.03300000,0.23900000,3013.57650000,21825.59950000,LOW_VOLUME_NODE
91321.40000000,0.30400000,0.27800000,0.02600000,25387.37700000,2374.35900000,LOW_VOLUME_NODE
91321.80000000,0.52200000,0.45500000,0.06700000,41551.46450000,6118.56730000,LOW_VOLUME_NODE
91321.90000000,0.07400000,0.02500000,0.04900000,2283.05000000,4474.77800000,LOW_VOLUME_NODE
91322.20000000,0.13700000,0.11300000,0.02400000,10319.41990000,2191.73520000,LOW_VOLUME_NODE
91322.30000000,0.26000000,0.05800000,0.20200000,5296.69920000,18447.12480000,LOW_VOLUME_NODE
91322.40000000,0.35400000,0.20600000,0.14800000,18812.43500000,13515.73000000,LOW_VOLUME_NODE
91322.60000000,0.27500000,0.09100000,0.18400000,8310.36140000,16803.37540000,LOW_VOLUME_NODE
91322.70000000,0.09300000,0.04600000,0.04700000,4200.84880000,4292.17160000,LOW_VOLUME_NODE
91323.20000000,0.36800000,0.03000000,0.33800000,2739.69900000,30867.27540000,LOW_VOLUME_NODE
91323.30000000,0.05300000,0.01500000,0.03800000,1369.85100000,3470.28920000,LOW_VOLUME_NODE
91323.90000000,0.38200000,0.05100000,0.33100000,4657.52400000,30228.24400000,LOW_VOLUME_NODE
91324.20000000,0.40200000,0.19400000,0.20800000,17716.91420000,18995.45440000,LOW_VOLUME_NODE
91324.40000000,0.29200000,0.18100000,0.11100000,16529.73450000,10137.01950000,LOW_VOLUME_NODE
91325.20000000,0.33000000,0.09000000,0.24000000,8219.27700000,21918.07200000,LOW_VOLUME_NODE
91325.30000000,0.50800000,0.39200000,0.11600000,35799.55680000,10593.74640000,LOW_VOLUME_NODE
91325.70000000,0.22400000,0.09800000,0.12600000,8949.92840000,11507.05080000,LOW_VOLUME_NODE
91325.90000000,0.40400000,0.34000000,0.06400000,31050.84000000,5844.86400000,LOW_VOLUME_NODE
91326.20000000,0.12700000,0.04300000,0.08400000,3927.03090000,7671.40920000,LOW_VOLUME_NODE
91326.30000000,0.07300000,0.02700000,0.04600000,2465.81280000,4201.01440000,LOW_VOLUME_NODE
91326.40000000,0.18100000,0.16800000,0.01300000,15342.85200000,1187.24450000,LOW_VOLUME_NODE
91327.10000000,0.50700000,0.23900000,0.26800000,21827.19710000,24475.67340000,LOW_VOLUME_NODE
91327.20000000,0.18400000,0.04500000,0.13900000,4109.72850000,12694.49470000,LOW_VOLUME_NODE
91327.30000000,0.10900000,0.05000000,0.05900000,4566.37000000,5388.31660000,LOW_VOLUME_NODE
91327.70000000,0.39200000,0.33800000,0.05400000,30868.79640000,4931.70120000,LOW_VOLUME_NODE
91327.80000000,0.05200000,0.01900000,0.03300000,1735.23010000,3013.82070000,LOW_VOLUME_NODE
91327.90000000,0.41100000,0.02500000,0.38600000,2283.20000000,35252.60800000,LOW_VOLUME_NODE
91328.70000000,0.23900000,0.07200000,0.16700000,6575.67360000,15251.90960000,LOW_VOLUME_NODE
91329.10000000,0.21200000,0.05900000,0.15300000,5388.41970000,13973.36390000,LOW_VOLUME_NODE
91329.20000000,0.52200000,0.28800000,0.23400000,26302.83840000,21371.05620000,LOW_VOLUME_NODE
91329.30000000,0.32100000,0.16600000,0.15500000,15160.68040000,14156.05700000,LOW_VOLUME_NODE
91329.40000000,0.04400000,0.02200000,0.02200000,2009.24900000,2009.24900000,LOW_VOLUME_NODE
91329.80000000,0.11200000,0.04400000,0.06800000,4018.51560000,6210.43320000,LOW_VOLUME_NODE
91330.20000000,0.16600000,0.09800000,0.06800000,8950.36940000,6210.46040000,LOW_VOLUME_NODE
91330.30000000,0.12600000,0.07800000,0.04800000,7123.77120000,4383.85920000,LOW_VOLUME_NODE
91330.40000000,0.27600000,0.11600000,0.16000000,10594.33800000,14612.88000000,LOW_VOLUME_NODE
91330.70000000,0.31200000,0.23700000,0.07500000,21645.39960000,6849.81000000,LOW_VOLUME_NODE
91330.80000000,0.27000000,0.18200000,0.08800000,16622.22380000,8037.11920000,LOW_VOLUME_NODE
91330.90000000,0.27400000,0.15200000,0.12200000,13882.31200000,11142.38200000,LOW_VOLUME_NODE
91331.30000000,0.26800000,0.21800000,0.05000000,19910.24520000,4566.57000000,LOW_VOLUME_NODE
91331.40000000,0.39200000,0.16300000,0.22900000,14887.03450000,20914.91350000,LOW_VOLUME_NODE
91332.40000000,0.30900000,0.02000000,0.28900000,1826.65000000,26395.09250000,LOW_VOLUME_NODE
91332.90000000,0.35800000,0.28400000,0.07400000,25938.57200000,6758.64200000,LOW_VOLUME_NODE
91333.20000000,0.41900000,0.39200000,0.02700000,35802.65360000,2465.99910000,LOW_VOLUME_NODE
91334.20000000,0.31100000,0.27400000,0.03700000,25025.59820000,3379.36910000,LOW_VOLUME_NODE
91334.40000000,0.15800000,0.11900000,0.03900000,10868.80550000,3562.04550000,LOW_VOLUME_NODE
91334.60000000,0.26000000,0.12700000,0.13300000,11599.50170000,12147.50650000,LOW_VOLUME_NODE
91334.70000000,0.18500000,0.03400000,0.15100000,3105.38320000,13791.55480000,LOW_VOLUME_NODE
91334.80000000,0.14000000,0.10500000,0.03500000,9590.16450000,3196.72150000,LOW_VOLUME_NODE
91334.90000000,0.27900000,0.20200000,0.07700000,18449.67000000,7032.79500000,LOW_VOLUME_NODE
91335.20000000,0.19400000,0.14900000,0.04500000,13608.95970000,4110.08850000,LOW_VOLUME_NODE
91335.70000000,0.43600000,0.36100000,0.07500000,32972.22380000,6850.18500000,LOW_VOLUME_NODE
91336.30000000,0.14100000,0.02900000,0.11200000,2648.75560000,10229.67680000,LOW_VOLUME_NODE
91336.40000000,0.14000000,0.04400000,0.09600000,4018.80600000,8768.30400000,LOW_VOLUME_NODE
91336.60000000,0.25800000,0.12100000,0.13700000,11051.73220000,12513.11700000,LOW_VOLUME_NODE
91336.70000000,0.13500000,0.02700000,0.10800000,2466.09360000,9864.37440000,LOW_VOLUME_NODE
91336.80000000,0.12100000,0.09700000,0.02400000,8859.67930000,2192.08560000,LOW_VOLUME_NODE
91336.90000000,0.14700000,0.10400000,0.04300000,9499.04800000,3927.49100000,LOW_VOLUME_NODE
91337.70000000,0.12400000,0.04200000,0.08200000,3836.18760000,7489.69960000,LOW_VOLUME_NODE
91337.80000000,0.20700000,0.02600000,0.18100000,2374.78540000,16532.15990000,LOW_VOLUME_NODE
91338.40000000,0.21700000,0.17800000,0.03900000,16258.25300000,3562.20150000,LOW_VOLUME_NODE
91339.30000000,0.17200000,0.06800000,0.10400000,6211.07920000,9499.29760000,LOW_VOLUME_NODE
91339.70000000,0.07200000,0.01200000,0.06000000,1096.07760000,5480.38800000,LOW_VOLUME_NODE
91339.80000000,0.18000000,0.15100000,0.02900000,13792.32490000,2648.85710000,LOW_VOLUME_NODE
91339.90000000,0.37300000,0.15300000,0.22000000,13975.02000000,20094.80000000,LOW_VOLUME_NODE
91340.20000000,0.43600000,0.38800000,0.04800000,35440.03640000,4384.33440000,LOW_VOLUME_NODE
91340.30000000,0.26800000,0.01900000,0.24900000,1735.46760000,22743.75960000,LOW_VOLUME_NODE
91340.70000000,0.13100000,0.02200000,0.10900000,2009.49760000,9956.14720000,LOW_VOLUME_NODE
91340.80000000,0.15400000,0.13600000,0.01800000,12422.36240000,1644.13620000,LOW_VOLUME_NODE
91341.20000000,0.41400000,0.24100000,0.17300000,22013.25330000,15802.04490000,LOW_VOLUME_NODE
91341.60000000,0.30500000,0.14300000,0.16200000,13061.85210000,14797.34930000,LOW_VOLUME_NODE
91342.20000000,0.44200000,0.39600000,0.04600000,36171.55080000,4201.74580000,LOW_VOLUME_NODE
91342.30000000,0.30300000,0.15800000,0.14500000,14432.09920000,13244.64800000,LOW_VOLUME_NODE
91342.60000000,0.42600000,0.34800000,0.07800000,31787.24830000,7124.72560000,LOW_VOLUME_NODE
91342.70000000,0.11800000,0.08700000,0.03100000,7946.82360000,2831.62680000,LOW_VOLUME_NODE
91342.80000000,0.23000000,0.18900000,0.04100000,17263.80810000,3745.05890000,LOW_VOLUME_NODE
91342.90000000,0.09500000,0.07000000,0.02500000,6394.01000000,2283.57500000,LOW_VOLUME_NODE
91343.20000000,0.35900000,0.30300000,0.05600000,27677.01990000,5115.22480000,LOW_VOLUME_NODE
91343.30000000,0.20300000,0.13700000,0.06600000,12514.04580000,6028.66440000,LOW_VOLUME_NODE
91343.40000000,0.47100000,0.45100000,0.02000000,41195.91850000,1826.87000000,LOW_VOLUME_NODE
91343.70000000,0.12200000,0.08800000,0.03400000,8038.25440000,3105.68920000,LOW_VOLUME_NODE
91343.80000000,0.15800000,0.08900000,0.06900000,8129.60710000,6302.72910000,LOW_VOLUME_NODE
91343.90000000,0.30200000,0.12800000,0.17400000,11692.03200000,15893.85600000,LOW_VOLUME_NODE
91344.70000000,0.05800000,0.03500000,0.02300000,3197.06800000,2100.93040000,LOW_VOLUME_NODE
91344.80000000,0.17000000,0.13700000,0.03300000,12514.25130000,3014.38170000,LOW_VOLUME_NODE
91344.90000000,0.20900000,0.07300000,0.13600000,6668.18500000,12422.92000000,LOW_VOLUME_NODE
91345.30000000,0.11400000,0.02400000,0.09000000,2192.28960000,8221.08600000,LOW_VOLUME_NODE
91345.70000000,0.20000000,0.15700000,0.04300000,14341.29060000,3927.86940000,LOW_VOLUME_NODE
91346.40000000,0.36900000,0.34800000,0.02100000,31788.58200000,1918.27650000,LOW_VOLUME_NODE
91346.70000000,0.28600000,0.26700000,0.01900000,24389.59560000,1735.58920000,LOW_VOLUME_NODE
91347.40000000,0.09300000,0.07200000,0.02100000,6577.02000000,1918.29750000,LOW_VOLUME_NODE
91347.60000000,0.37900000,0.33200000,0.04700000,30327.42340000,4293.34080000,LOW_VOLUME_NODE
91347.90000000,0.26000000,0.17500000,0.08500000,15985.90000000,7764.58000000,LOW_VOLUME_NODE
91348.10000000,0.38200000,0.13700000,0.24500000,12514.69830000,22380.30060000,LOW_VOLUME_NODE
91348.20000000,0.28300000,0.10700000,0.17600000,9774.26810000,16077.30080000,LOW_VOLUME_NODE
91348.40000000,0.30400000,0.15500000,0.14900000,14159.01750000,13610.92650000,LOW_VOLUME_NODE
91348.80000000,0.09300000,0.07000000,0.02300000,6394.42300000,2101.02470000,LOW_VOLUME_NODE
91349.20000000,0.24100000,0.13200000,0.10900000,12058.10760000,9957.07370000,LOW_VOLUME_NODE
91349.30000000,0.36200000,0.02800000,0.33400000,2557.78320000,30510.69960000,LOW_VOLUME_NODE
91349.70000000,0.12700000,0.11100000,0.01600000,10139.82780000,1461.59680000,LOW_VOLUME_NODE
91349.80000000,0.17500000,0.08400000,0.09100000,7673.39160000,8312.84090000,LOW_VOLUME_NODE
91350.20000000,0.24100000,0.17800000,0.06300000,16260.35340000,5755.06890000,LOW_VOLUME_NODE
91351.60000000,0.43400000,0.30900000,0.12500000,28227.65350000,11418.95190000,LOW_VOLUME_NODE
91351.70000000,0.29000000,0.12500000,0.16500000,11418.97500000,15073.04700000,LOW_VOLUME_NODE
91351.80000000,0.22300000,0.10900000,0.11400000,9957.35710000,10414.11660000,LOW_VOLUME_NODE
91351.90000000,0.38100000,0.13100000,0.25000000,11967.11200000,22838.00000000,LOW_VOLUME_NODE
91352.20000000,0.14100000,0.04400000,0.09700000,4019.50120000,8861.17310000,LOW_VOLUME_NODE
91352.30000000,0.05300000,0.03100000,0.02200000,2831.92440000,2009.75280000,LOW_VOLUME_NODE
91352.40000000,0.11800000,0.08100000,0.03700000,7399.55250000,3380.04250000,LOW_VOLUME_NODE
91352.70000000,0.07800000,0.03400000,0.04400000,3105.99520000,4019.52320000,LOW_VOLUME_NODE
91352.80000000,0.06500000,0.04500000,0.02000000,4110.88050000,1827.05800000,LOW_VOLUME_NODE
91353.40000000,0.23000000,0.08500000,0.14500000,7765.04750000,13246.25750000,LOW_VOLUME_NODE
91353.80000000,0.13000000,0.05200000,0.07800000,4750.40280000,7125.60420000,LOW_VOLUME_NODE
91353.90000000,0.26400000,0.01900000,0.24500000,1735.72600000,22381.73000000,LOW_VOLUME_NODE
91354.20000000,0.11700000,0.06400000,0.05300000,5846.67520000,4841.77790000,LOW_VOLUME_NODE
91354.40000000,0.28800000,0.17700000,0.11100000,16169.74650000,10140.34950000,LOW_VOLUME_NODE
91354.80000000,0.28900000,0.26300000,0.02600000,24026.33870000,2375.22740000,LOW_VOLUME_NODE
91355.20000000,0.21400000,0.03700000,0.17700000,3380.14610000,16169.88810000,LOW_VOLUME_NODE
91355.70000000,0.08000000,0.05700000,0.02300000,5207.28060000,2101.18340000,LOW_VOLUME_NODE
91355.80000000,0.10800000,0.07800000,0.03000000,7125.76020000,2740.67700000,LOW_VOLUME_NODE
91356.30000000,0.04600000,0.01500000,0.03100000,1370.34600000,2832.04840000,LOW_VOLUME_NODE
91356.60000000,0.35800000,0.29100000,0.06700000,26584.78170000,6120.89720000,LOW_VOLUME_NODE
91356.70000000,0.35500000,0.06000000,0.29500000,5481.40800000,26950.25600000,LOW_VOLUME_NODE
91356.80000000,0.42400000,0.18800000,0.23600000,17175.09720000,21560.22840000,LOW_VOLUME_NODE
91357.70000000,0.04000000,0.00800000,0.03200000,730.86240000,2923.44960000,LOW_VOLUME_NODE
91357.80000000,0.36200000,0.20400000,0.15800000,18637.01160000,14434.54820000,LOW_VOLUME_NODE
91357.90000000,0.41200000,0.36500000,0.04700000,33345.67000000,4293.82600000,LOW_VOLUME_NODE
91358.10000000,0.16200000,0.05100000,0.11100000,4659.26470000,10140.75070000,LOW_VOLUME_NODE
91358.20000000,0.22900000,0.20800000,0.02100000,19002.52640000,1918.52430000,LOW_VOLUME_NODE
91358.30000000,0.05300000,0.03400000,0.01900000,3106.18560000,1735.80960000,LOW_VOLUME_NODE
91358.40000000,0.08600000,0.03400000,0.05200000,3106.18900000,4750.64200000,LOW_VOLUME_NODE
91358.60000000,0.25600000,0.06000000,0.19600000,5481.51860000,17906.29730000,LOW_VOLUME_NODE
91358.70000000,0.11200000,0.05700000,0.05500000,5207.45160000,5024.73400000,LOW_VOLUME_NODE
91358.80000000,0.45700000,0.05500000,0.40200000,5024.73950000,36726.27780000,LOW_VOLUME_NODE
91359.10000000,0.29400000,0.19500000,0.09900000,17815.02830000,9044.55390000,LOW_VOLUME_NODE
91359.30000000,0.31700000,0.08200000,0.23500000,7491.47080000,21469.45900000,LOW_VOLUME_NODE
91359.70000000,0.12500000,0.10600000,0.01900000,9684.13880000,1735.83620000,LOW_VOLUME_NODE
91359.80000000,0.34900000,0.05300000,0.29600000,4842.07470000,27042.53040000,LOW_VOLUME_NODE
91360.70000000,0.21400000,0.03100000,0.18300000,2832.18480000,16719.02640000,LOW_VOLUME_NODE
91360.80000000,0.19000000,0.16300000,0.02700000,14891.82670000,2466.74430000,LOW_VOLUME_NODE
91360.90000000,0.32700000,0.22300000,0.10400000,20373.50300000,9501.54400000,LOW_VOLUME_NODE
91361.40000000,0.19300000,0.12800000,0.06500000,11694.27200000,5938.49750000,LOW_VOLUME_NODE
91361.80000000,0.24900000,0.00800000,0.24100000,730.89520000,22018.21790000,LOW_VOLUME_NODE
91361.90000000,0.43300000,0.32000000,0.11300000,29235.84000000,10323.90600000,LOW_VOLUME_NODE
91362.20000000,0.30000000,0.16700000,0.13300000,15257.50410000,12151.18590000,LOW_VOLUME_NODE
91362.30000000,0.16200000,0.01100000,0.15100000,1004.98640000,13795.72240000,LOW_VOLUME_NODE
91362.40000000,0.26400000,0.22000000,0.04400000,20099.75000000,4019.95000000,LOW_VOLUME_NODE
91362.80000000,0.25400000,0.18000000,0.07400000,16445.32200000,6760.85460000,LOW_VOLUME_NODE
91362.90000000,0.08700000,0.01300000,0.07400000,1187.71900000,6760.86200000,LOW_VOLUME_NODE
91363.10000000,0.17600000,0.06100000,0.11500000,5573.15250000,10506.76660000,LOW_VOLUME_NODE
91363.20000000,0.04900000,0.02900000,0.02000000,2649.53570000,1827.26600000,LOW_VOLUME_NODE
91363.30000000,0.05400000,0.02900000,0.02500000,2649.53860000,2284.08500000,LOW_VOLUME_NODE
91363.40000000,0.17700000,0.12900000,0.04800000,11785.89150000,4385.44800000,LOW_VOLUME_NODE
91364.40000000,0.07100000,0.04300000,0.02800000,3928.67350000,2558.20600000,LOW_VOLUME_NODE
91364.70000000,0.22200000,0.11200000,0.11000000,10232.85760000,10050.12800000,LOW_VOLUME_NODE
91364.80000000,0.20300000,0.12100000,0.08200000,11055.15290000,7491.92180000,LOW_VOLUME_NODE
91364.90000000,0.07100000,0.03400000,0.03700000,3106.41000000,3380.50500000,LOW_VOLUME_NODE
91365.40000000,0.51500000,0.15000000,0.36500000,13704.82500000,33348.40750000,LOW_VOLUME_NODE
91365.60000000,0.47300000,0.28600000,0.18700000,26130.57330000,17085.37620000,LOW_VOLUME_NODE
91365.80000000,0.29200000,0.26600000,0.02600000,24303.32940000,2375.51340000,LOW_VOLUME_NODE
91365.90000000,0.36400000,0.01300000,0.35100000,1187.75800000,32069.46600000,LOW_VOLUME_NODE
91366.20000000,0.28900000,0.26000000,0.02900000,23755.23800000,2649.62270000,LOW_VOLUME_NODE
91366.30000000,0.05900000,0.03900000,0.02000000,3563.28960000,1827.32800000,LOW_VOLUME_NODE
91366.40000000,0.15200000,0.12400000,0.02800000,11329.44600000,2558.26200000,LOW_VOLUME_NODE
91366.70000000,0.43800000,0.41200000,0.02600000,37643.12160000,2375.53680000,LOW_VOLUME_NODE
91366.80000000,0.07500000,0.04100000,0.03400000,3746.04290000,3106.47460000,LOW_VOLUME_NODE
91366.90000000,0.37800000,0.05200000,0.32600000,4751.08400000,29785.64200000,LOW_VOLUME_NODE
91367.20000000,0.21300000,0.20200000,0.01100000,18456.19460000,1005.04030000,LOW_VOLUME_NODE
91367.70000000,0.11200000,0.09900000,0.01300000,9045.41220000,1187.78140000,LOW_VOLUME_NODE
91367.80000000,0.09300000,0.06100000,0.03200000,5573.44190000,2923.77280000,LOW_VOLUME_NODE
91368.20000000,0.23200000,0.21400000,0.01800000,19552.81620000,1644.62940000,LOW_VOLUME_NODE
91368.30000000,0.12200000,0.10700000,0.01500000,9776.41880000,1370.52600000,LOW_VOLUME_NODE
91368.40000000,0.03800000,0.01900000,0.01900000,1736.00150000,1736.00150000,LOW_VOLUME_NODE
91368.60000000,0.41700000,0.29900000,0.11800000,27319.22850000,10781.50210000,LOW_VOLUME_NODE
91368.70000000,0.46700000,0.16900000,0.29800000,15441.32720000,27227.90240000,LOW_VOLUME_NODE
91370.40000000,0.35200000,0.07100000,0.28100000,6487.30550000,25675.11050000,LOW_VOLUME_NODE
91371.20000000,0.34800000,0.31500000,0.03300000,28781.95950000,3015.25290000,LOW_VOLUME_NODE
91371.30000000,0.49600000,0.13700000,0.35900000,12517.88180000,32802.33260000,LOW_VOLUME_NODE
91372.20000000,0.06700000,0.03200000,0.03500000,2923.91360000,3198.03050000,LOW_VOLUME_NODE
91372.40000000,0.49500000,0.31200000,0.18300000,28508.22000000,16721.16750000,LOW_VOLUME_NODE
91373.30000000,0.28100000,0.08300000,0.19800000,7583.99220000,18091.93320000,LOW_VOLUME_NODE
91373.70000000,0.27900000,0.08200000,0.19700000,7492.65160000,18000.63860000,LOW_VOLUME_NODE
91373.90000000,0.32100000,0.19800000,0.12300000,18092.05200000,11239.00200000,LOW_VOLUME_NODE
91374.10000000,0.20200000,0.09400000,0.10800000,8589.16810000,9868.40610000,LOW_VOLUME_NODE
91374.40000000,0.51900000,0.44600000,0.07300000,40753.02700000,6670.33850000,LOW_VOLUME_NODE
91374.80000000,0.18000000,0.05400000,0.12600000,4934.24460000,11513.23740000,LOW_VOLUME_NODE
91375.30000000,0.04800000,0.02000000,0.02800000,1827.50800000,2558.51120000,LOW_VOLUME_NODE
91375.40000000,0.05100000,0.03100000,0.02000000,2832.64050000,1827.51000000,LOW_VOLUME_NODE
91375.70000000,0.05700000,0.04200000,0.01500000,3837.78360000,1370.63700000,LOW_VOLUME_NODE
91375.80000000,0.06800000,0.02400000,0.04400000,2193.02160000,4020.53960000,LOW_VOLUME_NODE
91376.30000000,0.10400000,0.07500000,0.02900000,6853.23000000,2649.91560000,LOW_VOLUME_NODE
91376.40000000,0.40300000,0.27700000,0.12600000,25311.29050000,11513.43900000,LOW_VOLUME_NODE
91377.90000000,0.19800000,0.15400000,0.04400000,14072.21200000,4020.63200000,LOW_VOLUME_NODE
91378.20000000,0.26600000,0.10400000,0.16200000,9503.34320000,14803.28460000,LOW_VOLUME_NODE
91378.40000000,0.20900000,0.17700000,0.03200000,16173.99450000,2924.11200000,LOW_VOLUME_NODE
91378.80000000,0.16000000,0.10000000,0.06000000,9137.89000000,5482.73400000,LOW_VOLUME_NODE
91378.90000000,0.35100000,0.28600000,0.06500000,26134.39400000,5939.63500000,LOW_VOLUME_NODE
91379.20000000,0.30600000,0.27200000,0.03400000,24855.16960000,3106.89620000,LOW_VOLUME_NODE
91379.30000000,0.09600000,0.07200000,0.02400000,6579.31680000,2193.10560000,LOW_VOLUME_NODE
91379.40000000,0.11900000,0.05400000,0.06500000,4934.49300000,5939.66750000,LOW_VOLUME_NODE
91381.70000000,0.25700000,0.24000000,0.01700000,21931.63200000,1553.49060000,LOW_VOLUME_NODE
91381.80000000,0.33200000,0.27900000,0.05300000,25495.55010000,4843.24070000,LOW_VOLUME_NODE
91382.40000000,0.07500000,0.05400000,0.02100000,4934.65500000,1919.03250000,LOW_VOLUME_NODE
91382.70000000,0.11300000,0.07500000,0.03800000,6853.71000000,3472.54640000,LOW_VOLUME_NODE
91382.80000000,0.46600000,0.40100000,0.06500000,36644.54290000,5939.88850000,LOW_VOLUME_NODE
91382.90000000,0.10500000,0.07300000,0.03200000,6670.95900000,2924.25600000,LOW_VOLUME_NODE
91383.10000000,0.35000000,0.25500000,0.09500000,23302.70390000,8681.40210000,LOW_VOLUME_NODE
91384.20000000,0.18600000,0.15000000,0.03600000,13707.64500000,3289.83480000,LOW_VOLUME_NODE
91384.30000000,0.44100000,0.14300000,0.29800000,13067.96920000,27232.55120000,LOW_VOLUME_NODE
91385.20000000,0.36600000,0.33200000,0.03400000,30339.91960000,3107.10020000,LOW_VOLUME_NODE
91385.40000000,0.11600000,0.07300000,0.04300000,6671.14150000,3929.57650000,LOW_VOLUME_NODE
91385.70000000,0.17000000,0.06600000,0.10400000,6031.46280000,9504.12320000,LOW_VOLUME_NODE
91386.20000000,0.24100000,0.21200000,0.02900000,19373.89560000,2650.20270000,LOW_VOLUME_NODE
91386.30000000,0.39200000,0.15500000,0.23700000,14164.89200000,21658.57680000,LOW_VOLUME_NODE
91386.70000000,0.37400000,0.09300000,0.28100000,8498.97240000,25679.69080000,LOW_VOLUME_NODE
91386.90000000,0.41600000,0.31200000,0.10400000,28512.74400000,9504.24800000,LOW_VOLUME_NODE
91387.20000000,0.15000000,0.14500000,0.00500000,13251.15850000,456.93650000,LOW_VOLUME_NODE
91387.30000000,0.42100000,0.06200000,0.35900000,5666.01880000,32808.07660000,LOW_VOLUME_NODE
91387.40000000,0.07000000,0.03700000,0.03300000,3381.33750000,3015.78750000,LOW_VOLUME_NODE
91388.70000000,0.12200000,0.10400000,0.01800000,9504.43520000,1644.99840000,LOW_VOLUME_NODE
91389.70000000,0.19700000,0.18900000,0.00800000,17272.67220000,731.11840000,LOW_VOLUME_NODE
91389.80000000,0.34300000,0.31500000,0.02800000,28787.81850000,2558.91720000,LOW_VOLUME_NODE
91391.70000000,0.03800000,0.02600000,0.01200000,2376.18680000,1096.70160000,LOW_VOLUME_NODE
91392.30000000,0.05900000,0.02500000,0.03400000,2284.81000000,3107.34160000,LOW_VOLUME_NODE
91392.40000000,0.42800000,0.10100000,0.32700000,9230.64250000,29885.34750000,LOW_VOLUME_NODE
91392.70000000,0.12400000,0.05800000,0.06600000,5300.78240000,6031.92480000,LOW_VOLUME_NODE
91392.80000000,0.28600000,0.12400000,0.16200000,11332.71960000,14805.64980000,LOW_VOLUME_NODE
91393.60000000,0.30600000,0.06900000,0.23700000,6306.16010000,21660.29470000,LOW_VOLUME_NODE
91394.20000000,0.03100000,0.02000000,0.01100000,1827.88600000,1005.33730000,LOW_VOLUME_NODE
91394.70000000,0.16500000,0.13200000,0.03300000,12064.11360000,3016.02840000,LOW_VOLUME_NODE
91394.90000000,0.41500000,0.28800000,0.12700000,26321.76000000,11607.16500000,LOW_VOLUME_NODE
91395.10000000,0.47400000,0.15800000,0.31600000,14440.43070000,28880.85700000,LOW_VOLUME_NODE
91395.20000000,0.43300000,0.22000000,0.21300000,20106.96600000,19467.19890000,LOW_VOLUME_NODE
91395.30000000,0.40600000,0.35500000,0.05100000,32445.36700000,4661.16540000,LOW_VOLUME_NODE
91395.40000000,0.06300000,0.04200000,0.02100000,3838.61100000,1919.30550000,LOW_VOLUME_NODE
91395.90000000,0.11800000,0.03300000,0.08500000,3016.06800000,7768.66000000,LOW_VOLUME_NODE
91396.10000000,0.09800000,0.02600000,0.07200000,2376.29920000,6580.52590000,LOW_VOLUME_NODE
91396.20000000,0.02200000,0.00800000,0.01400000,731.17040000,1279.54820000,LOW_VOLUME_NODE
91396.30000000,0.14600000,0.13500000,0.01100000,12338.51400000,1005.36040000,LOW_VOLUME_NODE
91396.40000000,0.05100000,0.01800000,0.03300000,1645.13700000,3016.08450000,LOW_VOLUME_NODE
91396.60000000,0.07100000,0.04600000,0.02500000,4204.24410000,2284.91650000,LOW_VOLUME_NODE
91396.70000000,0.37100000,0.07200000,0.29900000,6580.56960000,27327.64320000,LOW_VOLUME_NODE
91397.20000000,0.01500000,0.00700000,0.00800000,639.78110000,731.17840000,LOW_VOLUME_NODE
91397.40000000,0.08600000,0.01100000,0.07500000,1005.37250000,6854.81250000,LOW_VOLUME_NODE
91397.60000000,0.18000000,0.04500000,0.13500000,4112.89460000,12338.67650000,LOW_VOLUME_NODE
91397.70000000,0.36000000,0.34000000,0.02000000,31075.25200000,1827.95600000,LOW_VOLUME_NODE
91397.80000000,0.02100000,0.00400000,0.01700000,365.59160000,1553.76430000,LOW_VOLUME_NODE
91397.90000000,0.18800000,0.16800000,0.02000000,15354.86400000,1827.96000000,LOW_VOLUME_NODE
91398.10000000,0.44700000,0.04500000,0.40200000,4112.91540000,36742.03680000,LOW_VOLUME_NODE
91398.20000000,0.03200000,0.01900000,0.01300000,1736.56770000,1188.17790000,LOW_VOLUME_NODE
91398.30000000,0.17500000,0.01000000,0.16500000,913.98400000,15080.73600000,LOW_VOLUME_NODE
91398.40000000,0.03600000,0.00800000,0.02800000,731.18800000,2559.15800000,LOW_VOLUME_NODE
91398.60000000,0.14300000,0.12300000,0.02000000,11242.02900000,1827.97290000,LOW_VOLUME_NODE
91398.70000000,0.12400000,0.02600000,0.09800000,2376.36880000,8957.08240000,LOW_VOLUME_NODE
91398.80000000,0.17200000,0.15600000,0.01600000,14258.22840000,1462.38240000,LOW_VOLUME_NODE
91398.90000000,0.01500000,0.01000000,0.00500000,913.99000000,456.99500000,LOW_VOLUME_NODE
91399.10000000,0.15300000,0.04400000,0.10900000,4021.56100000,9962.50960000,LOW_VOLUME_NODE
91399.20000000,0.05800000,0.05000000,0.00800000,4569.96500000,731.19440000,LOW_VOLUME_NODE
91399.30000000,0.38000000,0.18300000,0.19700000,16726.09020000,18005.68180000,LOW_VOLUME_NODE
91399.40000000,0.22300000,0.09200000,0.13100000,8408.75400000,11973.33450000,LOW_VOLUME_NODE
91399.70000000,0.06400000,0.03600000,0.02800000,3290.39280000,2559.19440000,LOW_VOLUME_NODE
91399.80000000,0.33700000,0.14200000,0.19500000,12978.78580000,17822.98050000,LOW_VOLUME_NODE
91400.30000000,0.38700000,0.02800000,0.35900000,2559.21120000,32812.74360000,LOW_VOLUME_NODE
91400.60000000,0.22200000,0.02700000,0.19500000,2467.81680000,17823.12600000,LOW_VOLUME_NODE
91400.70000000,0.18800000,0.18100000,0.00700000,16543.54480000,639.80560000,LOW_VOLUME_NODE
91400.80000000,0.14800000,0.00900000,0.13900000,822.60810000,12704.72510000,LOW_VOLUME_NODE
91400.90000000,0.03200000,0.01700000,0.01500000,1553.81700000,1371.01500000,LOW_VOLUME_NODE
91401.10000000,0.22300000,0.04100000,0.18200000,3747.44770000,16635.00400000,LOW_VOLUME_NODE
91401.20000000,0.05500000,0.02300000,0.03200000,2102.22990000,2924.84160000,LOW_VOLUME_NODE
91401.30000000,0.40700000,0.00700000,0.40000000,639.80980000,36560.56000000,LOW_VOLUME_NODE
91401.40000000,0.21100000,0.00700000,0.20400000,639.81050000,18645.90600000,LOW_VOLUME_NODE
91401.80000000,0.43400000,0.08100000,0.35300000,7403.55390000,32264.87070000,LOW_VOLUME_NODE
91402.30000000,0.29600000,0.02800000,0.26800000,2559.26720000,24495.84320000,LOW_VOLUME_NODE
91402.40000000,0.39300000,0.01800000,0.37500000,1645.24500000,34275.93750000,LOW_VOLUME_NODE
91402.60000000,0.17900000,0.13700000,0.04200000,12522.16740000,3838.91010000,LOW_VOLUME_NODE
91402.70000000,0.02800000,0.00700000,0.02100000,639.81960000,1919.45880000,LOW_VOLUME_NODE
91402.80000000,0.13200000,0.01000000,0.12200000,914.02900000,11151.15380000,LOW_VOLUME_NODE
91402.90000000,0.16400000,0.04000000,0.12400000,3656.12000000,11333.97200000,LOW_VOLUME_NODE
91403.10000000,0.26100000,0.08100000,0.18000000,7403.65240000,16452.56580000,LOW_VOLUME_NODE
91403.20000000,0.03400000,0.02600000,0.00800000,2376.48580000,731.22640000,LOW_VOLUME_NODE
91403.30000000,0.20300000,0.18300000,0.02000000,16726.82220000,1828.06800000,LOW_VOLUME_NODE
91403.40000000,0.21300000,0.19900000,0.01400000,18189.29650000,1279.64900000,LOW_VOLUME_NODE
91403.90000000,0.51100000,0.07300000,0.43800000,6672.49200000,40034.95200000,LOW_VOLUME_NODE
91404.20000000,0.13900000,0.11600000,0.02300000,10602.89880000,2102.29890000,LOW_VOLUME_NODE
91404.30000000,0.05600000,0.02900000,0.02700000,2650.72760000,2467.91880000,LOW_VOLUME_NODE
91404.40000000,0.02200000,0.01200000,0.01000000,1096.85400000,914.04500000,LOW_VOLUME_NODE
91404.60000000,0.16100000,0.06000000,0.10100000,5484.27910000,9231.86790000,LOW_VOLUME_NODE
91404.70000000,0.10600000,0.00900000,0.09700000,822.64320000,8866.26560000,LOW_VOLUME_NODE
91404.80000000,0.32600000,0.01500000,0.31100000,1371.07350000,28426.92390000,LOW_VOLUME_NODE
91405.10000000,0.42300000,0.23500000,0.18800000,21480.20970000,17184.16730000,LOW_VOLUME_NODE
91405.30000000,0.03600000,0.01800000,0.01800000,1645.29720000,1645.29720000,LOW_VOLUME_NODE
91405.40000000,0.09000000,0.02000000,0.07000000,1828.11000000,6398.38500000,LOW_VOLUME_NODE
91405.60000000,0.19700000,0.10100000,0.09600000,9231.96720000,8774.93900000,LOW_VOLUME_NODE
91405.70000000,0.10900000,0.02100000,0.08800000,1919.52180000,8043.71040000,LOW_VOLUME_NODE
91405.80000000,0.28000000,0.00800000,0.27200000,731.24720000,24862.40480000,LOW_VOLUME_NODE
91405.90000000,0.17800000,0.03400000,0.14400000,3107.80400000,13162.46400000,LOW_VOLUME_NODE
91406.10000000,0.41100000,0.34100000,0.07000000,31169.49020000,6398.43280000,LOW_VOLUME_NODE
91406.20000000,0.33100000,0.31500000,0.01600000,28792.98450000,1462.50080000,LOW_VOLUME_NODE
91406.30000000,0.44800000,0.01900000,0.42900000,1736.72160000,39213.34560000,LOW_VOLUME_NODE
91406.40000000,0.10900000,0.00900000,0.10000000,822.65850000,9140.65000000,LOW_VOLUME_NODE
91406.80000000,0.07100000,0.05900000,0.01200000,5393.00710000,1096.88280000,LOW_VOLUME_NODE
91406.90000000,0.09500000,0.07400000,0.02100000,6764.11800000,1919.54700000,LOW_VOLUME_NODE
91407.10000000,0.26500000,0.04300000,0.22200000,3930.50740000,20292.38340000,LOW_VOLUME_NODE
91407.20000000,0.11400000,0.10200000,0.01200000,9323.54460000,1096.88760000,LOW_VOLUME_NODE
91407.70000000,0.02700000,0.01000000,0.01700000,914.07800000,1553.93260000,LOW_VOLUME_NODE
91407.80000000,0.26200000,0.25100000,0.01100000,22943.38290000,1005.48690000,LOW_VOLUME_NODE
91407.90000000,0.23000000,0.17400000,0.05600000,15904.99200000,5118.84800000,LOW_VOLUME_NODE
91408.30000000,0.17100000,0.15600000,0.01500000,14259.71040000,1371.12600000,LOW_VOLUME_NODE
91408.40000000,0.08600000,0.07300000,0.01300000,6672.82050000,1188.31050000,LOW_VOLUME_NODE
91408.60000000,0.12300000,0.03200000,0.09100000,2925.07640000,8318.18860000,LOW_VOLUME_NODE
91408.70000000,0.04800000,0.03600000,0.01200000,3290.71680000,1096.90560000,LOW_VOLUME_NODE
91408.80000000,0.12700000,0.11300000,0.01400000,10329.20570000,1279.72460000,LOW_VOLUME_NODE
91408.90000000,0.47200000,0.46000000,0.01200000,42048.14000000,1096.90800000,LOW_VOLUME_NODE
91409.10000000,0.36500000,0.09600000,0.26900000,8775.27480000,24589.07350000,LOW_VOLUME_NODE
91409.20000000,0.02100000,0.00600000,0.01500000,548.45580000,1371.13950000,LOW_VOLUME_NODE
91409.30000000,0.20600000,0.19500000,0.01100000,17824.83300000,1005.50340000,LOW_VOLUME_NODE
91409.40000000,0.21600000,0.19600000,0.02000000,17916.26200000,1828.19000000,LOW_VOLUME_NODE
91409.60000000,0.08200000,0.05700000,0.02500000,5210.34850000,2285.24030000,LOW_VOLUME_NODE
91409.70000000,0.03000000,0.01300000,0.01700000,1188.32740000,1553.96660000,LOW_VOLUME_NODE
91409.80000000,0.12400000,0.10500000,0.01900000,9598.03950000,1736.78810000,LOW_VOLUME_NODE
91409.90000000,0.14000000,0.07900000,0.06100000,7221.39000000,5576.01000000,LOW_VOLUME_NODE
91410.10000000,0.24600000,0.11400000,0.13200000,10420.75420000,12066.13730000,LOW_VOLUME_NODE
91410.60000000,0.05500000,0.02600000,0.02900000,2376.67620000,2650.90950000,LOW_VOLUME_NODE
91410.80000000,0.15700000,0.14500000,0.01200000,13254.58050000,1096.93080000,LOW_VOLUME_NODE
91410.90000000,0.07100000,0.02100000,0.05000000,1919.63100000,4570.55000000,LOW_VOLUME_NODE
91411.20000000,0.03800000,0.03000000,0.00800000,2742.33900000,731.29040000,LOW_VOLUME_NODE
91411.30000000,0.38200000,0.13400000,0.24800000,12249.12760000,22670.02720000,LOW_VOLUME_NODE
91411.40000000,0.51700000,0.09700000,0.42000000,8866.91550000,38392.83000000,LOW_VOLUME_NODE
91411.60000000,0.14200000,0.11700000,0.02500000,10695.16680000,2285.29180000,LOW_VOLUME_NODE
91411.70000000,0.14000000,0.13200000,0.00800000,12066.35760000,731.29440000,LOW_VOLUME_NODE
91411.90000000,0.44500000,0.38700000,0.05800000,35376.44400000,5301.89600000,LOW_VOLUME_NODE
91412.60000000,0.26000000,0.15000000,0.11000000,13711.90290000,10055.39640000,LOW_VOLUME_NODE
91412.70000000,0.12800000,0.04500000,0.08300000,4113.57600000,7587.26240000,LOW_VOLUME_NODE
91413.20000000,0.04100000,0.02400000,0.01700000,2193.91920000,1554.02610000,LOW_VOLUME_NODE
91413.30000000,0.05200000,0.02600000,0.02600000,2376.74840000,2376.74840000,LOW_VOLUME_NODE
91413.40000000,0.02700000,0.01000000,0.01700000,914.13500000,1554.02950000,LOW_VOLUME_NODE
91413.60000000,0.20700000,0.09900000,0.10800000,9049.94850000,9872.67120000,LOW_VOLUME_NODE
91413.70000000,0.10600000,0.02700000,0.07900000,2468.17260000,7221.69020000,LOW_VOLUME_NODE
91413.80000000,0.13000000,0.11200000,0.01800000,10238.35680000,1645.45020000,LOW_VOLUME_NODE
91414.30000000,0.11800000,0.05200000,0.06600000,4753.54880000,6033.35040000,LOW_VOLUME_NODE
91414.60000000,0.14300000,0.12400000,0.01900000,11335.42130000,1736.87850000,LOW_VOLUME_NODE
91414.80000000,0.20700000,0.10000000,0.10700000,9141.49000000,9781.39430000,LOW_VOLUME_NODE
91415.20000000,0.26300000,0.14400000,0.11900000,13163.80320000,10878.42070000,LOW_VOLUME_NODE
91415.90000000,0.10000000,0.05300000,0.04700000,4845.04800000,4296.55200000,LOW_VOLUME_NODE
91416.10000000,0.22900000,0.21400000,0.01500000,19563.06580000,1371.24200000,LOW_VOLUME_NODE
91416.20000000,0.05200000,0.01100000,0.04100000,1005.57930000,3748.06830000,LOW_VOLUME_NODE
91416.30000000,0.02700000,0.01000000,0.01700000,914.16400000,1554.07880000,LOW_VOLUME_NODE
91416.40000000,0.20600000,0.11000000,0.09600000,10055.81500000,8775.98400000,LOW_VOLUME_NODE
91416.60000000,0.18100000,0.15700000,0.02400000,14352.41100000,2193.99920000,LOW_VOLUME_NODE
91416.70000000,0.01400000,0.00500000,0.00900000,457.08400000,822.75120000,LOW_VOLUME_NODE
91416.80000000,0.11000000,0.00500000,0.10500000,457.08450000,9598.77450000,LOW_VOLUME_NODE
91416.90000000,0.16500000,0.15400000,0.01100000,14078.21800000,1005.58700000,LOW_VOLUME_NODE
91417.10000000,0.49400000,0.47400000,0.02000000,43331.74870000,1828.34300000,LOW_VOLUME_NODE
91417.20000000,0.23100000,0.18900000,0.04200000,17277.86970000,3839.52660000,LOW_VOLUME_NODE
91417.30000000,0.08000000,0.03600000,0.04400000,3291.02640000,4022.36560000,LOW_VOLUME_NODE
91417.40000000,0.20600000,0.08000000,0.12600000,7313.40000000,11518.60500000,LOW_VOLUME_NODE
91417.60000000,0.36200000,0.31700000,0.04500000,28979.40810000,4113.79280000,LOW_VOLUME_NODE
91417.70000000,0.06900000,0.05700000,0.01200000,5210.81460000,1097.01360000,LOW_VOLUME_NODE
91417.80000000,0.24600000,0.14000000,0.10600000,12798.50600000,9690.29740000,LOW_VOLUME_NODE
91418.30000000,0.37100000,0.05200000,0.31900000,4753.75680000,29162.46960000,LOW_VOLUME_NODE
91418.60000000,0.40900000,0.10000000,0.30900000,9141.86630000,28248.35630000,LOW_VOLUME_NODE
91418.80000000,0.12500000,0.02200000,0.10300000,2011.21580000,9416.14670000,LOW_VOLUME_NODE
91418.90000000,0.04700000,0.03600000,0.01100000,3291.08400000,1005.60900000,LOW_VOLUME_NODE
91419.10000000,0.28400000,0.19500000,0.08900000,17826.74000000,8136.30650000,LOW_VOLUME_NODE
91419.20000000,0.16200000,0.15100000,0.01100000,13804.31430000,1005.61230000,LOW_VOLUME_NODE
91419.30000000,0.48800000,0.37900000,0.10900000,34647.95260000,9964.71460000,LOW_VOLUME_NODE
91419.40000000,0.04200000,0.01800000,0.02400000,1645.55100000,2194.06800000,LOW_VOLUME_NODE
91419.70000000,0.12100000,0.02000000,0.10100000,1828.39600000,9233.39980000,LOW_VOLUME_NODE
91420.20000000,0.02400000,0.01600000,0.00800000,1462.72480000,731.36240000,LOW_VOLUME_NODE
91420.30000000,0.13800000,0.03300000,0.10500000,3016.87320000,9599.14200000,LOW_VOLUME_NODE
91420.80000000,0.49700000,0.37100000,0.12600000,33917.15390000,11519.03340000,LOW_VOLUME_NODE
91420.90000000,0.09100000,0.06000000,0.03100000,5485.26000000,2834.05100000,LOW_VOLUME_NODE
91421.20000000,0.14000000,0.12600000,0.01400000,11519.08380000,1279.89820000,LOW_VOLUME_NODE
91421.30000000,0.04400000,0.02800000,0.01600000,2559.79920000,1462.74240000,LOW_VOLUME_NODE
91421.40000000,0.41400000,0.31100000,0.10300000,28432.08650000,9416.41450000,LOW_VOLUME_NODE
91421.60000000,0.24100000,0.05500000,0.18600000,5028.19060000,17004.43480000,LOW_VOLUME_NODE
91421.70000000,0.20800000,0.17600000,0.03200000,16090.23680000,2925.49760000,LOW_VOLUME_NODE
91422.20000000,0.30600000,0.26200000,0.04400000,23952.64260000,4022.58120000,LOW_VOLUME_NODE
91422.30000000,0.08300000,0.06300000,0.02000000,5759.61120000,1828.44800000,LOW_VOLUME_NODE
91422.40000000,0.03400000,0.02200000,0.01200000,2011.29500000,1097.07000000,LOW_VOLUME_NODE
91422.60000000,0.29100000,0.25300000,0.03800000,23129.91970000,3474.06150000,LOW_VOLUME_NODE
91422.70000000,0.25400000,0.11700000,0.13700000,10696.46760000,12524.92360000,LOW_VOLUME_NODE
91422.80000000,0.41000000,0.37800000,0.03200000,34557.85620000,2925.53280000,LOW_VOLUME_NODE
91423.20000000,0.17300000,0.13300000,0.04000000,12159.29890000,3656.93200000,LOW_VOLUME_NODE
91423.30000000,0.06000000,0.03200000,0.02800000,2925.54880000,2559.85520000,LOW_VOLUME_NODE
91423.80000000,0.05500000,0.02900000,0.02600000,2651.29310000,2377.02140000,LOW_VOLUME_NODE
91423.90000000,0.11900000,0.09800000,0.02100000,8959.55200000,1919.90400000,LOW_VOLUME_NODE
91424.30000000,0.04700000,0.03000000,0.01700000,2742.73200000,1554.21480000,LOW_VOLUME_NODE
91424.40000000,0.22600000,0.20400000,0.02200000,18650.59800000,2011.33900000,LOW_VOLUME_NODE
91424.60000000,0.24800000,0.22300000,0.02500000,20387.70270000,2285.61630000,LOW_VOLUME_NODE
91425.40000000,0.03900000,0.00700000,0.03200000,639.97850000,2925.61600000,LOW_VOLUME_NODE
91425.70000000,0.26900000,0.24000000,0.02900000,21942.19200000,2651.34820000,LOW_VOLUME_NODE
91426.20000000,0.18400000,0.08500000,0.09900000,7771.23550000,9051.20370000,LOW_VOLUME_NODE
91426.70000000,0.11400000,0.09900000,0.01500000,9051.25320000,1371.40200000,LOW_VOLUME_NODE
91426.80000000,0.11500000,0.02400000,0.09100000,2194.24560000,8319.84790000,LOW_VOLUME_NODE
91427.30000000,0.21100000,0.16000000,0.05100000,14628.38400000,4662.79740000,LOW_VOLUME_NODE
91427.40000000,0.19700000,0.19500000,0.00200000,17828.36250000,182.85500000,LOW_VOLUME_NODE
91427.80000000,0.22700000,0.18500000,0.04200000,16914.16150000,3839.97180000,LOW_VOLUME_NODE
91427.90000000,0.48100000,0.40700000,0.07400000,37211.19600000,6765.67200000,LOW_VOLUME_NODE
91428.10000000,0.10100000,0.06000000,0.04100000,5485.69080000,3748.55540000,LOW_VOLUME_NODE
91428.20000000,0.30800000,0.11500000,0.19300000,10514.25450000,17645.66190000,LOW_VOLUME_NODE
91428.30000000,0.46400000,0.34700000,0.11700000,31725.65480000,10697.12280000,LOW_VOLUME_NODE
91428.70000000,0.41600000,0.34800000,0.06800000,31817.22240000,6217.15840000,LOW_VOLUME_NODE
91428.80000000,0.17400000,0.14800000,0.02600000,13531.47720000,2377.15140000,LOW_VOLUME_NODE
91428.90000000,0.06900000,0.03700000,0.03200000,3382.87300000,2925.72800000,LOW_VOLUME_NODE
91429.10000000,0.27200000,0.09400000,0.17800000,8594.33780000,16274.39050000,LOW_VOLUME_NODE
91429.20000000,0.06600000,0.04800000,0.01800000,4388.60640000,1645.72740000,LOW_VOLUME_NODE
91429.30000000,0.07800000,0.03600000,0.04200000,3291.45840000,3840.03480000,LOW_VOLUME_NODE
91429.40000000,0.22700000,0.13000000,0.09700000,11885.83500000,8868.66150000,LOW_VOLUME_NODE
91429.80000000,0.10600000,0.02500000,0.08100000,2285.74750000,7405.82190000,LOW_VOLUME_NODE
91430.20000000,0.52300000,0.32100000,0.20200000,29349.12630000,18468.92060000,LOW_VOLUME_NODE
91430.40000000,0.07400000,0.06000000,0.01400000,5485.83000000,1280.02700000,LOW_VOLUME_NODE
91430.70000000,0.05700000,0.02300000,0.03400000,2102.90840000,3108.64720000,LOW_VOLUME_NODE
91430.90000000,0.13100000,0.07500000,0.05600000,6857.32500000,5120.13600000,LOW_VOLUME_NODE
91431.10000000,0.32300000,0.30700000,0.01600000,28069.37570000,1462.89890000,LOW_VOLUME_NODE
91431.20000000,0.03600000,0.01500000,0.02100000,1371.46950000,1920.05730000,LOW_VOLUME_NODE
91431.30000000,0.13600000,0.08100000,0.05500000,7405.94340000,5028.72700000,LOW_VOLUME_NODE
91431.40000000,0.07200000,0.04100000,0.03100000,3748.69150000,2834.37650000,LOW_VOLUME_NODE
91431.70000000,0.31800000,0.30200000,0.01600000,27612.40360000,1462.90880000,LOW_VOLUME_NODE
91432.20000000,0.37700000,0.32400000,0.05300000,29624.06520000,4845.91190000,LOW_VOLUME_NODE
91432.30000000,0.09400000,0.08800000,0.00600000,8046.05120000,548.59440000,LOW_VOLUME_NODE
91432.40000000,0.03300000,0.02000000,0.01300000,1828.65000000,1188.62250000,LOW_VOLUME_NODE
91432.60000000,0.50900000,0.47600000,0.03300000,43521.95750000,3017.27780000,LOW_VOLUME_NODE
91433.20000000,0.21200000,0.13600000,0.07600000,12434.92880000,6948.93080000,LOW_VOLUME_NODE
91433.30000000,0.18200000,0.17100000,0.01100000,15635.11140000,1005.76740000,LOW_VOLUME_NODE
91433.70000000,0.36700000,0.24100000,0.12600000,22035.54580000,11520.65880000,LOW_VOLUME_NODE
91433.80000000,0.33200000,0.32000000,0.01200000,29258.84800000,1097.20680000,LOW_VOLUME_NODE
91433.90000000,0.23000000,0.08600000,0.14400000,7863.32400000,13166.49600000,LOW_VOLUME_NODE
91434.20000000,0.47200000,0.26300000,0.20900000,24047.22090000,19109.76870000,LOW_VOLUME_NODE
91434.30000000,0.08800000,0.01700000,0.07100000,1554.38480000,6491.84240000,LOW_VOLUME_NODE
91434.60000000,0.36900000,0.18200000,0.18700000,16641.10190000,17098.28250000,LOW_VOLUME_NODE
91434.80000000,0.42900000,0.11200000,0.31700000,10240.70880000,28984.86330000,LOW_VOLUME_NODE
91434.90000000,0.22500000,0.16200000,0.06300000,14812.47000000,5760.40500000,LOW_VOLUME_NODE
91435.20000000,0.34800000,0.29800000,0.05000000,27247.71940000,4571.76500000,LOW_VOLUME_NODE
91435.30000000,0.03000000,0.00800000,0.02200000,731.48320000,2011.57880000,LOW_VOLUME_NODE
91435.40000000,0.44200000,0.31100000,0.13100000,28436.44050000,11978.05050000,LOW_VOLUME_NODE
91435.60000000,0.20600000,0.11100000,0.09500000,10149.35760000,8686.38870000,LOW_VOLUME_NODE
91435.70000000,0.49700000,0.42600000,0.07100000,38951.65080000,6491.94180000,LOW_VOLUME_NODE
91435.80000000,0.20900000,0.15200000,0.05700000,13898.25680000,5211.84630000,LOW_VOLUME_NODE
91436.20000000,0.25300000,0.21300000,0.04000000,19475.93190000,3657.45200000,LOW_VOLUME_NODE
91436.30000000,0.14600000,0.04800000,0.09800000,4388.94720000,8960.76720000,LOW_VOLUME_NODE
91436.40000000,0.49900000,0.47400000,0.02500000,43340.90100000,2285.91250000,LOW_VOLUME_NODE
91436.70000000,0.42300000,0.21400000,0.20900000,19567.47520000,19110.29120000,LOW_VOLUME_NODE
91436.80000000,0.04600000,0.03800000,0.00800000,3474.60220000,731.49520000,LOW_VOLUME_NODE
91436.90000000,0.15700000,0.03100000,0.12600000,2834.54700000,11521.06200000,LOW_VOLUME_NODE
91437.30000000,0.31800000,0.15700000,0.16100000,14355.67180000,14721.42140000,LOW_VOLUME_NODE
91437.40000000,0.06400000,0.04800000,0.01600000,4389.00000000,1463.00000000,LOW_VOLUME_NODE
91437.70000000,0.03500000,0.02300000,0.01200000,2103.06940000,1097.25360000,LOW_VOLUME_NODE
91437.90000000,0.15900000,0.03400000,0.12500000,3108.89200000,11429.75000000,LOW_VOLUME_NODE
91438.30000000,0.34000000,0.01700000,0.32300000,1554.45280000,29534.60320000,LOW_VOLUME_NODE
91438.40000000,0.31800000,0.01300000,0.30500000,1188.70050000,27888.74250000,LOW_VOLUME_NODE
91439.20000000,0.05500000,0.02500000,0.03000000,2285.98250000,2743.17900000,LOW_VOLUME_NODE
91439.30000000,0.42800000,0.05700000,0.37100000,5212.04580000,33924.01740000,LOW_VOLUME_NODE
91440.30000000,0.49100000,0.26900000,0.22200000,24597.46760000,20299.76880000,LOW_VOLUME_NODE
91440.40000000,0.07300000,0.06300000,0.01000000,5760.75150000,914.40500000,LOW_VOLUME_NODE
91440.80000000,0.34500000,0.07600000,0.26900000,6949.50840000,24597.60210000,LOW_VOLUME_NODE
91440.90000000,0.41600000,0.09200000,0.32400000,8412.57200000,29626.88400000,LOW_VOLUME_NODE
91441.20000000,0.09500000,0.08500000,0.01000000,7772.51050000,914.41300000,LOW_VOLUME_NODE
91441.90000000,0.18800000,0.16200000,0.02600000,14813.60400000,2377.49200000,LOW_VOLUME_NODE
91442.10000000,0.17100000,0.13900000,0.03200000,12710.46420000,2926.14900000,LOW_VOLUME_NODE
91442.40000000,0.50000000,0.46600000,0.03400000,42612.20500000,3109.04500000,LOW_VOLUME_NODE
91442.60000000,0.33300000,0.23800000,0.09500000,21763.35390000,8687.05040000,LOW_VOLUME_NODE
91442.70000000,0.42000000,0.25900000,0.16100000,23683.68520000,14722.29080000,LOW_VOLUME_NODE
91442.80000000,0.50100000,0.38000000,0.12100000,34748.30200000,11064.59090000,LOW_VOLUME_NODE
91443.70000000,0.12300000,0.04900000,0.07400000,4480.74620000,6766.84120000,LOW_VOLUME_NODE
91443.80000000,0.24900000,0.13800000,0.11100000,12619.25820000,10150.27290000,LOW_VOLUME_NODE
91443.90000000,0.41000000,0.38600000,0.02400000,35297.38400000,2194.65600000,LOW_VOLUME_NODE
91444.10000000,0.18900000,0.07700000,0.11200000,7041.19880000,10241.74970000,LOW_VOLUME_NODE
91444.20000000,0.39600000,0.14500000,0.25100000,13259.42350000,22952.51930000,LOW_VOLUME_NODE
91444.30000000,0.14800000,0.08600000,0.06200000,7864.21840000,5669.55280000,LOW_VOLUME_NODE
91444.40000000,0.29400000,0.13000000,0.16400000,11887.78500000,14996.89800000,LOW_VOLUME_NODE
91444.70000000,0.48900000,0.40700000,0.08200000,37218.03360000,7498.47360000,LOW_VOLUME_NODE
91444.80000000,0.19600000,0.04200000,0.15400000,3840.68580000,14082.51460000,LOW_VOLUME_NODE
91445.20000000,0.24100000,0.01700000,0.22400000,1554.57010000,20483.74720000,LOW_VOLUME_NODE
91445.30000000,0.26700000,0.01100000,0.25600000,1005.89940000,23410.02240000,LOW_VOLUME_NODE
91445.80000000,0.11300000,0.00800000,0.10500000,731.56720000,9601.81950000,LOW_VOLUME_NODE
91445.90000000,0.14800000,0.12900000,0.01900000,11796.53400000,1737.47400000,LOW_VOLUME_NODE
91446.10000000,0.34700000,0.29700000,0.05000000,27159.51920000,4572.30710000,LOW_VOLUME_NODE
91446.20000000,0.42300000,0.25700000,0.16600000,23501.69910000,15180.08580000,LOW_VOLUME_NODE
91446.30000000,0.13400000,0.10000000,0.03400000,9144.64000000,3109.17760000,LOW_VOLUME_NODE
91446.40000000,0.31600000,0.20400000,0.11200000,18655.08600000,10242.00800000,LOW_VOLUME_NODE
91446.70000000,0.07100000,0.04300000,0.02800000,3932.21240000,2560.51040000,LOW_VOLUME_NODE
91446.80000000,0.13200000,0.01300000,0.11900000,1188.80970000,10882.18110000,LOW_VOLUME_NODE
91446.90000000,0.15200000,0.13800000,0.01400000,12619.68600000,1280.25800000,LOW_VOLUME_NODE
91447.20000000,0.07000000,0.01600000,0.05400000,1463.15680000,4938.15420000,LOW_VOLUME_NODE
91447.30000000,0.37500000,0.15700000,0.21800000,14357.24180000,19935.53320000,LOW_VOLUME_NODE
91447.40000000,0.07100000,0.05500000,0.01600000,5029.61250000,1463.16000000,LOW_VOLUME_NODE
91447.80000000,0.18600000,0.03200000,0.15400000,2926.33280000,14082.97660000,LOW_VOLUME_NODE
91447.90000000,0.47900000,0.01600000,0.46300000,1463.16800000,42340.42400000,LOW_VOLUME_NODE
91448.10000000,0.34500000,0.30800000,0.03700000,28166.02060000,3383.58230000,LOW_VOLUME_NODE
91448.20000000,0.15300000,0.13000000,0.02300000,11888.27900000,2103.31090000,LOW_VOLUME_NODE
91448.30000000,0.20000000,0.06100000,0.13900000,5578.35240000,12711.32760000,LOW_VOLUME_NODE
91448.40000000,0.03300000,0.00500000,0.02800000,457.24250000,2560.55800000,LOW_VOLUME_NODE
91449.30000000,0.16000000,0.10700000,0.05300000,9785.08580000,4846.81820000,LOW_VOLUME_NODE
91449.40000000,0.11200000,0.06800000,0.04400000,6218.56600000,4023.77800000,LOW_VOLUME_NODE
91450.20000000,0.04100000,0.02200000,0.01900000,2011.90660000,1737.55570000,LOW_VOLUME_NODE
91450.80000000,0.20300000,0.04400000,0.15900000,4023.83960000,14540.69310000,LOW_VOLUME_NODE
91450.90000000,0.24400000,0.11600000,0.12800000,10608.31600000,11705.72800000,LOW_VOLUME_NODE
91451.20000000,0.04900000,0.03000000,0.01900000,2743.53900000,1737.57470000,LOW_VOLUME_NODE
91451.30000000,0.14500000,0.01300000,0.13200000,1188.86820000,12071.58480000,LOW_VOLUME_NODE
91451.60000000,0.41900000,0.15600000,0.26300000,14266.46260000,24051.78940000,LOW_VOLUME_NODE
91451.70000000,0.17500000,0.07400000,0.10100000,6767.43320000,9236.63180000,LOW_VOLUME_NODE
91451.90000000,0.47700000,0.22800000,0.24900000,20851.05600000,22771.54800000,LOW_VOLUME_NODE
91452.20000000,0.42000000,0.39600000,0.02400000,36215.11080000,2194.85520000,LOW_VOLUME_NODE
91452.80000000,0.27400000,0.15300000,0.12100000,13992.29370000,11065.80090000,LOW_VOLUME_NODE
91453.10000000,0.20000000,0.05100000,0.14900000,4664.11210000,13626.51880000,LOW_VOLUME_NODE
91453.20000000,0.03900000,0.02200000,0.01700000,2011.97260000,1554.70610000,LOW_VOLUME_NODE
91453.30000000,0.05600000,0.03600000,0.02000000,3292.32240000,1829.06800000,LOW_VOLUME_NODE
91453.40000000,0.13700000,0.08700000,0.05000000,7956.45450000,4572.67500000,LOW_VOLUME_NODE
91453.80000000,0.14800000,0.02600000,0.12200000,2377.80140000,11157.37580000,LOW_VOLUME_NODE
91453.90000000,0.12700000,0.01900000,0.10800000,1737.62600000,9877.03200000,LOW_VOLUME_NODE
91454.10000000,0.31200000,0.18900000,0.12300000,17284.84270000,11248.86230000,LOW_VOLUME_NODE
91454.40000000,0.04400000,0.03100000,0.01300000,2835.08950000,1188.90850000,LOW_VOLUME_NODE
91454.60000000,0.17600000,0.15200000,0.02400000,13901.10060000,2194.91100000,LOW_VOLUME_NODE
91454.70000000,0.03200000,0.02200000,0.01000000,2012.00560000,914.54800000,LOW_VOLUME_NODE
91454.80000000,0.21000000,0.00500000,0.20500000,457.27450000,18748.25450000,LOW_VOLUME_NODE
91455.20000000,0.33900000,0.28800000,0.05100000,26339.12640000,4664.22030000,LOW_VOLUME_NODE
91455.30000000,0.07700000,0.02000000,0.05700000,1829.10800000,5212.95780000,LOW_VOLUME_NODE
91455.40000000,0.04500000,0.01500000,0.03000000,1371.83250000,2743.66500000,LOW_VOLUME_NODE
91455.60000000,0.45200000,0.16300000,0.28900000,14907.27750000,26430.67220000,LOW_VOLUME_NODE
91455.70000000,0.21400000,0.01300000,0.20100000,1188.92540000,18382.61580000,LOW_VOLUME_NODE
91455.80000000,0.18400000,0.05200000,0.13200000,4755.70680000,12072.17880000,LOW_VOLUME_NODE
91456.20000000,0.13300000,0.02100000,0.11200000,1920.58230000,10243.10560000,LOW_VOLUME_NODE
91456.60000000,0.22600000,0.14300000,0.08300000,13078.29520000,7590.89990000,LOW_VOLUME_NODE
91456.70000000,0.10900000,0.04000000,0.06900000,3658.27200000,6310.51920000,LOW_VOLUME_NODE
91456.80000000,0.07900000,0.00700000,0.07200000,640.19830000,6584.89680000,LOW_VOLUME_NODE
91456.90000000,0.18800000,0.15300000,0.03500000,13992.92100000,3200.99500000,LOW_VOLUME_NODE
91457.10000000,0.23600000,0.04200000,0.19400000,3841.19970000,17742.68060000,LOW_VOLUME_NODE
91457.20000000,0.06800000,0.02600000,0.04200000,2377.88980000,3841.20660000,LOW_VOLUME_NODE
91457.30000000,0.23200000,0.02200000,0.21000000,2012.06280000,19206.05400000,LOW_VOLUME_NODE
91457.40000000,0.16600000,0.06200000,0.10400000,5670.36500000,9511.58000000,LOW_VOLUME_NODE
91457.80000000,0.39600000,0.37000000,0.02600000,33839.42300000,2377.90540000,LOW_VOLUME_NODE
91457.90000000,0.48900000,0.40400000,0.08500000,36949.03200000,7773.93000000,LOW_VOLUME_NODE
91458.10000000,0.33800000,0.31100000,0.02700000,28443.48000000,2469.37080000,LOW_VOLUME_NODE
91458.20000000,0.26200000,0.01500000,0.24700000,1371.87450000,22590.20010000,LOW_VOLUME_NODE
91458.40000000,0.12300000,0.05100000,0.07200000,4664.38350000,6585.01200000,LOW_VOLUME_NODE
91458.60000000,0.22400000,0.02600000,0.19800000,2377.92540000,18108.82080000,LOW_VOLUME_NODE
91458.90000000,0.35100000,0.05200000,0.29900000,4755.86800000,27346.24100000,LOW_VOLUME_NODE
91459.20000000,0.46200000,0.42900000,0.03300000,39236.03970000,3018.15690000,LOW_VOLUME_NODE
91459.40000000,0.37000000,0.01800000,0.35200000,1646.27100000,32193.74400000,LOW_VOLUME_NODE
91459.80000000,0.11000000,0.01900000,0.09100000,1737.73810000,8322.85090000,LOW_VOLUME_NODE
91460.80000000,0.18800000,0.15500000,0.03300000,14176.43950000,3018.20970000,LOW_VOLUME_NODE
91460.90000000,0.07100000,0.05400000,0.01700000,4938.89400000,1554.83700000,LOW_VOLUME_NODE
91461.10000000,0.12100000,0.10300000,0.01800000,9420.49750000,1646.30080000,LOW_VOLUME_NODE
91461.20000000,0.30500000,0.06200000,0.24300000,5670.60060000,22225.09590000,LOW_VOLUME_NODE
91461.40000000,0.12600000,0.06400000,0.06200000,5853.53600000,5670.61300000,LOW_VOLUME_NODE
91462.20000000,0.12200000,0.08700000,0.03500000,7957.22010000,3201.18050000,LOW_VOLUME_NODE
91462.30000000,0.26400000,0.22300000,0.04100000,20396.11520000,3749.95840000,LOW_VOLUME_NODE
91462.70000000,0.15200000,0.10800000,0.04400000,9877.98240000,4024.36320000,LOW_VOLUME_NODE
91462.90000000,0.37100000,0.16900000,0.20200000,15457.24700000,18475.52600000,LOW_VOLUME_NODE
91463.10000000,0.21800000,0.14700000,0.07100000,13445.08430000,6493.88240000,LOW_VOLUME_NODE
91463.30000000,0.32200000,0.20200000,0.12000000,18475.60680000,10975.60800000,LOW_VOLUME_NODE
91463.80000000,0.05700000,0.02800000,0.02900000,2560.98920000,2652.45310000,LOW_VOLUME_NODE
91463.90000000,0.13700000,0.02800000,0.10900000,2560.99200000,9969.57600000,LOW_VOLUME_NODE
91464.10000000,0.16600000,0.06700000,0.09900000,6128.09790000,9054.94740000,LOW_VOLUME_NODE
91464.20000000,0.19500000,0.12400000,0.07100000,11341.57320000,6493.96530000,LOW_VOLUME_NODE
91465.10000000,0.28500000,0.14200000,0.14300000,12988.05110000,13079.51170000,LOW_VOLUME_NODE
91465.20000000,0.13100000,0.06400000,0.06700000,5853.77920000,6128.17510000,LOW_VOLUME_NODE
91465.70000000,0.47000000,0.43500000,0.03500000,39787.62300000,3201.30300000,LOW_VOLUME_NODE
91466.30000000,0.22700000,0.01700000,0.21000000,1554.92880000,19207.94400000,LOW_VOLUME_NODE
91466.40000000,0.24700000,0.01000000,0.23700000,914.66500000,21677.56050000,LOW_VOLUME_NODE
91467.30000000,0.18100000,0.15600000,0.02500000,14268.91440000,2286.68500000,LOW_VOLUME_NODE
91467.40000000,0.05300000,0.03900000,0.01400000,3567.23250000,1280.54500000,LOW_VOLUME_NODE
91467.60000000,0.17300000,0.07400000,0.09900000,6768.60510000,9055.29520000,LOW_VOLUME_NODE
91467.70000000,0.28700000,0.13500000,0.15200000,12348.15300000,13903.10560000,LOW_VOLUME_NODE
91467.80000000,0.14700000,0.10700000,0.04000000,9787.06530000,3658.71600000,LOW_VOLUME_NODE
91467.90000000,0.20500000,0.05400000,0.15100000,4939.27200000,13811.66800000,LOW_VOLUME_NODE
91468.30000000,0.15400000,0.09000000,0.06400000,8232.15600000,5853.97760000,LOW_VOLUME_NODE
91468.40000000,0.32700000,0.05100000,0.27600000,4664.89350000,25245.30600000,LOW_VOLUME_NODE
91468.70000000,0.27600000,0.12200000,0.15400000,11159.19360000,14086.19520000,LOW_VOLUME_NODE
91468.80000000,0.41800000,0.25600000,0.16200000,23416.03840000,14817.96180000,LOW_VOLUME_NODE
91469.30000000,0.07200000,0.02600000,0.04600000,2378.20440000,4207.59240000,LOW_VOLUME_NODE
91469.40000000,0.03400000,0.01700000,0.01700000,1554.98150000,1554.98150000,LOW_VOLUME_NODE
91469.60000000,0.17400000,0.05400000,0.12000000,4939.36180000,10976.35540000,LOW_VOLUME_NODE
91469.70000000,0.20100000,0.11700000,0.08400000,10701.96660000,7683.46320000,LOW_VOLUME_NODE
91470.10000000,0.35500000,0.13000000,0.22500000,11891.11920000,20580.77780000,LOW_VOLUME_NODE
91470.20000000,0.14100000,0.01900000,0.12200000,1737.93570000,11159.37660000,LOW_VOLUME_NODE
91470.30000000,0.12400000,0.01700000,0.10700000,1554.99680000,9787.33280000,LOW_VOLUME_NODE
91470.70000000,0.04500000,0.02800000,0.01700000,2561.18240000,1555.00360000,LOW_VOLUME_NODE
91470.80000000,0.05300000,0.02700000,0.02600000,2469.71430000,2378.24340000,LOW_VOLUME_NODE
91470.90000000,0.20700000,0.14500000,0.06200000,13263.29500000,5671.20200000,LOW_VOLUME_NODE
91471.40000000,0.29500000,0.19400000,0.10100000,17745.47100000,9238.62150000,LOW_VOLUME_NODE
91471.60000000,0.43400000,0.17200000,0.26200000,15733.12040000,23965.56170000,LOW_VOLUME_NODE
91471.70000000,0.18900000,0.01300000,0.17600000,1189.13340000,16099.03680000,LOW_VOLUME_NODE
91472.10000000,0.43900000,0.17900000,0.26000000,16373.50880000,23782.74780000,LOW_VOLUME_NODE
91472.20000000,0.22400000,0.01100000,0.21300000,1006.19530000,19483.59990000,LOW_VOLUME_NODE
91472.40000000,0.33200000,0.02900000,0.30300000,2652.70250000,27716.16750000,LOW_VOLUME_NODE
91472.70000000,0.20300000,0.01900000,0.18400000,1737.98320000,16830.99520000,LOW_VOLUME_NODE
91472.80000000,0.10400000,0.10100000,0.00300000,9238.76290000,274.41870000,LOW_VOLUME_NODE
91473.30000000,0.02600000,0.01300000,0.01300000,1189.15420000,1189.15420000,LOW_VOLUME_NODE
91473.70000000,0.11500000,0.03200000,0.08300000,2927.16160000,7592.32540000,LOW_VOLUME_NODE
91474.20000000,0.19700000,0.06900000,0.12800000,6311.72670000,11708.71040000,LOW_VOLUME_NODE
91474.30000000,0.07400000,0.06900000,0.00500000,6311.73360000,457.37200000,LOW_VOLUME_NODE
91474.40000000,0.05100000,0.02400000,0.02700000,2195.38800000,2469.81150000,LOW_VOLUME_NODE
91474.60000000,0.24700000,0.03600000,0.21100000,3293.08730000,19301.14860000,LOW_VOLUME_NODE
91474.70000000,0.04300000,0.01700000,0.02600000,1555.07160000,2378.34480000,LOW_VOLUME_NODE
91474.80000000,0.05600000,0.04500000,0.01100000,4116.37050000,1006.22390000,LOW_VOLUME_NODE
91475.20000000,0.46100000,0.03900000,0.42200000,3567.53670000,38602.57660000,LOW_VOLUME_NODE
91475.30000000,0.12500000,0.08700000,0.03800000,7958.35980000,3476.06520000,LOW_VOLUME_NODE
91475.40000000,0.12200000,0.06500000,0.05700000,5945.90750000,5214.10350000,LOW_VOLUME_NODE
91475.70000000,0.14900000,0.04400000,0.10500000,4024.93520000,9604.95900000,LOW_VOLUME_NODE
91475.80000000,0.13900000,0.12500000,0.01400000,11434.48750000,1280.66260000,LOW_VOLUME_NODE
91475.90000000,0.19700000,0.04900000,0.14800000,4482.32400000,13538.44800000,LOW_VOLUME_NODE
91476.20000000,0.24000000,0.18000000,0.06000000,16465.73400000,5488.57800000,LOW_VOLUME_NODE
91476.40000000,0.04400000,0.01900000,0.02500000,1738.05350000,2286.91250000,LOW_VOLUME_NODE
91476.70000000,0.51600000,0.16600000,0.35000000,15185.14880000,32016.88000000,LOW_VOLUME_NODE
91476.90000000,0.25100000,0.24200000,0.00900000,22137.43400000,823.29300000,LOW_VOLUME_NODE
91477.10000000,0.31700000,0.27100000,0.04600000,24790.30410000,4207.94680000,LOW_VOLUME_NODE
91477.20000000,0.14600000,0.10200000,0.04400000,9330.68460000,4025.00120000,LOW_VOLUME_NODE
91477.30000000,0.06700000,0.06400000,0.00300000,5854.55360000,274.43220000,LOW_VOLUME_NODE
91477.40000000,0.03300000,0.01500000,0.01800000,1372.16250000,1646.59500000,LOW_VOLUME_NODE
91477.70000000,0.26300000,0.10900000,0.15400000,9971.08020000,14087.58120000,LOW_VOLUME_NODE
91478.20000000,0.32800000,0.30900000,0.01900000,28266.79470000,1738.08770000,LOW_VOLUME_NODE
91478.30000000,0.26100000,0.07000000,0.19100000,6403.48800000,17472.37440000,LOW_VOLUME_NODE
91478.40000000,0.11500000,0.08100000,0.03400000,7409.75850000,3110.26900000,LOW_VOLUME_NODE
91478.80000000,0.38600000,0.23200000,0.15400000,21223.10480000,14087.75060000,LOW_VOLUME_NODE
91479.10000000,0.20200000,0.06300000,0.13900000,5763.18860000,12715.60400000,LOW_VOLUME_NODE
91479.20000000,0.22500000,0.11300000,0.11200000,10337.16090000,10245.68160000,LOW_VOLUME_NODE
91479.30000000,0.11700000,0.10200000,0.01500000,9330.89880000,1372.19100000,LOW_VOLUME_NODE
91479.40000000,0.09500000,0.04000000,0.05500000,3659.18000000,5031.37250000,LOW_VOLUME_NODE
91479.70000000,0.38000000,0.36000000,0.02000000,32932.72800000,1829.59600000,LOW_VOLUME_NODE
91479.80000000,0.11100000,0.01600000,0.09500000,1463.67840000,8690.59050000,LOW_VOLUME_NODE
91480.20000000,0.46400000,0.43500000,0.02900000,39793.93050000,2652.92870000,LOW_VOLUME_NODE
91480.30000000,0.13500000,0.03700000,0.09800000,3384.77480000,8965.07920000,LOW_VOLUME_NODE
91480.40000000,0.25000000,0.15500000,0.09500000,14179.47750000,8690.64750000,LOW_VOLUME_NODE
91480.90000000,0.15000000,0.04900000,0.10100000,4482.56900000,9239.58100000,LOW_VOLUME_NODE
91481.10000000,0.22000000,0.07600000,0.14400000,6952.56550000,13173.29160000,LOW_VOLUME_NODE
91481.40000000,0.06600000,0.04400000,0.02200000,4025.18600000,2012.59300000,LOW_VOLUME_NODE
91481.90000000,0.22800000,0.19000000,0.03800000,17381.58000000,3476.31600000,LOW_VOLUME_NODE
91482.40000000,0.07900000,0.06200000,0.01700000,5671.91500000,1555.20250000,LOW_VOLUME_NODE
91482.60000000,0.08100000,0.03800000,0.04300000,3476.34070000,3933.75510000,LOW_VOLUME_NODE
91482.70000000,0.18500000,0.16600000,0.01900000,15186.14480000,1738.17320000,LOW_VOLUME_NODE
91482.80000000,0.16000000,0.09000000,0.07000000,8233.46100000,6403.80300000,LOW_VOLUME_NODE
91483.40000000,0.05000000,0.01600000,0.03400000,1463.73600000,3110.43900000,LOW_VOLUME_NODE
91483.70000000,0.25100000,0.04600000,0.20500000,4208.25480000,18754.17900000,LOW_VOLUME_NODE
91484.40000000,0.20100000,0.09500000,0.10600000,8691.02750000,9697.35700000,LOW_VOLUME_NODE
91485.70000000,0.23500000,0.12600000,0.10900000,11527.21080000,9971.95220000,LOW_VOLUME_NODE
91485.90000000,0.50700000,0.38400000,0.12300000,35130.62400000,11252.77800000,LOW_VOLUME_NODE
91486.70000000,0.18600000,0.05700000,0.12900000,5214.74760000,11801.79720000,LOW_VOLUME_NODE
91487.20000000,0.19100000,0.07800000,0.11300000,7136.00940000,10338.06490000,LOW_VOLUME_NODE
91487.30000000,0.03200000,0.02600000,0.00600000,2378.67240000,548.92440000,LOW_VOLUME_NODE
91487.80000000,0.46500000,0.44800000,0.01700000,40986.57920000,1555.29430000,LOW_VOLUME_NODE
91487.90000000,0.23100000,0.14800000,0.08300000,13540.22400000,7593.50400000,LOW_VOLUME_NODE
91488.30000000,0.49400000,0.02500000,0.46900000,2287.21000000,42908.05960000,LOW_VOLUME_NODE
91488.40000000,0.43200000,0.05100000,0.38100000,4665.91350000,34857.11850000,LOW_VOLUME_NODE
91488.70000000,0.47900000,0.15100000,0.32800000,13814.80880000,30008.32640000,LOW_VOLUME_NODE
91489.70000000,0.06800000,0.03600000,0.03200000,3293.63280000,2927.67360000,LOW_VOLUME_NODE
91490.40000000,0.23600000,0.20700000,0.02900000,18938.53350000,2653.22450000,LOW_VOLUME_NODE
91490.80000000,0.23100000,0.11200000,0.11900000,10246.98080000,10887.41710000,LOW_VOLUME_NODE
91491.70000000,0.16800000,0.11500000,0.05300000,10521.55700000,4849.06540000,LOW_VOLUME_NODE
91491.80000000,0.41000000,0.32400000,0.08600000,29643.37560000,7868.30340000,LOW_VOLUME_NODE
91492.20000000,0.05400000,0.02200000,0.03200000,2012.83060000,2927.75360000,LOW_VOLUME_NODE
91492.30000000,0.15100000,0.09500000,0.05600000,8691.77800000,5123.57440000,LOW_VOLUME_NODE
91492.40000000,0.18400000,0.16200000,0.02200000,14821.78500000,2012.83500000,LOW_VOLUME_NODE
91493.40000000,0.42100000,0.08900000,0.33200000,8142.92150000,30375.84200000,LOW_VOLUME_NODE
91494.20000000,0.23300000,0.20900000,0.02400000,19122.30870000,2195.86320000,LOW_VOLUME_NODE
91494.30000000,0.22700000,0.12500000,0.10200000,11436.80000000,9332.42880000,LOW_VOLUME_NODE
91494.60000000,0.10500000,0.05700000,0.04800000,5215.19530000,4391.74170000,LOW_VOLUME_NODE
91495.30000000,0.27100000,0.08500000,0.18600000,7777.10900000,17018.14440000,LOW_VOLUME_NODE
91495.80000000,0.22500000,0.10300000,0.12200000,9424.07770000,11162.49980000,LOW_VOLUME_NODE
91495.90000000,0.25800000,0.07500000,0.18300000,6862.20000000,16743.76800000,LOW_VOLUME_NODE
91496.10000000,0.41200000,0.16200000,0.25000000,14822.37650000,22874.02760000,LOW_VOLUME_NODE
91496.20000000,0.34300000,0.11200000,0.23100000,10247.58560000,21135.64530000,LOW_VOLUME_NODE
91496.40000000,0.08300000,0.02600000,0.05700000,2378.90900000,5215.30050000,LOW_VOLUME_NODE
91496.70000000,0.28200000,0.08800000,0.19400000,8051.71840000,17750.37920000,LOW_VOLUME_NODE
91496.80000000,0.17100000,0.02100000,0.15000000,1921.43490000,13724.53500000,LOW_VOLUME_NODE
91497.90000000,0.36200000,0.34000000,0.02200000,31109.32000000,2012.95600000,LOW_VOLUME_NODE
91498.20000000,0.12100000,0.03100000,0.09000000,2836.44730000,8234.84700000,LOW_VOLUME_NODE
91498.40000000,0.26400000,0.19900000,0.06500000,18208.20150000,5947.40250000,LOW_VOLUME_NODE
91500.70000000,0.24900000,0.19700000,0.05200000,18025.65760000,4758.04160000,LOW_VOLUME_NODE
91500.80000000,0.31600000,0.29900000,0.01700000,27358.76910000,1555.51530000,LOW_VOLUME_NODE
91500.90000000,0.05800000,0.02800000,0.03000000,2562.02800000,2745.03000000,LOW_VOLUME_NODE
91501.10000000,0.30500000,0.18700000,0.11800000,17110.71590000,10797.13970000,LOW_VOLUME_NODE
91501.20000000,0.08100000,0.05100000,0.03000000,4666.56630000,2745.03900000,LOW_VOLUME_NODE
91501.30000000,0.09800000,0.03000000,0.06800000,2745.04200000,6222.09520000,LOW_VOLUME_NODE
91501.40000000,0.03200000,0.01200000,0.02000000,1098.01800000,1830.03000000,LOW_VOLUME_NODE
91501.60000000,0.52000000,0.48300000,0.03700000,44195.30340000,3385.56120000,LOW_VOLUME_NODE
91501.70000000,0.13200000,0.04400000,0.08800000,4026.07920000,8052.15840000,LOW_VOLUME_NODE
91501.80000000,0.38700000,0.02100000,0.36600000,1921.53990000,33489.69540000,LOW_VOLUME_NODE
91501.90000000,0.19100000,0.18100000,0.01000000,16561.86200000,915.02000000,LOW_VOLUME_NODE
91502.20000000,0.17500000,0.09300000,0.08200000,8509.71390000,7503.18860000,LOW_VOLUME_NODE
91502.30000000,0.38800000,0.03400000,0.35400000,3111.08160000,32391.84960000,LOW_VOLUME_NODE
91502.40000000,0.08700000,0.07000000,0.01700000,6405.17500000,1555.54250000,LOW_VOLUME_NODE
91502.60000000,0.41700000,0.13100000,0.28600000,11986.85220000,26169.77040000,LOW_VOLUME_NODE
91503.70000000,0.21200000,0.12000000,0.09200000,10980.45600000,8418.34960000,LOW_VOLUME_NODE
91503.90000000,0.13500000,0.03400000,0.10100000,3111.13600000,9241.90400000,LOW_VOLUME_NODE
91504.10000000,0.51300000,0.25100000,0.26200000,22967.55280000,23974.08570000,LOW_VOLUME_NODE
91504.20000000,0.28100000,0.25000000,0.03100000,22876.07500000,2836.63330000,LOW_VOLUME_NODE
91504.30000000,0.48700000,0.43900000,0.04800000,40170.43160000,4392.21120000,LOW_VOLUME_NODE
91504.40000000,0.09200000,0.04500000,0.04700000,4117.70250000,4300.71150000,LOW_VOLUME_NODE
91504.60000000,0.50300000,0.33300000,0.17000000,30471.05480000,15555.78370000,LOW_VOLUME_NODE
91504.70000000,0.21000000,0.14900000,0.06100000,13634.21520000,5581.79280000,LOW_VOLUME_NODE
91504.80000000,0.49100000,0.08600000,0.40500000,7869.42140000,37059.48450000,LOW_VOLUME_NODE
91505.10000000,0.17100000,0.11000000,0.06100000,10065.57070000,5581.81220000,LOW_VOLUME_NODE
91505.20000000,0.22600000,0.21000000,0.01600000,19216.11300000,1464.08480000,LOW_VOLUME_NODE
91505.70000000,0.23900000,0.09000000,0.14900000,8235.52200000,13634.36420000,LOW_VOLUME_NODE
91505.90000000,0.15600000,0.12300000,0.03300000,11255.23800000,3019.69800000,LOW_VOLUME_NODE
91506.20000000,0.44600000,0.40300000,0.04300000,36877.03890000,3934.77090000,LOW_VOLUME_NODE
91506.30000000,0.20400000,0.19200000,0.01200000,17569.22880000,1098.07680000,LOW_VOLUME_NODE
91506.80000000,0.07200000,0.01400000,0.05800000,1281.09660000,5307.40020000,LOW_VOLUME_NODE
91507.90000000,0.33700000,0.26900000,0.06800000,24615.65200000,6222.54400000,LOW_VOLUME_NODE
91508.10000000,0.23300000,0.16200000,0.07100000,14824.31710000,6497.08080000,LOW_VOLUME_NODE
91508.40000000,0.15900000,0.03300000,0.12600000,3019.78050000,11530.07100000,LOW_VOLUME_NODE
91508.60000000,0.28600000,0.10900000,0.17700000,9974.43970000,16197.03750000,LOW_VOLUME_NODE
91508.70000000,0.10400000,0.07400000,0.03000000,6771.65120000,2745.26400000,LOW_VOLUME_NODE
91508.80000000,0.14300000,0.10700000,0.03600000,9791.45230000,3294.32040000,LOW_VOLUME_NODE
91509.10000000,0.22600000,0.08800000,0.13800000,8052.80690000,12628.25710000,LOW_VOLUME_NODE
91509.30000000,0.10000000,0.04000000,0.06000000,3660.37600000,5490.56400000,LOW_VOLUME_NODE
91509.40000000,0.19400000,0.03200000,0.16200000,2928.30400000,14824.53900000,LOW_VOLUME_NODE
91509.70000000,0.05900000,0.02000000,0.03900000,1830.19600000,3568.88220000,LOW_VOLUME_NODE
91510.30000000,0.16800000,0.14300000,0.02500000,13085.98720000,2287.76000000,LOW_VOLUME_NODE
91510.60000000,0.22500000,0.08000000,0.14500000,7320.85390000,13269.05060000,LOW_VOLUME_NODE
91511.30000000,0.16500000,0.13500000,0.03000000,12354.03900000,2745.34200000,LOW_VOLUME_NODE
91511.40000000,0.19900000,0.03800000,0.16100000,3477.43700000,14733.35150000,LOW_VOLUME_NODE
91511.60000000,0.46600000,0.22400000,0.24200000,20498.60140000,22145.83010000,LOW_VOLUME_NODE
91511.70000000,0.32800000,0.24700000,0.08100000,22603.41460000,7412.45580000,LOW_VOLUME_NODE
91512.10000000,0.46200000,0.32000000,0.14200000,29283.87980000,12994.72590000,LOW_VOLUME_NODE
91512.90000000,0.29800000,0.22300000,0.07500000,20407.39900000,6863.47500000,LOW_VOLUME_NODE
91513.10000000,0.13200000,0.05000000,0.08200000,4575.65830000,7504.07510000,LOW_VOLUME_NODE
91513.20000000,0.10000000,0.07200000,0.02800000,6588.95760000,2562.37240000,LOW_VOLUME_NODE
91513.70000000,0.18800000,0.07700000,0.11100000,7046.56260000,10158.03180000,LOW_VOLUME_NODE
91514.20000000,0.18900000,0.12700000,0.06200000,11622.31610000,5673.88660000,LOW_VOLUME_NODE
91514.30000000,0.08300000,0.05100000,0.03200000,4667.23440000,2928.46080000,LOW_VOLUME_NODE
91514.40000000,0.07800000,0.04500000,0.03300000,4118.15250000,3019.97850000,LOW_VOLUME_NODE
91514.60000000,0.27500000,0.17400000,0.10100000,15923.55660000,9242.97710000,LOW_VOLUME_NODE
91514.70000000,0.12500000,0.08000000,0.04500000,7321.18400000,4118.16600000,LOW_VOLUME_NODE
91514.80000000,0.07500000,0.06700000,0.00800000,6131.49830000,732.11920000,LOW_VOLUME_NODE
91514.90000000,0.16500000,0.11600000,0.04900000,10615.74000000,4484.23500000,LOW_VOLUME_NODE
91515.20000000,0.28200000,0.21500000,0.06700000,19675.78950000,6131.52510000,LOW_VOLUME_NODE
91515.30000000,0.06000000,0.02800000,0.03200000,2562.43120000,2928.49280000,LOW_VOLUME_NODE
91515.40000000,0.03800000,0.00700000,0.03100000,640.60850000,2836.98050000,LOW_VOLUME_NODE
91515.80000000,0.25700000,0.21800000,0.03900000,19950.46620000,3569.12010000,LOW_VOLUME_NODE
91516.10000000,0.49200000,0.31700000,0.17500000,29010.61020000,16015.32850000,LOW_VOLUME_NODE
91516.20000000,0.14900000,0.03900000,0.11000000,3569.13570000,10066.79300000,LOW_VOLUME_NODE
91516.30000000,0.25600000,0.16300000,0.09300000,14917.17320000,8511.02520000,LOW_VOLUME_NODE
91516.60000000,0.34400000,0.03600000,0.30800000,3294.59950000,28187.12890000,LOW_VOLUME_NODE
91516.70000000,0.22900000,0.05700000,0.17200000,5216.45760000,15740.88960000,LOW_VOLUME_NODE
91516.90000000,0.40200000,0.36400000,0.03800000,33312.18800000,3477.64600000,LOW_VOLUME_NODE
91517.10000000,0.35700000,0.07200000,0.28500000,6589.23650000,26082.40110000,LOW_VOLUME_NODE
91517.30000000,0.45200000,0.20000000,0.25200000,18303.48000000,23062.38480000,LOW_VOLUME_NODE
91517.40000000,0.17000000,0.16300000,0.00700000,14917.35250000,640.62250000,LOW_VOLUME_NODE
91517.80000000,0.15800000,0.04700000,0.11100000,4301.34130000,10158.48690000,LOW_VOLUME_NODE
91517.90000000,0.20400000,0.13200000,0.07200000,12080.37600000,6589.29600000,LOW_VOLUME_NODE
91518.20000000,0.34200000,0.06100000,0.28100000,5582.61630000,25716.64230000,LOW_VOLUME_NODE
91518.30000000,0.05800000,0.02800000,0.03000000,2562.51520000,2745.55200000,LOW_VOLUME_NODE
91518.40000000,0.04000000,0.02900000,0.01100000,2654.03650000,1006.70350000,LOW_VOLUME_NODE
91518.60000000,0.23600000,0.14900000,0.08700000,13636.28520000,7962.12020000,LOW_VOLUME_NODE
91518.70000000,0.13200000,0.10700000,0.02500000,9792.51160000,2287.97000000,LOW_VOLUME_NODE
91518.80000000,0.17000000,0.15500000,0.01500000,14185.42950000,1372.78350000,LOW_VOLUME_NODE
91518.90000000,0.14500000,0.09000000,0.05500000,8236.71000000,5033.54500000,LOW_VOLUME_NODE
91519.10000000,0.45300000,0.27300000,0.18000000,24984.72940000,16473.45100000,LOW_VOLUME_NODE
91519.20000000,0.04100000,0.02400000,0.01700000,2196.46320000,1555.82810000,LOW_VOLUME_NODE
91519.60000000,0.20000000,0.15000000,0.05000000,13727.94490000,4575.98180000,LOW_VOLUME_NODE
91519.70000000,0.32600000,0.03600000,0.29000000,3294.71280000,26540.74200000,LOW_VOLUME_NODE
91520.10000000,0.26100000,0.14200000,0.11900000,12995.86480000,10890.89370000,LOW_VOLUME_NODE
91520.20000000,0.39000000,0.11100000,0.27900000,10158.75330000,25534.16370000,LOW_VOLUME_NODE
91520.30000000,0.27700000,0.26000000,0.01700000,23795.30400000,1555.84680000,LOW_VOLUME_NODE
91520.40000000,0.13700000,0.01700000,0.12000000,1555.84850000,10982.46000000,LOW_VOLUME_NODE
91521.20000000,0.15100000,0.13400000,0.01700000,12263.85420000,1555.86210000,LOW_VOLUME_NODE
91521.30000000,0.27700000,0.04600000,0.23100000,4209.98440000,21141.44340000,LOW_VOLUME_NODE
91521.40000000,0.08800000,0.02600000,0.06200000,2379.55900000,5674.33300000,LOW_VOLUME_NODE
91521.70000000,0.07000000,0.05300000,0.01700000,4850.65540000,1555.87060000,LOW_VOLUME_NODE
91522.10000000,0.12700000,0.11200000,0.01500000,10250.48470000,1372.83280000,LOW_VOLUME_NODE
91522.20000000,0.18400000,0.12800000,0.05600000,11714.85440000,5125.24880000,LOW_VOLUME_NODE
91522.30000000,0.04300000,0.03000000,0.01300000,2745.67200000,1189.79120000,LOW_VOLUME_NODE
91522.40000000,0.13600000,0.12000000,0.01600000,10982.70000000,1464.36000000,LOW_VOLUME_NODE
91522.60000000,0.27800000,0.11400000,0.16400000,10433.57870000,15009.72090000,LOW_VOLUME_NODE
91522.70000000,0.29900000,0.12900000,0.17000000,11806.44120000,15558.87600000,LOW_VOLUME_NODE
91522.80000000,0.14200000,0.02000000,0.12200000,1830.45800000,11165.79380000,LOW_VOLUME_NODE
91523.20000000,0.23900000,0.12800000,0.11100000,11714.98240000,10159.08630000,LOW_VOLUME_NODE
91523.40000000,0.29200000,0.14900000,0.14300000,13637.00150000,13087.86050000,LOW_VOLUME_NODE
91523.80000000,0.38800000,0.32100000,0.06700000,29379.17190000,6132.10130000,LOW_VOLUME_NODE
91524.10000000,0.37600000,0.27500000,0.10100000,25169.13040000,9243.93540000,LOW_VOLUME_NODE
91524.20000000,0.41500000,0.10500000,0.31000000,9610.05150000,28372.53300000,LOW_VOLUME_NODE
91524.40000000,0.13700000,0.06700000,0.07000000,6132.14150000,6406.71500000,LOW_VOLUME_NODE
91524.70000000,0.29600000,0.21900000,0.07700000,20043.93120000,7047.40960000,LOW_VOLUME_NODE
91525.10000000,0.21600000,0.16200000,0.05400000,14827.07980000,4942.35940000,LOW_VOLUME_NODE
91525.20000000,0.03000000,0.01400000,0.01600000,1281.35420000,1464.40480000,LOW_VOLUME_NODE
91525.30000000,0.17700000,0.00800000,0.16900000,732.20320000,15467.79260000,LOW_VOLUME_NODE
91526.40000000,0.04100000,0.03700000,0.00400000,3386.48050000,366.10600000,LOW_VOLUME_NODE
91526.70000000,0.38300000,0.30900000,0.07400000,28281.78120000,6772.98320000,LOW_VOLUME_NODE
91526.80000000,0.09400000,0.08100000,0.01300000,7413.67890000,1189.84970000,LOW_VOLUME_NODE
91526.90000000,0.12100000,0.06600000,0.05500000,6040.78200000,5033.98500000,LOW_VOLUME_NODE
91527.40000000,0.03500000,0.03300000,0.00200000,3020.40750000,183.05500000,LOW_VOLUME_NODE
91527.70000000,0.10100000,0.05300000,0.04800000,4850.97340000,4393.33440000,LOW_VOLUME_NODE
91527.80000000,0.07600000,0.05400000,0.02200000,4942.50660000,2013.61380000,LOW_VOLUME_NODE
91528.10000000,0.26700000,0.10600000,0.16100000,9701.98710000,14736.02720000,LOW_VOLUME_NODE
91528.20000000,0.26000000,0.05100000,0.20900000,4667.94330000,19129.41470000,LOW_VOLUME_NODE
91528.30000000,0.03900000,0.02800000,0.01100000,2562.79520000,1006.81240000,LOW_VOLUME_NODE
91528.40000000,0.38400000,0.22100000,0.16300000,20227.79850000,14919.14550000,LOW_VOLUME_NODE
91528.60000000,0.24100000,0.11400000,0.12700000,10434.27020000,11624.14100000,LOW_VOLUME_NODE
91528.70000000,0.12300000,0.06200000,0.06100000,5674.78560000,5583.25680000,LOW_VOLUME_NODE
91528.90000000,0.10300000,0.03500000,0.06800000,3203.51500000,6223.97200000,LOW_VOLUME_NODE
91529.30000000,0.15800000,0.06400000,0.09400000,5857.88160000,8603.76360000,LOW_VOLUME_NODE
91529.70000000,0.43500000,0.08900000,0.34600000,8146.15220000,31669.31080000,LOW_VOLUME_NODE
91529.80000000,0.17800000,0.04900000,0.12900000,4484.96510000,11807.35710000,LOW_VOLUME_NODE
91530.20000000,0.20200000,0.07100000,0.13100000,6498.65130000,11990.46930000,LOW_VOLUME_NODE
91530.40000000,0.33700000,0.25700000,0.08000000,23523.33850000,7322.44000000,LOW_VOLUME_NODE
91530.90000000,0.13400000,0.11800000,0.01600000,10800.65800000,1464.49600000,LOW_VOLUME_NODE
91531.20000000,0.36100000,0.25000000,0.11100000,22882.82500000,10159.97430000,LOW_VOLUME_NODE
91531.30000000,0.14800000,0.13000000,0.01800000,11899.08200000,1647.56520000,LOW_VOLUME_NODE
91531.40000000,0.35600000,0.33800000,0.01800000,30937.64700000,1647.56700000,LOW_VOLUME_NODE
91532.10000000,0.11900000,0.06100000,0.05800000,5583.46250000,5308.86320000,LOW_VOLUME_NODE
91532.20000000,0.27100000,0.19200000,0.07900000,17574.20160000,7231.05170000,LOW_VOLUME_NODE
91532.30000000,0.09300000,0.06200000,0.03100000,5675.00880000,2837.50440000,LOW_VOLUME_NODE
91532.70000000,0.34300000,0.05300000,0.29000000,4851.23840000,26544.51200000,LOW_VOLUME_NODE
91533.40000000,0.09300000,0.03300000,0.06000000,3020.60550000,5492.01000000,LOW_VOLUME_NODE
91533.70000000,0.13500000,0.01400000,0.12100000,1281.47320000,11075.58980000,LOW_VOLUME_NODE
91533.80000000,0.05100000,0.04200000,0.00900000,3844.42380000,823.80510000,LOW_VOLUME_NODE
91533.90000000,0.16100000,0.10500000,0.05600000,9611.07000000,5125.90400000,LOW_VOLUME_NODE
91534.20000000,0.29700000,0.17700000,0.12000000,16201.57110000,10984.11600000,LOW_VOLUME_NODE
91534.80000000,0.06500000,0.04500000,0.02000000,4119.07050000,1830.69800000,LOW_VOLUME_NODE
91534.90000000,0.50300000,0.46400000,0.03900000,42472.24000000,3569.86500000,LOW_VOLUME_NODE
91535.80000000,0.35800000,0.29200000,0.06600000,26728.48280000,6041.36940000,LOW_VOLUME_NODE
91536.20000000,0.50300000,0.21200000,0.29100000,19405.69560000,26637.06330000,LOW_VOLUME_NODE
91536.30000000,0.13600000,0.13600000,0.00000000,12448.95040000,0.00000000,LOW_VOLUME_NODE
91536.40000000,0.30600000,0.18500000,0.12100000,16934.25250000,11075.91650000,LOW_VOLUME_NODE
91536.70000000,0.42800000,0.28500000,0.14300000,26087.98800000,13089.76240000,LOW_VOLUME_NODE
91536.80000000,0.17200000,0.06800000,0.10400000,6224.50920000,9519.83760000,LOW_VOLUME_NODE
91536.90000000,0.52000000,0.06400000,0.45600000,5858.36800000,41740.87200000,LOW_VOLUME_NODE
91537.40000000,0.11400000,0.07500000,0.03900000,6865.31250000,3569.96250000,LOW_VOLUME_NODE
91537.70000000,0.26000000,0.23800000,0.02200000,21785.99640000,2013.83160000,LOW_VOLUME_NODE
91537.80000000,0.05900000,0.04100000,0.01800000,3753.05390000,1647.68220000,LOW_VOLUME_NODE
91538.20000000,0.21700000,0.05000000,0.16700000,4576.91500000,15286.89610000,LOW_VOLUME_NODE
91538.30000000,0.27400000,0.16700000,0.10700000,15286.91280000,9794.60880000,LOW_VOLUME_NODE
91538.40000000,0.12000000,0.01100000,0.10900000,1006.92350000,9977.69650000,LOW_VOLUME_NODE
91538.70000000,0.17400000,0.13600000,0.03800000,12449.27680000,3478.47440000,LOW_VOLUME_NODE
91538.80000000,0.20200000,0.06400000,0.13800000,5858.48960000,12632.36820000,LOW_VOLUME_NODE
91538.90000000,0.38100000,0.19300000,0.18800000,17667.02700000,17209.33200000,LOW_VOLUME_NODE
91539.10000000,0.38400000,0.28500000,0.09900000,26088.66920000,9062.37820000,LOW_VOLUME_NODE
91539.20000000,0.23900000,0.12200000,0.11700000,11167.79460000,10710.09810000,LOW_VOLUME_NODE
91539.40000000,0.26800000,0.05600000,0.21200000,5126.21200000,19406.37400000,LOW_VOLUME_NODE
91540.20000000,0.13800000,0.02900000,0.10900000,2654.66870000,9977.89270000,LOW_VOLUME_NODE
91540.40000000,0.14500000,0.09700000,0.04800000,8879.42850000,4393.94400000,LOW_VOLUME_NODE
91541.30000000,0.46600000,0.03600000,0.43000000,3295.49040000,39362.80200000,LOW_VOLUME_NODE
91541.70000000,0.18100000,0.13800000,0.04300000,12632.76840000,3936.29740000,LOW_VOLUME_NODE
91541.80000000,0.22700000,0.14300000,0.08400000,13090.49170000,7689.51960000,LOW_VOLUME_NODE
91541.90000000,0.18900000,0.03500000,0.15400000,3203.97000000,14097.46800000,LOW_VOLUME_NODE
91542.10000000,0.10300000,0.05200000,0.05100000,4760.19170000,4668.64920000,LOW_VOLUME_NODE
91542.20000000,0.11800000,0.05600000,0.06200000,5126.36880000,5675.62260000,LOW_VOLUME_NODE
91542.30000000,0.25800000,0.22200000,0.03600000,20322.41280000,3295.52640000,LOW_VOLUME_NODE
91542.90000000,0.38300000,0.23100000,0.15200000,21146.43300000,13914.53600000,LOW_VOLUME_NODE
91544.30000000,0.37500000,0.29700000,0.07800000,27188.68680000,7140.46320000,LOW_VOLUME_NODE
91544.70000000,0.50200000,0.42500000,0.07700000,38906.54000000,7048.94960000,LOW_VOLUME_NODE
91544.80000000,0.11200000,0.09400000,0.01800000,8605.22060000,1647.80820000,LOW_VOLUME_NODE
91545.40000000,0.11100000,0.03700000,0.07400000,3387.18350000,6774.36700000,LOW_VOLUME_NODE
91545.60000000,0.47800000,0.20400000,0.27400000,18675.31430000,25083.51300000,LOW_VOLUME_NODE
91546.20000000,0.19500000,0.16500000,0.03000000,15105.13950000,2746.38900000,LOW_VOLUME_NODE
91546.70000000,0.18500000,0.08600000,0.09900000,7873.02480000,9063.13320000,LOW_VOLUME_NODE
91546.80000000,0.30600000,0.18900000,0.11700000,17302.36410000,10710.98730000,LOW_VOLUME_NODE
91546.90000000,0.12900000,0.11400000,0.01500000,10436.35800000,1373.20500000,LOW_VOLUME_NODE
91547.30000000,0.10400000,0.01700000,0.08700000,1556.30580000,7964.62380000,LOW_VOLUME_NODE
91547.60000000,0.47700000,0.30000000,0.17700000,27464.30610000,16203.93240000,LOW_VOLUME_NODE
91547.70000000,0.08300000,0.05400000,0.02900000,4943.58120000,2654.88620000,LOW_VOLUME_NODE
91547.80000000,0.09600000,0.03000000,0.06600000,2746.43700000,6042.16140000,LOW_VOLUME_NODE
91548.60000000,0.26000000,0.15800000,0.10200000,14464.68320000,9337.95840000,LOW_VOLUME_NODE
91548.70000000,0.09500000,0.04600000,0.04900000,4211.24480000,4485.89120000,LOW_VOLUME_NODE
91549.40000000,0.07500000,0.06900000,0.00600000,6316.91550000,549.29700000,LOW_VOLUME_NODE
91550.20000000,0.45900000,0.40000000,0.05900000,36620.12000000,5401.46770000,LOW_VOLUME_NODE
91550.30000000,0.38600000,0.36600000,0.02000000,33507.44640000,1831.00800000,LOW_VOLUME_NODE
91550.80000000,0.15100000,0.11800000,0.03300000,10803.00620000,3021.17970000,LOW_VOLUME_NODE
91550.90000000,0.14400000,0.12900000,0.01500000,11810.07900000,1373.26500000,LOW_VOLUME_NODE
91551.10000000,0.46700000,0.27200000,0.19500000,24901.92330000,17852.48230000,LOW_VOLUME_NODE
91551.30000000,0.42800000,0.40200000,0.02600000,36803.66280000,2380.33640000,LOW_VOLUME_NODE
91551.40000000,0.12900000,0.12100000,0.00800000,11077.73150000,732.41200000,LOW_VOLUME_NODE
91551.60000000,0.28600000,0.16000000,0.12600000,14648.26930000,11535.50630000,LOW_VOLUME_NODE
91551.90000000,0.15600000,0.12800000,0.02800000,11718.65600000,2563.45600000,LOW_VOLUME_NODE
91552.30000000,0.34200000,0.06600000,0.27600000,6042.45840000,25268.46240000,LOW_VOLUME_NODE
91552.70000000,0.25300000,0.02300000,0.23000000,2105.71440000,21057.14400000,LOW_VOLUME_NODE
91552.80000000,0.32000000,0.29700000,0.02300000,27191.21130000,2105.71670000,LOW_VOLUME_NODE
91552.90000000,0.47500000,0.18200000,0.29300000,16662.64600000,26825.02900000,LOW_VOLUME_NODE
91553.30000000,0.48100000,0.47300000,0.00800000,43304.75820000,732.42720000,LOW_VOLUME_NODE
91553.80000000,0.38000000,0.37500000,0.00500000,34332.71250000,457.76950000,LOW_VOLUME_NODE
91553.90000000,0.22000000,0.13800000,0.08200000,12634.45200000,7507.42800000,LOW_VOLUME_NODE
91554.10000000,0.27300000,0.19100000,0.08200000,17486.84150000,7507.44090000,LOW_VOLUME_NODE
91554.30000000,0.10500000,0.10300000,0.00200000,9430.10320000,183.10880000,LOW_VOLUME_NODE
91554.40000000,0.06100000,0.04200000,0.01900000,3845.28900000,1739.53550000,LOW_VOLUME_NODE
91555.20000000,0.15700000,0.14500000,0.01200000,13275.51850000,1098.66360000,LOW_VOLUME_NODE
91555.30000000,0.09700000,0.09200000,0.00500000,8423.09680000,457.77700000,LOW_VOLUME_NODE
91555.80000000,0.29800000,0.11000000,0.18800000,10071.14900000,17212.50920000,LOW_VOLUME_NODE
91556.10000000,0.17500000,0.09700000,0.07800000,8880.94790000,7141.37640000,LOW_VOLUME_NODE
91556.20000000,0.14800000,0.04900000,0.09900000,4486.25870000,9064.07370000,LOW_VOLUME_NODE
91556.70000000,0.09700000,0.08000000,0.01700000,7324.54400000,1556.46560000,LOW_VOLUME_NODE
91557.10000000,0.35400000,0.12900000,0.22500000,11810.87240000,20600.35260000,LOW_VOLUME_NODE
91557.20000000,0.10400000,0.08700000,0.01700000,7965.48510000,1556.47410000,LOW_VOLUME_NODE
91557.30000000,0.14700000,0.09400000,0.05300000,8606.39560000,4852.54220000,LOW_VOLUME_NODE
91557.40000000,0.07200000,0.07000000,0.00200000,6409.02500000,183.11500000,LOW_VOLUME_NODE
91557.60000000,0.30900000,0.28500000,0.02400000,26093.94030000,2197.38340000,LOW_VOLUME_NODE
91557.70000000,0.03500000,0.01800000,0.01700000,1648.04040000,1556.48260000,LOW_VOLUME_NODE
91557.80000000,0.14500000,0.06100000,0.08400000,5585.03190000,7690.86360000,LOW_VOLUME_NODE
91557.90000000,0.37300000,0.24700000,0.12600000,22614.82600000,11536.30800000,LOW_VOLUME_NODE
91558.40000000,0.10500000,0.08300000,0.02200000,7599.35550000,2014.28700000,LOW_VOLUME_NODE
91558.80000000,0.40700000,0.38600000,0.02100000,35341.73540000,1922.73690000,LOW_VOLUME_NODE
91559.70000000,0.11200000,0.10200000,0.01000000,9339.09960000,915.59800000,LOW_VOLUME_NODE
91559.80000000,0.07200000,0.06200000,0.01000000,5676.71380000,915.59900000,LOW_VOLUME_NODE
91560.30000000,0.12700000,0.02300000,0.10400000,2105.88920000,9522.28160000,LOW_VOLUME_NODE
91560.40000000,0.06100000,0.03300000,0.02800000,3021.49650000,2563.69400000,LOW_VOLUME_NODE
91560.60000000,0.21000000,0.10100000,0.10900000,9247.62260000,9980.11160000,LOW_VOLUME_NODE
91561.10000000,0.24800000,0.05600000,0.19200000,5127.42580000,17579.73990000,LOW_VOLUME_NODE
91561.30000000,0.33100000,0.20600000,0.12500000,18861.64840000,11445.17500000,LOW_VOLUME_NODE
91561.80000000,0.12600000,0.05700000,0.06900000,5219.02830000,6317.77110000,LOW_VOLUME_NODE
91561.90000000,0.09200000,0.06300000,0.02900000,5768.40600000,2655.29800000,LOW_VOLUME_NODE
91562.10000000,0.18300000,0.05600000,0.12700000,5127.48050000,11628.38850000,LOW_VOLUME_NODE
91562.20000000,0.16300000,0.02500000,0.13800000,2289.05750000,12635.59740000,LOW_VOLUME_NODE
91562.30000000,0.47200000,0.37300000,0.09900000,34152.77520000,9064.67760000,LOW_VOLUME_NODE
91562.40000000,0.11400000,0.09500000,0.01900000,8698.43750000,1739.68750000,LOW_VOLUME_NODE
91562.90000000,0.12600000,0.08800000,0.03800000,8057.54400000,3479.39400000,LOW_VOLUME_NODE
91563.10000000,0.45000000,0.37600000,0.07400000,34427.74310000,6775.67120000,LOW_VOLUME_NODE
91563.80000000,0.03600000,0.02400000,0.01200000,2197.53360000,1098.76680000,LOW_VOLUME_NODE
91564.20000000,0.40000000,0.30000000,0.10000000,27469.29000000,9156.43000000,LOW_VOLUME_NODE
91564.30000000,0.06100000,0.04700000,0.01400000,4303.52680000,1281.90160000,LOW_VOLUME_NODE
91564.40000000,0.03500000,0.02700000,0.00800000,2472.24150000,732.51600000,LOW_VOLUME_NODE
91564.70000000,0.08900000,0.03600000,0.05300000,3296.33280000,4852.93440000,LOW_VOLUME_NODE
91565.10000000,0.29400000,0.20000000,0.09400000,18313.02490000,8607.12170000,LOW_VOLUME_NODE
91565.30000000,0.35200000,0.34400000,0.00800000,31498.49760000,732.52320000,LOW_VOLUME_NODE
91565.40000000,0.06500000,0.05800000,0.00700000,5310.79900000,640.95850000,LOW_VOLUME_NODE
91565.60000000,0.38000000,0.30200000,0.07800000,27652.81840000,7142.11740000,LOW_VOLUME_NODE
91565.80000000,0.23200000,0.16300000,0.06900000,14925.24170000,6318.04710000,LOW_VOLUME_NODE
91565.90000000,0.23600000,0.07400000,0.16200000,6775.88400000,14833.69200000,LOW_VOLUME_NODE
91566.40000000,0.10700000,0.01700000,0.09000000,1556.63050000,8240.98500000,LOW_VOLUME_NODE
91566.70000000,0.26700000,0.18200000,0.08500000,16665.15760000,7783.17800000,LOW_VOLUME_NODE
91566.90000000,0.11300000,0.08000000,0.03300000,7325.36000000,3021.71100000,LOW_VOLUME_NODE
91567.40000000,0.24100000,0.18900000,0.05200000,17306.25750000,4761.51000000,LOW_VOLUME_NODE
91567.70000000,0.11800000,0.03200000,0.08600000,2930.16960000,7874.83080000,LOW_VOLUME_NODE
91567.80000000,0.02700000,0.01700000,0.01000000,1556.65430000,915.67900000,LOW_VOLUME_NODE
91568.20000000,0.25200000,0.20000000,0.05200000,18313.66000000,4761.55160000,LOW_VOLUME_NODE
91568.30000000,0.06900000,0.05100000,0.01800000,4669.98840000,1648.23120000,LOW_VOLUME_NODE
91568.40000000,0.17400000,0.09200000,0.08200000,8424.30200000,7508.61700000,LOW_VOLUME_NODE
91568.80000000,0.04700000,0.03600000,0.01100000,3296.48040000,1007.25790000,LOW_VOLUME_NODE
91568.90000000,0.07200000,0.06900000,0.00300000,6318.26100000,274.70700000,LOW_VOLUME_NODE
91569.10000000,0.19300000,0.15600000,0.03700000,14284.78120000,3388.05780000,LOW_VOLUME_NODE
91569.20000000,0.17700000,0.06100000,0.11600000,5585.72730000,10622.03880000,LOW_VOLUME_NODE
91569.40000000,0.07100000,0.03400000,0.03700000,3113.36300000,3388.07150000,LOW_VOLUME_NODE
91569.60000000,0.22900000,0.10400000,0.12500000,9523.24060000,11446.20050000,LOW_VOLUME_NODE
91569.70000000,0.08500000,0.07100000,0.01400000,6501.45580000,1281.97720000,LOW_VOLUME_NODE
91569.80000000,0.08400000,0.03000000,0.05400000,2747.09700000,4944.77460000,LOW_VOLUME_NODE
91569.90000000,0.09100000,0.07300000,0.01800000,6684.61000000,1648.26000000,LOW_VOLUME_NODE
91570.10000000,0.15200000,0.12300000,0.02900000,11263.13170000,2655.53390000,LOW_VOLUME_NODE
91570.20000000,0.07900000,0.06500000,0.01400000,5952.06950000,1281.98420000,LOW_VOLUME_NODE
91570.30000000,0.26600000,0.22500000,0.04100000,20603.34000000,3754.38640000,LOW_VOLUME_NODE
91570.40000000,0.17600000,0.07700000,0.09900000,7050.92850000,9065.47950000,LOW_VOLUME_NODE
91570.60000000,0.31900000,0.27300000,0.04600000,24998.78810000,4212.24890000,LOW_VOLUME_NODE
91570.70000000,0.09000000,0.03000000,0.06000000,2747.12400000,5494.24800000,LOW_VOLUME_NODE
91570.90000000,0.20200000,0.02300000,0.17900000,2106.13300000,16391.20900000,LOW_VOLUME_NODE
91571.10000000,0.07600000,0.04500000,0.03100000,4120.70160000,2838.70570000,LOW_VOLUME_NODE
91571.40000000,0.13600000,0.04800000,0.08800000,4395.43200000,8058.29200000,LOW_VOLUME_NODE
91571.60000000,0.12200000,0.08400000,0.03800000,7692.01750000,3479.72210000,LOW_VOLUME_NODE
91571.70000000,0.18900000,0.07000000,0.11900000,6410.02600000,10897.04420000,LOW_VOLUME_NODE
91571.80000000,0.04500000,0.03000000,0.01500000,2747.15700000,1373.57850000,LOW_VOLUME_NODE
91571.90000000,0.18600000,0.15100000,0.03500000,13827.37200000,3205.02000000,LOW_VOLUME_NODE
91572.10000000,0.10400000,0.07500000,0.02900000,6867.91280000,2655.59210000,LOW_VOLUME_NODE
91572.20000000,0.09100000,0.03200000,0.05900000,2930.31360000,5402.76570000,LOW_VOLUME_NODE
91572.40000000,0.13000000,0.12300000,0.00700000,11263.41750000,641.00750000,LOW_VOLUME_NODE
91572.80000000,0.44800000,0.43400000,0.01400000,39742.63860000,1282.02060000,LOW_VOLUME_NODE
91572.90000000,0.15000000,0.13800000,0.01200000,12637.07400000,1098.87600000,LOW_VOLUME_NODE
91573.10000000,0.50000000,0.40700000,0.09300000,37270.29180000,8516.29920000,LOW_VOLUME_NODE
91573.20000000,0.03100000,0.02100000,0.01000000,1923.03930000,915.73300000,LOW_VOLUME_NODE
91573.30000000,0.04500000,0.03900000,0.00600000,3571.36260000,549.44040000,LOW_VOLUME_NODE
91573.40000000,0.07400000,0.05500000,0.01900000,5036.54250000,1739.89650000,LOW_VOLUME_NODE
91573.60000000,0.26600000,0.24200000,0.02400000,22160.83300000,2197.76700000,LOW_VOLUME_NODE
91573.70000000,0.01200000,0.00500000,0.00700000,457.86900000,641.01660000,LOW_VOLUME_NODE
91573.80000000,0.02400000,0.01100000,0.01300000,1007.31290000,1190.46070000,LOW_VOLUME_NODE
91573.90000000,0.09000000,0.06400000,0.02600000,5860.73600000,2380.92400000,LOW_VOLUME_NODE
91574.10000000,0.12200000,0.06100000,0.06100000,5586.02270000,5586.02300000,LOW_VOLUME_NODE
91574.20000000,0.04800000,0.03700000,0.01100000,3388.24910000,1007.31730000,LOW_VOLUME_NODE
91574.30000000,0.06800000,0.06200000,0.00600000,5677.61280000,549.44640000,LOW_VOLUME_NODE
91574.40000000,0.03000000,0.02800000,0.00200000,2564.08600000,183.14900000,LOW_VOLUME_NODE
91574.60000000,0.20100000,0.15600000,0.04500000,14285.64180000,4120.85860000,LOW_VOLUME_NODE
91574.70000000,0.07800000,0.05000000,0.02800000,4578.74000000,2564.09440000,LOW_VOLUME_NODE
91575.20000000,0.14700000,0.13500000,0.01200000,12362.66550000,1098.90360000,LOW_VOLUME_NODE
91575.30000000,0.04400000,0.04200000,0.00200000,3846.16680000,183.15080000,LOW_VOLUME_NODE
91575.40000000,0.05400000,0.03400000,0.02000000,3113.56700000,1831.51000000,LOW_VOLUME_NODE
91575.60000000,0.43700000,0.15400000,0.28300000,14102.64400000,25915.91980000,LOW_VOLUME_NODE
91575.90000000,0.16600000,0.14900000,0.01700000,13644.82400000,1556.79200000,LOW_VOLUME_NODE
91576.10000000,0.19100000,0.18000000,0.01100000,16483.71090000,1007.33730000,LOW_VOLUME_NODE
91576.20000000,0.06300000,0.00800000,0.05500000,732.61040000,5036.69650000,LOW_VOLUME_NODE
91576.30000000,0.03200000,0.02400000,0.00800000,2197.83360000,732.61120000,LOW_VOLUME_NODE
91576.40000000,0.02000000,0.00600000,0.01400000,549.45900000,1282.07100000,LOW_VOLUME_NODE
91576.60000000,0.44500000,0.40100000,0.04400000,36722.21880000,4029.37340000,LOW_VOLUME_NODE
91576.70000000,0.04800000,0.03100000,0.01700000,2838.88080000,1556.80560000,LOW_VOLUME_NODE
91576.80000000,0.15400000,0.14600000,0.00800000,13370.22740000,732.61520000,LOW_VOLUME_NODE
91576.90000000,0.16300000,0.10000000,0.06300000,9157.70000000,5769.35100000,LOW_VOLUME_NODE
91577.10000000,0.44200000,0.37900000,0.06300000,34707.75470000,5769.36250000,LOW_VOLUME_NODE
91577.20000000,0.11400000,0.09700000,0.01700000,8882.99810000,1556.81410000,LOW_VOLUME_NODE
91577.30000000,0.13000000,0.12300000,0.00700000,11264.02020000,641.04180000,LOW_VOLUME_NODE
91577.70000000,0.21400000,0.13300000,0.08100000,12179.84740000,7417.80180000,LOW_VOLUME_NODE
91577.80000000,0.04200000,0.01600000,0.02600000,1465.24640000,2381.02540000,LOW_VOLUME_NODE
91577.90000000,0.31200000,0.24500000,0.06700000,22436.61000000,6135.72600000,LOW_VOLUME_NODE
91578.10000000,0.42700000,0.29100000,0.13600000,26649.25020000,12454.63390000,LOW_VOLUME_NODE
91578.20000000,0.17700000,0.16900000,0.00800000,15476.73270000,732.62640000,LOW_VOLUME_NODE
91578.30000000,0.24900000,0.01000000,0.23900000,915.78400000,21887.23760000,LOW_VOLUME_NODE
91578.60000000,0.32800000,0.23000000,0.09800000,21063.08150000,8974.70360000,LOW_VOLUME_NODE
91578.70000000,0.03300000,0.01500000,0.01800000,1373.68200000,1648.41840000,LOW_VOLUME_NODE
91578.80000000,0.09600000,0.03400000,0.06200000,3113.68260000,5677.89180000,LOW_VOLUME_NODE
91579.20000000,0.19900000,0.18500000,0.01400000,16942.17050000,1282.11020000,LOW_VOLUME_NODE
91579.30000000,0.12700000,0.10400000,0.02300000,9524.25760000,2106.32620000,LOW_VOLUME_NODE
91579.40000000,0.17900000,0.17600000,0.00300000,16117.99200000,274.73850000,LOW_VOLUME_NODE
91579.60000000,0.45800000,0.41700000,0.04100000,38188.70480000,3754.76450000,LOW_VOLUME_NODE
91579.70000000,0.17700000,0.13900000,0.03800000,12729.59220000,3480.03240000,LOW_VOLUME_NODE
91579.80000000,0.04600000,0.02800000,0.01800000,2564.23720000,1648.43820000,LOW_VOLUME_NODE
91579.90000000,0.16900000,0.06500000,0.10400000,5952.70000000,9524.32000000,LOW_VOLUME_NODE
91580.10000000,0.26800000,0.22900000,0.03900000,20971.84750000,3571.62590000,LOW_VOLUME_NODE
91580.20000000,0.31400000,0.05500000,0.25900000,5036.91650000,23719.29770000,LOW_VOLUME_NODE
91580.30000000,0.07300000,0.03900000,0.03400000,3571.63560000,3113.73360000,LOW_VOLUME_NODE
91580.40000000,0.47600000,0.19600000,0.28000000,17949.77800000,25642.54000000,LOW_VOLUME_NODE
91580.60000000,0.51200000,0.16400000,0.34800000,15019.22290000,31870.06110000,LOW_VOLUME_NODE
91580.70000000,0.09700000,0.04100000,0.05600000,3754.81280000,5128.52480000,LOW_VOLUME_NODE
91581.20000000,0.17500000,0.16700000,0.00800000,15294.07710000,732.65040000,LOW_VOLUME_NODE
91581.30000000,0.25200000,0.21100000,0.04100000,19323.67540000,3754.83740000,LOW_VOLUME_NODE
91581.40000000,0.39800000,0.20800000,0.19000000,19048.95200000,17400.48500000,LOW_VOLUME_NODE
91581.70000000,0.03200000,0.02100000,0.01100000,1923.21780000,1007.39980000,LOW_VOLUME_NODE
91581.80000000,0.01500000,0.00900000,0.00600000,824.23710000,549.49140000,LOW_VOLUME_NODE
91581.90000000,0.44000000,0.42500000,0.01500000,38922.35000000,1373.73000000,LOW_VOLUME_NODE
91582.30000000,0.18400000,0.14900000,0.03500000,13645.77760000,3205.38400000,LOW_VOLUME_NODE
91582.40000000,0.11200000,0.10200000,0.01000000,9341.41500000,915.82500000,LOW_VOLUME_NODE
91582.70000000,0.08700000,0.06900000,0.01800000,6319.21320000,1648.49040000,LOW_VOLUME_NODE
91582.80000000,0.24800000,0.23600000,0.01200000,21613.56440000,1098.99480000,LOW_VOLUME_NODE
91582.90000000,0.22600000,0.09600000,0.13000000,8791.96800000,11905.79000000,LOW_VOLUME_NODE
91583.10000000,0.43000000,0.40200000,0.02800000,36816.40980000,2564.32810000,LOW_VOLUME_NODE
91583.20000000,0.05400000,0.04400000,0.01000000,4029.66520000,915.83300000,LOW_VOLUME_NODE
91583.30000000,0.01900000,0.01300000,0.00600000,1190.58420000,549.50040000,LOW_VOLUME_NODE
91583.40000000,0.01700000,0.00300000,0.01400000,274.75050000,1282.16900000,LOW_VOLUME_NODE
91583.60000000,0.34400000,0.15400000,0.19000000,14103.87720000,17400.90070000,LOW_VOLUME_NODE
91583.70000000,0.02900000,0.01400000,0.01500000,1282.17320000,1373.75700000,LOW_VOLUME_NODE
91583.80000000,0.01600000,0.00800000,0.00800000,732.67120000,732.67120000,LOW_VOLUME_NODE
91583.90000000,0.13800000,0.08400000,0.05400000,7693.05600000,4945.53600000,LOW_VOLUME_NODE
91584.30000000,0.04500000,0.03500000,0.01000000,3205.45400000,915.84400000,LOW_VOLUME_NODE
91584.40000000,0.05400000,0.02500000,0.02900000,2289.61250000,2655.95050000,LOW_VOLUME_NODE
91584.70000000,0.08000000,0.01000000,0.07000000,915.84800000,6410.93600000,LOW_VOLUME_NODE
91585.20000000,0.17300000,0.11100000,0.06200000,10165.96830000,5678.28860000,LOW_VOLUME_NODE
91585.30000000,0.03900000,0.01800000,0.02100000,1648.53720000,1923.29340000,LOW_VOLUME_NODE
91585.40000000,0.01900000,0.01000000,0.00900000,915.85500000,824.26950000,LOW_VOLUME_NODE
91585.70000000,0.21900000,0.15700000,0.06200000,14378.97060000,5678.31960000,LOW_VOLUME_NODE
91585.80000000,0.02000000,0.01200000,0.00800000,1099.03080000,732.68720000,LOW_VOLUME_NODE
91585.90000000,0.19400000,0.15800000,0.03600000,14470.58800000,3297.09600000,LOW_VOLUME_NODE
91586.20000000,0.35900000,0.07900000,0.28000000,7235.31770000,25644.16400000,LOW_VOLUME_NODE
91586.40000000,0.03000000,0.01600000,0.01400000,1465.38400000,1282.21100000,LOW_VOLUME_NODE
91586.60000000,0.44100000,0.31100000,0.13000000,28483.45600000,11906.25980000,LOW_VOLUME_NODE
91586.70000000,0.12500000,0.11300000,0.01200000,10349.30840000,1099.04160000,LOW_VOLUME_NODE
91586.80000000,0.38100000,0.02200000,0.35900000,2014.91180000,32879.69710000,LOW_VOLUME_NODE
91587.30000000,0.40300000,0.34400000,0.05900000,31506.06560000,5403.65660000,LOW_VOLUME_NODE
91587.40000000,0.15000000,0.03500000,0.11500000,3205.56250000,10532.56250000,LOW_VOLUME_NODE
91587.80000000,0.51600000,0.22300000,0.29300000,20424.10170000,26835.25470000,LOW_VOLUME_NODE
91587.90000000,0.41400000,0.38400000,0.03000000,35169.79200000,2747.64000000,LOW_VOLUME_NODE
91588.20000000,0.21300000,0.18500000,0.02800000,16943.83550000,2564.47240000,LOW_VOLUME_NODE
91588.30000000,0.40500000,0.06400000,0.34100000,5861.65760000,31231.64440000,LOW_VOLUME_NODE
91588.60000000,0.23600000,0.19500000,0.04100000,17859.78140000,3755.13440000,LOW_VOLUME_NODE
91588.80000000,0.11100000,0.05300000,0.05800000,4854.21170000,5312.15620000,LOW_VOLUME_NODE
91588.90000000,0.23200000,0.21200000,0.02000000,19416.86800000,1831.78000000,LOW_VOLUME_NODE
91589.10000000,0.15000000,0.09100000,0.05900000,8334.61570000,5403.76100000,LOW_VOLUME_NODE
91589.20000000,0.08000000,0.02000000,0.06000000,1831.78600000,5495.35800000,LOW_VOLUME_NODE
91589.60000000,0.48700000,0.24200000,0.24500000,22164.69920000,22439.47460000,LOW_VOLUME_NODE
91589.70000000,0.33600000,0.02300000,0.31300000,2106.56540000,28667.60740000,LOW_VOLUME_NODE
91589.80000000,0.40600000,0.37600000,0.03000000,34437.80240000,2747.69700000,LOW_VOLUME_NODE
91590.30000000,0.21500000,0.04800000,0.16700000,4396.33920000,15295.59680000,LOW_VOLUME_NODE
91590.40000000,0.19600000,0.13300000,0.06300000,12181.53650000,5770.20150000,LOW_VOLUME_NODE
91590.70000000,0.28400000,0.21600000,0.06800000,19783.61280000,6228.17440000,LOW_VOLUME_NODE
91590.80000000,0.12600000,0.11200000,0.01400000,10258.18080000,1282.27260000,LOW_VOLUME_NODE
91591.20000000,0.05200000,0.04600000,0.00600000,4213.19980000,549.54780000,LOW_VOLUME_NODE
91591.30000000,0.46900000,0.01300000,0.45600000,1190.68820000,41765.67840000,LOW_VOLUME_NODE
91591.80000000,0.13700000,0.07700000,0.06000000,7052.57630000,5495.51400000,LOW_VOLUME_NODE
91591.90000000,0.13600000,0.03300000,0.10300000,3022.53600000,9433.97600000,LOW_VOLUME_NODE
91592.40000000,0.12700000,0.09700000,0.03000000,8884.47250000,2747.77500000,LOW_VOLUME_NODE
91592.60000000,0.44600000,0.25800000,0.18800000,23630.90600000,17219.41400000,LOW_VOLUME_NODE
91592.70000000,0.14700000,0.10600000,0.04100000,9708.83680000,3755.30480000,LOW_VOLUME_NODE
91592.80000000,0.06100000,0.05000000,0.01100000,4579.64500000,1007.52190000,LOW_VOLUME_NODE
91592.90000000,0.47800000,0.19100000,0.28700000,17494.26300000,26287.19100000,LOW_VOLUME_NODE
91593.10000000,0.23400000,0.13700000,0.09700000,12548.26560000,8884.53330000,LOW_VOLUME_NODE
91593.20000000,0.22100000,0.09700000,0.12400000,8884.55010000,11357.56920000,LOW_VOLUME_NODE
91593.30000000,0.13400000,0.04600000,0.08800000,4213.29640000,8060.21920000,LOW_VOLUME_NODE
91593.40000000,0.10000000,0.08300000,0.01700000,7602.26050000,1557.08950000,LOW_VOLUME_NODE
91594.20000000,0.09200000,0.04000000,0.05200000,3663.77200000,4762.90360000,LOW_VOLUME_NODE
91594.30000000,0.17400000,0.04900000,0.12500000,4488.12560000,11449.30000000,LOW_VOLUME_NODE
91594.40000000,0.20100000,0.12400000,0.07700000,11357.71800000,7052.77650000,LOW_VOLUME_NODE
91594.60000000,0.33600000,0.15700000,0.17900000,14380.35720000,16395.44670000,LOW_VOLUME_NODE
91595.20000000,0.15400000,0.08800000,0.06600000,8060.38640000,6045.28980000,LOW_VOLUME_NODE
91595.30000000,0.22600000,0.06100000,0.16500000,5587.31940000,15113.24100000,LOW_VOLUME_NODE
91595.40000000,0.06400000,0.05900000,0.00500000,5404.13450000,457.97750000,LOW_VOLUME_NODE
91595.70000000,0.30000000,0.04100000,0.25900000,3755.42780000,23723.31220000,LOW_VOLUME_NODE
91595.90000000,0.30200000,0.18400000,0.11800000,16853.66400000,10808.32800000,LOW_VOLUME_NODE
91596.10000000,0.26000000,0.18700000,0.07300000,17128.48250000,6686.51880000,LOW_VOLUME_NODE
91596.20000000,0.05200000,0.02400000,0.02800000,2198.31120000,2564.69640000,LOW_VOLUME_NODE
91596.30000000,0.05100000,0.03900000,0.01200000,3572.25960000,1099.15680000,LOW_VOLUME_NODE
91596.70000000,0.05300000,0.01800000,0.03500000,1648.74240000,3205.88800000,LOW_VOLUME_NODE
91596.80000000,0.13700000,0.03600000,0.10100000,3297.48840000,9251.28690000,LOW_VOLUME_NODE
91596.90000000,0.35900000,0.26600000,0.09300000,24364.80200000,8518.52100000,LOW_VOLUME_NODE
91597.10000000,0.23800000,0.15100000,0.08700000,13831.16470000,7968.95450000,LOW_VOLUME_NODE
91597.20000000,0.44500000,0.15800000,0.28700000,14472.37340000,26288.42510000,LOW_VOLUME_NODE
91597.30000000,0.23100000,0.10300000,0.12800000,9434.53220000,11724.46720000,LOW_VOLUME_NODE
91597.40000000,0.36300000,0.24300000,0.12000000,22258.19250000,10991.70000000,LOW_VOLUME_NODE
91597.60000000,0.23700000,0.14100000,0.09600000,12915.26350000,8793.37160000,LOW_VOLUME_NODE
91597.70000000,0.16900000,0.15800000,0.01100000,14472.45240000,1007.57580000,LOW_VOLUME_NODE
91597.80000000,0.14500000,0.03000000,0.11500000,2747.93700000,10533.75850000,LOW_VOLUME_NODE
91597.90000000,0.47200000,0.35900000,0.11300000,32883.68200000,10350.57400000,LOW_VOLUME_NODE
91598.20000000,0.13600000,0.04500000,0.09100000,4121.92350000,8335.44530000,LOW_VOLUME_NODE
91598.30000000,0.51100000,0.32500000,0.18600000,29769.48000000,17037.30240000,LOW_VOLUME_NODE
91598.40000000,0.50000000,0.47200000,0.02800000,43234.49200000,2564.75800000,LOW_VOLUME_NODE
91598.70000000,0.04300000,0.01800000,0.02500000,1648.77840000,2289.97000000,LOW_VOLUME_NODE
91598.80000000,0.41900000,0.02400000,0.39500000,2198.37360000,36181.56550000,LOW_VOLUME_NODE
91599.40000000,0.12400000,0.08500000,0.03900000,7785.95750000,3572.38050000,LOW_VOLUME_NODE
91599.70000000,0.08200000,0.03900000,0.04300000,3572.39220000,3938.79140000,LOW_VOLUME_NODE
91600.20000000,0.13600000,0.12100000,0.01500000,11083.63630000,1374.00450000,LOW_VOLUME_NODE
91600.30000000,0.09100000,0.06100000,0.03000000,5587.62440000,2748.01200000,LOW_VOLUME_NODE
91600.40000000,0.10300000,0.07200000,0.03100000,6595.23600000,2839.61550000,LOW_VOLUME_NODE
91600.70000000,0.03600000,0.01800000,0.01800000,1648.81440000,1648.81440000,LOW_VOLUME_NODE
91600.80000000,0.20700000,0.17100000,0.03600000,15663.75390000,3297.63240000,LOW_VOLUME_NODE
91601.20000000,0.19500000,0.06700000,0.12800000,6137.28710000,11724.96640000,LOW_VOLUME_NODE
91601.30000000,0.12100000,0.06300000,0.05800000,5770.88820000,5312.88120000,LOW_VOLUME_NODE
91601.40000000,0.18200000,0.12000000,0.06200000,10992.18000000,5679.29300000,LOW_VOLUME_NODE
91601.70000000,0.19300000,0.07300000,0.12000000,6686.93140000,10992.21600000,LOW_VOLUME_NODE
91602.90000000,0.12300000,0.09900000,0.02400000,9068.69700000,2198.47200000,LOW_VOLUME_NODE
91603.80000000,0.11600000,0.02900000,0.08700000,2656.51310000,7969.53930000,LOW_VOLUME_NODE
91603.90000000,0.11100000,0.09600000,0.01500000,8793.98400000,1374.06000000,LOW_VOLUME_NODE
91604.30000000,0.39900000,0.35200000,0.04700000,32244.74880000,4305.40680000,LOW_VOLUME_NODE
91604.40000000,0.17600000,0.04300000,0.13300000,3938.99350000,12183.39850000,LOW_VOLUME_NODE
91604.90000000,0.37700000,0.27800000,0.09900000,25466.19000000,9068.89500000,LOW_VOLUME_NODE
91605.30000000,0.13500000,0.07400000,0.06100000,6778.79960000,5587.92940000,LOW_VOLUME_NODE
91606.60000000,0.39800000,0.25600000,0.14200000,23451.30000000,13008.14360000,LOW_VOLUME_NODE
91606.70000000,0.14300000,0.11600000,0.02700000,10626.38880000,2473.38360000,LOW_VOLUME_NODE
91606.80000000,0.23400000,0.19900000,0.03500000,18229.77310000,3206.24150000,LOW_VOLUME_NODE
91606.90000000,0.24100000,0.18600000,0.05500000,17038.90200000,5038.38500000,LOW_VOLUME_NODE
91607.10000000,0.26100000,0.08500000,0.17600000,7786.61020000,16122.86260000,LOW_VOLUME_NODE
91607.20000000,0.21300000,0.03900000,0.17400000,3572.68470000,15939.67020000,LOW_VOLUME_NODE
91607.30000000,0.20400000,0.14900000,0.05500000,13649.50260000,5038.40700000,LOW_VOLUME_NODE
91607.40000000,0.09800000,0.02500000,0.07300000,2290.18750000,6687.34750000,LOW_VOLUME_NODE
91608.40000000,0.10800000,0.03600000,0.07200000,3297.90600000,6595.81200000,LOW_VOLUME_NODE
91608.60000000,0.28800000,0.08900000,0.19900000,8153.17310000,18230.12850000,LOW_VOLUME_NODE
91608.70000000,0.31200000,0.23600000,0.07600000,21619.67680000,6962.26880000,LOW_VOLUME_NODE
91608.80000000,0.08500000,0.05300000,0.03200000,4855.27170000,2931.48480000,LOW_VOLUME_NODE
91609.30000000,0.45700000,0.42100000,0.03600000,38567.55740000,3297.93840000,LOW_VOLUME_NODE
91609.40000000,0.07800000,0.05600000,0.02200000,5130.13200000,2015.40900000,LOW_VOLUME_NODE
91609.70000000,0.04900000,0.02100000,0.02800000,1923.80580000,2565.07440000,LOW_VOLUME_NODE
91610.20000000,0.10900000,0.05300000,0.05600000,4855.34590000,5130.17680000,LOW_VOLUME_NODE
91610.30000000,0.17100000,0.13300000,0.03800000,12184.18320000,3481.19520000,LOW_VOLUME_NODE
91610.40000000,0.13900000,0.03200000,0.10700000,2931.53600000,9802.32350000,LOW_VOLUME_NODE
91610.80000000,0.07100000,0.02600000,0.04500000,2381.88340000,4122.49050000,LOW_VOLUME_NODE
91611.70000000,0.20900000,0.14200000,0.06700000,13008.87560000,6137.99060000,LOW_VOLUME_NODE
91611.80000000,0.09800000,0.06600000,0.03200000,6046.38540000,2931.58080000,LOW_VOLUME_NODE
91611.90000000,0.05400000,0.03000000,0.02400000,2748.36000000,2198.68800000,LOW_VOLUME_NODE
91612.10000000,0.41400000,0.07400000,0.34000000,6779.29710000,31148.14600000,LOW_VOLUME_NODE
91612.20000000,0.35600000,0.02500000,0.33100000,2290.30750000,30323.67130000,LOW_VOLUME_NODE
91612.30000000,0.16500000,0.01800000,0.14700000,1649.02320000,13467.02280000,LOW_VOLUME_NODE
91612.40000000,0.23800000,0.13100000,0.10700000,12001.23750000,9802.53750000,LOW_VOLUME_NODE
91612.60000000,0.24200000,0.13100000,0.11100000,12001.26130000,10169.00600000,LOW_VOLUME_NODE
91612.70000000,0.34100000,0.26000000,0.08100000,23819.32800000,7420.63680000,LOW_VOLUME_NODE
91613.10000000,0.20000000,0.14600000,0.05400000,13375.51630000,4947.11030000,LOW_VOLUME_NODE
91613.20000000,0.40500000,0.01700000,0.38800000,1557.42610000,35545.96040000,LOW_VOLUME_NODE
91613.30000000,0.36400000,0.01500000,0.34900000,1374.20100000,31973.07660000,LOW_VOLUME_NODE
91613.40000000,0.21300000,0.03100000,0.18200000,2840.01850000,16673.65700000,LOW_VOLUME_NODE
91613.70000000,0.09900000,0.07200000,0.02700000,6596.19360000,2473.57260000,LOW_VOLUME_NODE
91613.80000000,0.15100000,0.02000000,0.13100000,1832.27800000,12001.42090000,LOW_VOLUME_NODE
91613.90000000,0.06000000,0.04000000,0.02000000,3664.56000000,1832.28000000,LOW_VOLUME_NODE
91614.20000000,0.17100000,0.02000000,0.15100000,1832.28600000,13833.75930000,LOW_VOLUME_NODE
91615.20000000,0.08400000,0.04600000,0.03800000,4214.30380000,3481.38140000,LOW_VOLUME_NODE
91615.30000000,0.19600000,0.02200000,0.17400000,2015.53880000,15941.07960000,LOW_VOLUME_NODE
91615.60000000,0.40100000,0.31700000,0.08400000,29042.16100000,7695.71580000,LOW_VOLUME_NODE
91615.70000000,0.30800000,0.03000000,0.27800000,2748.47400000,25469.19240000,LOW_VOLUME_NODE
91616.20000000,0.06300000,0.03000000,0.03300000,2748.48900000,3023.33790000,LOW_VOLUME_NODE
91616.30000000,0.18700000,0.10000000,0.08700000,9161.64000000,7970.62680000,LOW_VOLUME_NODE
91616.40000000,0.16400000,0.14900000,0.01500000,13650.85850000,1374.24750000,LOW_VOLUME_NODE
91616.60000000,0.29600000,0.14300000,0.15300000,13101.17600000,14017.34790000,LOW_VOLUME_NODE
91616.70000000,0.09100000,0.04400000,0.04700000,4031.13920000,4305.98960000,LOW_VOLUME_NODE
91616.80000000,0.03800000,0.00700000,0.03100000,641.31830000,2840.12390000,LOW_VOLUME_NODE
91616.90000000,0.33000000,0.02300000,0.30700000,2107.19100000,28126.41900000,LOW_VOLUME_NODE
91617.20000000,0.50600000,0.19800000,0.30800000,18140.22540000,28218.12840000,LOW_VOLUME_NODE
91617.70000000,0.13900000,0.11200000,0.02700000,10261.19360000,2473.68060000,LOW_VOLUME_NODE
91617.80000000,0.05100000,0.03000000,0.02100000,2748.53700000,1923.97590000,LOW_VOLUME_NODE
91617.90000000,0.27100000,0.24600000,0.02500000,22538.02800000,2290.45000000,LOW_VOLUME_NODE
91618.20000000,0.24000000,0.12400000,0.11600000,11360.66920000,10627.72280000,LOW_VOLUME_NODE
91618.80000000,0.39200000,0.24000000,0.15200000,21988.53600000,13926.07280000,LOW_VOLUME_NODE
91619.40000000,0.12600000,0.07500000,0.05100000,6871.46250000,4672.59450000,LOW_VOLUME_NODE
91619.60000000,0.08100000,0.05100000,0.03000000,4672.60220000,2748.58940000,LOW_VOLUME_NODE
91619.70000000,0.17200000,0.12700000,0.04500000,11635.71460000,4122.89100000,LOW_VOLUME_NODE
91619.80000000,0.05300000,0.04400000,0.00900000,4031.27560000,824.57910000,LOW_VOLUME_NODE
91620.10000000,0.36100000,0.28000000,0.08100000,25653.65290000,7421.23480000,LOW_VOLUME_NODE
91620.40000000,0.29000000,0.27200000,0.01800000,24920.77600000,1649.16900000,LOW_VOLUME_NODE
91620.70000000,0.32200000,0.23500000,0.08700000,21530.88800000,7971.00960000,LOW_VOLUME_NODE
91620.80000000,0.08200000,0.07100000,0.01100000,6505.08390000,1007.82990000,LOW_VOLUME_NODE
91621.20000000,0.09200000,0.07700000,0.01500000,7054.84010000,1374.31950000,LOW_VOLUME_NODE
91621.30000000,0.17400000,0.10200000,0.07200000,9345.38280000,6596.74080000,LOW_VOLUME_NODE
91621.40000000,0.14300000,0.14000000,0.00300000,12827.01000000,274.86450000,LOW_VOLUME_NODE
91621.60000000,0.06100000,0.03600000,0.02500000,3298.37950000,2290.54130000,LOW_VOLUME_NODE
91621.70000000,0.35300000,0.25300000,0.10000000,23180.31540000,9162.18000000,LOW_VOLUME_NODE
91621.80000000,0.17300000,0.02300000,0.15000000,2107.30370000,13743.28500000,LOW_VOLUME_NODE
91621.90000000,0.17400000,0.16500000,0.00900000,15117.63000000,824.59800000,LOW_VOLUME_NODE
91622.10000000,0.14400000,0.12000000,0.02400000,10994.66230000,2198.93140000,LOW_VOLUME_NODE
91622.20000000,0.09600000,0.07500000,0.02100000,6871.67250000,1924.06830000,LOW_VOLUME_NODE
91622.30000000,0.05000000,0.02800000,0.02200000,2565.42720000,2015.69280000,LOW_VOLUME_NODE
91622.40000000,0.20700000,0.18400000,0.02300000,16858.54000000,2107.31750000,LOW_VOLUME_NODE
91622.80000000,0.04900000,0.02000000,0.02900000,1832.45800000,2657.06410000,LOW_VOLUME_NODE
91622.90000000,0.19800000,0.17100000,0.02700000,15667.53300000,2473.82100000,LOW_VOLUME_NODE
91623.10000000,0.39800000,0.35400000,0.04400000,32434.59990000,4031.41970000,LOW_VOLUME_NODE
91623.20000000,0.05100000,0.04000000,0.01100000,3664.93200000,1007.85630000,LOW_VOLUME_NODE
91623.30000000,0.13100000,0.11100000,0.02000000,10170.19740000,1832.46800000,LOW_VOLUME_NODE
91623.40000000,0.06000000,0.01200000,0.04800000,1099.48200000,4397.92800000,LOW_VOLUME_NODE
91623.60000000,0.11800000,0.08500000,0.03300000,7788.00740000,3023.57980000,LOW_VOLUME_NODE
91623.70000000,0.07300000,0.05000000,0.02300000,4581.19000000,2107.34740000,LOW_VOLUME_NODE
91623.80000000,0.16500000,0.01700000,0.14800000,1557.60630000,13560.33720000,LOW_VOLUME_NODE
91624.10000000,0.21900000,0.16300000,0.05600000,14934.74210000,5130.95110000,LOW_VOLUME_NODE
91624.20000000,0.05200000,0.01800000,0.03400000,1649.23740000,3115.22620000,LOW_VOLUME_NODE
91624.30000000,0.25600000,0.23300000,0.02300000,21348.48520000,2107.36120000,LOW_VOLUME_NODE
91624.40000000,0.34400000,0.10200000,0.24200000,9345.69900000,22173.12900000,LOW_VOLUME_NODE
91624.70000000,0.04100000,0.02200000,0.01900000,2015.74560000,1740.87120000,LOW_VOLUME_NODE
91624.80000000,0.05500000,0.01600000,0.03900000,1465.99840000,3573.37110000,LOW_VOLUME_NODE
91624.90000000,0.14100000,0.09600000,0.04500000,8796.00000000,4123.12500000,LOW_VOLUME_NODE
91625.10000000,0.06900000,0.02900000,0.04000000,2657.12930000,3665.00430000,LOW_VOLUME_NODE
91625.20000000,0.05500000,0.01900000,0.03600000,1740.88070000,3298.51080000,LOW_VOLUME_NODE
91625.30000000,0.28900000,0.27200000,0.01700000,24922.10880000,1557.63180000,LOW_VOLUME_NODE
91625.40000000,0.03300000,0.02200000,0.01100000,2015.76100000,1007.88050000,LOW_VOLUME_NODE
91625.60000000,0.13100000,0.07300000,0.05800000,6688.66990000,5314.28650000,LOW_VOLUME_NODE
91625.80000000,0.07400000,0.05100000,0.02300000,4672.92090000,2107.39570000,LOW_VOLUME_NODE
91625.90000000,0.22600000,0.21600000,0.01000000,19791.21600000,916.26000000,LOW_VOLUME_NODE
91626.10000000,0.26100000,0.24800000,0.01300000,22723.27640000,1191.14010000,LOW_VOLUME_NODE
91626.20000000,0.35500000,0.28000000,0.07500000,25655.36400000,6871.97250000,LOW_VOLUME_NODE
91626.30000000,0.13800000,0.01700000,0.12100000,1557.64880000,11086.79440000,LOW_VOLUME_NODE
91626.40000000,0.03200000,0.01500000,0.01700000,1374.39750000,1557.65050000,LOW_VOLUME_NODE
91626.60000000,0.13700000,0.04300000,0.09400000,3939.94530000,8612.90630000,LOW_VOLUME_NODE
91626.70000000,0.17200000,0.05000000,0.12200000,4581.34000000,11178.46960000,LOW_VOLUME_NODE
91626.80000000,0.04000000,0.03100000,0.00900000,2840.43390000,824.64210000,LOW_VOLUME_NODE
91626.90000000,0.05900000,0.05500000,0.00400000,5039.48500000,366.50800000,LOW_VOLUME_NODE
91627.20000000,0.20900000,0.13800000,0.07100000,12644.56740000,6505.53830000,LOW_VOLUME_NODE
91627.30000000,0.17600000,0.13700000,0.03900000,12552.95380000,3573.46860000,LOW_VOLUME_NODE
91627.40000000,0.07000000,0.03100000,0.03900000,2840.45250000,3573.47250000,LOW_VOLUME_NODE
91627.60000000,0.31200000,0.19100000,0.12100000,17500.87630000,11086.95000000,LOW_VOLUME_NODE
91627.70000000,0.03300000,0.00500000,0.02800000,458.13900000,2565.57840000,LOW_VOLUME_NODE
91627.80000000,0.03400000,0.01800000,0.01600000,1649.30220000,1466.04640000,LOW_VOLUME_NODE
91628.60000000,0.29600000,0.26700000,0.02900000,24464.83920000,2657.23090000,LOW_VOLUME_NODE
91628.70000000,0.08600000,0.07600000,0.01000000,6963.78880000,916.28800000,LOW_VOLUME_NODE
91628.80000000,0.12400000,0.06000000,0.06400000,5497.73400000,5864.24960000,LOW_VOLUME_NODE
91628.90000000,0.26400000,0.22400000,0.04000000,20524.89600000,3665.16000000,LOW_VOLUME_NODE
91629.10000000,0.06900000,0.03800000,0.03100000,3481.90850000,2840.50490000,LOW_VOLUME_NODE
91629.20000000,0.17100000,0.00900000,0.16200000,824.66370000,14843.94660000,LOW_VOLUME_NODE
91629.40000000,0.05800000,0.02000000,0.03800000,1832.59000000,3481.92100000,LOW_VOLUME_NODE
91629.60000000,0.46500000,0.09400000,0.37100000,8613.18860000,33994.58200000,LOW_VOLUME_NODE
91629.70000000,0.05900000,0.01200000,0.04700000,1099.55760000,4306.60060000,LOW_VOLUME_NODE
91629.80000000,0.46900000,0.09000000,0.37900000,8246.69100000,34727.73210000,LOW_VOLUME_NODE
91629.90000000,0.23400000,0.15200000,0.08200000,13927.76000000,7513.66000000,LOW_VOLUME_NODE
91630.10000000,0.34400000,0.29100000,0.05300000,26664.36710000,4856.39710000,LOW_VOLUME_NODE
91630.20000000,0.06400000,0.00900000,0.05500000,824.67270000,5039.66650000,LOW_VOLUME_NODE
91630.30000000,0.16400000,0.10800000,0.05600000,9896.08320000,5131.30240000,LOW_VOLUME_NODE
91630.40000000,0.05700000,0.04800000,0.00900000,4398.26400000,824.67450000,LOW_VOLUME_NODE
91630.60000000,0.16200000,0.02500000,0.13700000,2290.76530000,12553.40470000,LOW_VOLUME_NODE
91630.70000000,0.34100000,0.20900000,0.13200000,19150.83720000,12095.26560000,LOW_VOLUME_NODE
91631.20000000,0.05800000,0.02100000,0.03700000,1924.25730000,3390.35810000,LOW_VOLUME_NODE
91631.30000000,0.15200000,0.13600000,0.01600000,12461.87040000,1466.10240000,LOW_VOLUME_NODE
91631.40000000,0.03700000,0.02600000,0.01100000,2382.41900000,1007.94650000,LOW_VOLUME_NODE
91631.70000000,0.06400000,0.03300000,0.03100000,3023.84940000,2840.58580000,LOW_VOLUME_NODE
91631.80000000,0.19800000,0.14900000,0.04900000,13653.15310000,4489.96310000,LOW_VOLUME_NODE
91631.90000000,0.21500000,0.04900000,0.16600000,4489.96800000,15210.91200000,LOW_VOLUME_NODE
91632.10000000,0.09300000,0.04000000,0.05300000,3665.28490000,4856.50330000,LOW_VOLUME_NODE
91632.20000000,0.05800000,0.04300000,0.01500000,3940.18890000,1374.48450000,LOW_VOLUME_NODE
91632.30000000,0.14500000,0.12600000,0.01900000,11545.68240000,1741.01560000,LOW_VOLUME_NODE
91632.40000000,0.05100000,0.03400000,0.01700000,3115.50500000,1557.75250000,LOW_VOLUME_NODE
91632.60000000,0.22500000,0.09200000,0.13300000,8430.20010000,12187.14550000,LOW_VOLUME_NODE
91632.70000000,0.12600000,0.01800000,0.10800000,1649.39040000,9896.34240000,LOW_VOLUME_NODE
91632.80000000,0.35800000,0.18500000,0.17300000,16952.08650000,15852.49170000,LOW_VOLUME_NODE
91632.90000000,0.18100000,0.16100000,0.02000000,14752.91300000,1832.66000000,LOW_VOLUME_NODE
91633.10000000,0.24300000,0.13400000,0.10900000,12278.83600000,9988.00860000,LOW_VOLUME_NODE
91633.20000000,0.09400000,0.06400000,0.03000000,5864.53120000,2748.99900000,LOW_VOLUME_NODE
91633.30000000,0.29400000,0.02800000,0.26600000,2565.73520000,24374.48440000,LOW_VOLUME_NODE
91633.70000000,0.02700000,0.01200000,0.01500000,1099.60560000,1374.50700000,LOW_VOLUME_NODE
91633.80000000,0.34200000,0.24100000,0.10100000,22083.76990000,9255.02390000,LOW_VOLUME_NODE
91633.90000000,0.07400000,0.03300000,0.04100000,3023.92200000,3756.99400000,LOW_VOLUME_NODE
91634.10000000,0.23500000,0.19700000,0.03800000,18051.91940000,3482.09860000,LOW_VOLUME_NODE
91634.30000000,0.38000000,0.34200000,0.03800000,31338.96480000,3482.10720000,LOW_VOLUME_NODE
91634.40000000,0.05400000,0.02500000,0.02900000,2290.86250000,2657.40050000,LOW_VOLUME_NODE
91634.60000000,0.03100000,0.01900000,0.01200000,1741.05860000,1099.61540000,LOW_VOLUME_NODE
91634.70000000,0.06400000,0.01100000,0.05300000,1007.98280000,4856.64440000,LOW_VOLUME_NODE
91634.80000000,0.13100000,0.02100000,0.11000000,1924.33290000,10079.83900000,LOW_VOLUME_NODE
91634.90000000,0.14900000,0.03000000,0.11900000,2749.05000000,10904.56500000,LOW_VOLUME_NODE
91635.20000000,0.16000000,0.01000000,0.15000000,916.35300000,13745.29500000,LOW_VOLUME_NODE
91635.30000000,0.04900000,0.01000000,0.03900000,916.35400000,3573.78060000,LOW_VOLUME_NODE
91635.40000000,0.10100000,0.01300000,0.08800000,1191.26150000,8063.92400000,LOW_VOLUME_NODE
91635.60000000,0.16800000,0.11100000,0.05700000,10171.55480000,5223.23160000,LOW_VOLUME_NODE
91635.70000000,0.05500000,0.04900000,0.00600000,4490.15420000,549.81480000,LOW_VOLUME_NODE
91635.80000000,0.13700000,0.00500000,0.13200000,458.17950000,12095.93880000,LOW_VOLUME_NODE
91636.20000000,0.09600000,0.03900000,0.05700000,3573.81570000,5223.26910000,LOW_VOLUME_NODE
91636.30000000,0.24700000,0.02700000,0.22000000,2474.18280000,20160.00800000,LOW_VOLUME_NODE
91636.60000000,0.25900000,0.09600000,0.16300000,8797.11990000,14936.77900000,LOW_VOLUME_NODE
91636.70000000,0.10900000,0.06500000,0.04400000,5956.39200000,4032.01920000,LOW_VOLUME_NODE
91636.80000000,0.05500000,0.02100000,0.03400000,1924.37490000,3115.65460000,LOW_VOLUME_NODE
91636.90000000,0.08300000,0.04900000,0.03400000,4490.21300000,3115.65800000,LOW_VOLUME_NODE
91637.20000000,0.20600000,0.13600000,0.07000000,12462.67280000,6414.61100000,LOW_VOLUME_NODE
91637.60000000,0.09800000,0.06400000,0.03400000,5864.81100000,3115.68070000,LOW_VOLUME_NODE
91637.70000000,0.10000000,0.05100000,0.04900000,4673.52780000,4490.25220000,LOW_VOLUME_NODE
91637.90000000,0.25300000,0.13800000,0.11500000,12646.04400000,10538.37000000,LOW_VOLUME_NODE
91638.20000000,0.09000000,0.06800000,0.02200000,6231.40440000,2016.04260000,LOW_VOLUME_NODE
91638.30000000,0.09500000,0.03100000,0.06400000,2840.79040000,5864.85760000,LOW_VOLUME_NODE
91638.40000000,0.02800000,0.00800000,0.02000000,733.10800000,1832.77000000,LOW_VOLUME_NODE
91638.60000000,0.19600000,0.14200000,0.05400000,13012.68410000,4948.48910000,LOW_VOLUME_NODE
91638.70000000,0.26900000,0.03600000,0.23300000,3298.99680000,21351.84040000,LOW_VOLUME_NODE
91639.10000000,0.39100000,0.05400000,0.33700000,4948.51420000,30882.40780000,LOW_VOLUME_NODE
91639.40000000,0.04100000,0.02800000,0.01300000,2565.90600000,1191.31350000,LOW_VOLUME_NODE
91639.60000000,0.08500000,0.06200000,0.02300000,5681.65700000,2107.71180000,LOW_VOLUME_NODE
91639.70000000,0.37500000,0.06400000,0.31100000,5864.94720000,28499.97780000,LOW_VOLUME_NODE
91639.80000000,0.43300000,0.02000000,0.41300000,1832.79800000,37847.27870000,LOW_VOLUME_NODE
91640.20000000,0.03000000,0.00000000,0.03000000,0.00000000,2749.20900000,LOW_VOLUME_NODE
91640.30000000,0.02900000,0.01700000,0.01200000,1557.88680000,1099.68480000,LOW_VOLUME_NODE
91640.40000000,0.14000000,0.01900000,0.12100000,1741.16950000,11088.50050000,LOW_VOLUME_NODE
91640.80000000,0.02500000,0.01100000,0.01400000,1008.04990000,1282.97260000,LOW_VOLUME_NODE
91640.90000000,0.11600000,0.03000000,0.08600000,2749.23000000,7881.12600000,LOW_VOLUME_NODE
91641.10000000,0.12000000,0.01700000,0.10300000,1557.89960000,9439.04290000,LOW_VOLUME_NODE
91641.20000000,0.08400000,0.05100000,0.03300000,4673.70630000,3024.16290000,LOW_VOLUME_NODE
91641.30000000,0.16100000,0.01200000,0.14900000,1099.69680000,13654.56860000,LOW_VOLUME_NODE
91641.40000000,0.06700000,0.01300000,0.05400000,1191.33950000,4948.64100000,LOW_VOLUME_NODE
91641.60000000,0.28400000,0.03200000,0.25200000,2932.53170000,23093.69980000,LOW_VOLUME_NODE
91641.70000000,0.01000000,0.00300000,0.00700000,274.92540000,641.49260000,LOW_VOLUME_NODE
91641.80000000,0.06200000,0.05100000,0.01100000,4673.73690000,1008.06090000,LOW_VOLUME_NODE
91641.90000000,0.04100000,0.02600000,0.01500000,2382.69200000,1374.63000000,LOW_VOLUME_NODE
91642.10000000,0.05100000,0.02300000,0.02800000,2107.77060000,2565.98010000,LOW_VOLUME_NODE
91642.20000000,0.05500000,0.00700000,0.04800000,641.49610000,4398.83040000,LOW_VOLUME_NODE
91642.30000000,0.07000000,0.01100000,0.05900000,1008.06640000,5406.90160000,LOW_VOLUME_NODE
91642.40000000,0.38900000,0.12700000,0.26200000,11638.59750000,24010.33500000,LOW_VOLUME_NODE
91642.70000000,0.39300000,0.04500000,0.34800000,4123.92600000,31891.69440000,LOW_VOLUME_NODE
91642.90000000,0.06100000,0.00900000,0.05200000,824.78700000,4765.43600000,LOW_VOLUME_NODE
91643.10000000,0.39600000,0.05700000,0.33900000,5223.65980000,31067.04440000,LOW_VOLUME_NODE
91643.40000000,0.19500000,0.01300000,0.18200000,1191.36550000,16679.11700000,LOW_VOLUME_NODE
91643.70000000,0.02700000,0.02000000,0.00700000,1832.87600000,641.50660000,LOW_VOLUME_NODE
91643.80000000,0.02600000,0.01700000,0.00900000,1557.94630000,824.79510000,LOW_VOLUME_NODE
91643.90000000,0.02700000,0.01800000,0.00900000,1649.59200000,824.79600000,LOW_VOLUME_NODE
91644.10000000,0.14800000,0.13500000,0.01300000,12371.96650000,1191.37390000,LOW_VOLUME_NODE
91644.20000000,0.04800000,0.03100000,0.01700000,2840.97330000,1557.95310000,LOW_VOLUME_NODE
91644.30000000,0.01200000,0.00900000,0.00300000,824.79960000,274.93320000,LOW_VOLUME_NODE
91644.60000000,0.34300000,0.19600000,0.14700000,17962.34530000,13471.76870000,LOW_VOLUME_NODE
91644.70000000,0.04300000,0.02100000,0.02200000,1924.54080000,2016.18560000,LOW_VOLUME_NODE
91644.80000000,0.04000000,0.03700000,0.00300000,3390.86130000,274.93470000,LOW_VOLUME_NODE
91644.90000000,0.29500000,0.27000000,0.02500000,24744.15000000,2291.12500000,LOW_VOLUME_NODE
91645.10000000,0.15800000,0.14600000,0.01200000,13380.19840000,1099.74150000,LOW_VOLUME_NODE
91645.20000000,0.01400000,0.01100000,0.00300000,1008.09830000,274.93590000,LOW_VOLUME_NODE
91645.30000000,0.01400000,0.00600000,0.00800000,549.87240000,733.16320000,LOW_VOLUME_NODE
91645.40000000,0.01900000,0.01500000,0.00400000,1374.68250000,366.58200000,LOW_VOLUME_NODE
91645.70000000,0.04400000,0.02400000,0.02000000,2199.49920000,1832.91600000,LOW_VOLUME_NODE
91645.80000000,0.05000000,0.00800000,0.04200000,733.16720000,3849.12780000,LOW_VOLUME_NODE
91645.90000000,0.15500000,0.04200000,0.11300000,3849.13200000,10355.99800000,LOW_VOLUME_NODE
91646.20000000,0.01500000,0.00300000,0.01200000,274.93890000,1099.75560000,LOW_VOLUME_NODE
91646.70000000,0.03100000,0.00700000,0.02400000,641.52760000,2199.52320000,LOW_VOLUME_NODE
91646.80000000,0.03200000,0.01100000,0.02100000,1008.11590000,1924.58490000,LOW_VOLUME_NODE
91647.20000000,0.30400000,0.11700000,0.18700000,10722.73410000,17138.04510000,LOW_VOLUME_NODE
91647.40000000,0.02200000,0.01100000,0.01100000,1008.12250000,1008.12250000,LOW_VOLUME_NODE
91647.60000000,0.17200000,0.14900000,0.02300000,13655.50640000,2107.89630000,LOW_VOLUME_NODE
91647.80000000,0.36500000,0.30100000,0.06400000,27586.01790000,5865.46560000,LOW_VOLUME_NODE
91647.90000000,0.09700000,0.07200000,0.02500000,6598.65600000,2291.20000000,LOW_VOLUME_NODE
91648.10000000,0.06100000,0.04700000,0.01400000,4307.46340000,1283.07360000,LOW_VOLUME_NODE
91648.20000000,0.01100000,0.00000000,0.01100000,0.00000000,1008.13130000,LOW_VOLUME_NODE
91648.30000000,0.03600000,0.01800000,0.01800000,1649.67120000,1649.67120000,LOW_VOLUME_NODE
91648.40000000,0.11400000,0.02000000,0.09400000,1832.97000000,8614.95900000,LOW_VOLUME_NODE
91648.60000000,0.43700000,0.03400000,0.40300000,3116.05580000,36934.38730000,LOW_VOLUME_NODE
91648.70000000,0.36800000,0.04600000,0.32200000,4215.84480000,29510.91360000,LOW_VOLUME_NODE
91648.90000000,0.10000000,0.08600000,0.01400000,7881.81400000,1283.08600000,LOW_VOLUME_NODE
91649.10000000,0.07500000,0.03800000,0.03700000,3482.66860000,3391.01910000,LOW_VOLUME_NODE
91649.20000000,0.02200000,0.01000000,0.01200000,916.49300000,1099.79160000,LOW_VOLUME_NODE
91649.30000000,0.04200000,0.00500000,0.03700000,458.24700000,3391.02780000,LOW_VOLUME_NODE
91649.40000000,0.13800000,0.03700000,0.10100000,3391.03150000,9256.59950000,LOW_VOLUME_NODE
91649.60000000,0.44400000,0.13500000,0.30900000,12372.70890000,28319.72750000,LOW_VOLUME_NODE
91649.70000000,0.03100000,0.01700000,0.01400000,1558.04660000,1283.09720000,LOW_VOLUME_NODE
91650.70000000,0.15100000,0.01900000,0.13200000,1741.36520000,12097.90560000,LOW_VOLUME_NODE
91650.80000000,0.08100000,0.01600000,0.06500000,1466.41440000,5957.30850000,LOW_VOLUME_NODE
91650.90000000,0.26300000,0.04400000,0.21900000,4032.64400000,20071.56900000,LOW_VOLUME_NODE
91651.10000000,0.49200000,0.02600000,0.46600000,2382.93020000,42709.45790000,LOW_VOLUME_NODE
91651.30000000,0.16800000,0.03500000,0.13300000,3207.79900000,12189.63620000,LOW_VOLUME_NODE
91651.70000000,0.02800000,0.00400000,0.02400000,366.60720000,2199.64320000,LOW_VOLUME_NODE
91651.80000000,0.06900000,0.04800000,0.02100000,4399.29120000,1924.68990000,LOW_VOLUME_NODE
91651.90000000,0.04300000,0.01700000,0.02600000,1558.08400000,2382.95200000,LOW_VOLUME_NODE
91652.20000000,0.10100000,0.01400000,0.08700000,1283.13220000,7973.75010000,LOW_VOLUME_NODE
91652.30000000,0.25500000,0.15000000,0.10500000,13747.86000000,9623.50200000,LOW_VOLUME_NODE
91652.40000000,0.02600000,0.01800000,0.00800000,1649.74500000,733.22000000,LOW_VOLUME_NODE
91652.60000000,0.20800000,0.04300000,0.16500000,3941.06460000,15122.69240000,LOW_VOLUME_NODE
91652.90000000,0.08500000,0.02800000,0.05700000,2566.28400000,5224.22100000,LOW_VOLUME_NODE
91653.10000000,0.04400000,0.03400000,0.01000000,3116.20750000,916.53180000,LOW_VOLUME_NODE
91653.20000000,0.03300000,0.01400000,0.01900000,1283.14620000,1741.41270000,LOW_VOLUME_NODE
91653.30000000,0.11700000,0.01000000,0.10700000,916.53400000,9806.91380000,LOW_VOLUME_NODE
91653.40000000,0.03200000,0.02100000,0.01100000,1924.72350000,1008.18850000,LOW_VOLUME_NODE
91653.90000000,0.08200000,0.07100000,0.01100000,6507.43400000,1008.19400000,LOW_VOLUME_NODE
91654.10000000,0.34900000,0.13800000,0.21100000,12648.27870000,19339.01580000,LOW_VOLUME_NODE
91654.20000000,0.03500000,0.02200000,0.01300000,2016.39460000,1191.50590000,LOW_VOLUME_NODE
91654.70000000,0.20400000,0.00200000,0.20200000,183.30960000,18514.26960000,LOW_VOLUME_NODE
91654.80000000,0.24700000,0.02100000,0.22600000,1924.75290000,20714.00740000,LOW_VOLUME_NODE
91655.40000000,0.22000000,0.11900000,0.10100000,10907.00450000,9257.20550000,LOW_VOLUME_NODE
91655.70000000,0.02900000,0.01600000,0.01300000,1466.49280000,1191.52540000,LOW_VOLUME_NODE
91656.10000000,0.07400000,0.04000000,0.03400000,3666.24550000,3116.30870000,LOW_VOLUME_NODE
91656.20000000,0.06300000,0.00900000,0.05400000,824.90670000,4949.44020000,LOW_VOLUME_NODE
91656.30000000,0.30700000,0.00600000,0.30100000,549.93840000,27588.57640000,LOW_VOLUME_NODE
91656.70000000,0.06800000,0.02800000,0.04000000,2566.39040000,3666.27200000,LOW_VOLUME_NODE
91657.20000000,0.05300000,0.03300000,0.02000000,3024.69090000,1833.14600000,LOW_VOLUME_NODE
91657.30000000,0.19100000,0.06000000,0.13100000,5499.44400000,12007.11940000,LOW_VOLUME_NODE
91657.40000000,0.02500000,0.00800000,0.01700000,733.26000000,1558.17750000,LOW_VOLUME_NODE
91657.80000000,0.30400000,0.29900000,0.00500000,27405.71210000,458.28950000,LOW_VOLUME_NODE
91657.90000000,0.08800000,0.02600000,0.06200000,2383.10800000,5682.79600000,LOW_VOLUME_NODE
91658.20000000,0.04800000,0.01200000,0.03600000,1099.89960000,3299.69880000,LOW_VOLUME_NODE
91658.30000000,0.29000000,0.01500000,0.27500000,1374.87600000,25206.06000000,LOW_VOLUME_NODE
91658.40000000,0.26900000,0.03600000,0.23300000,3299.70600000,21356.43050000,LOW_VOLUME_NODE
91658.80000000,0.29000000,0.27600000,0.01400000,25297.85640000,1283.22460000,LOW_VOLUME_NODE
91659.20000000,0.49700000,0.48200000,0.01500000,44179.78260000,1374.88950000,LOW_VOLUME_NODE
91659.30000000,0.17600000,0.02000000,0.15600000,1833.18800000,14298.86640000,LOW_VOLUME_NODE
91660.20000000,0.11100000,0.05000000,0.06100000,4583.01500000,5591.27830000,LOW_VOLUME_NODE
91660.30000000,0.11100000,0.02100000,0.09000000,1924.86840000,8249.43600000,LOW_VOLUME_NODE
91660.40000000,0.04700000,0.01800000,0.02900000,1649.88900000,2658.15450000,LOW_VOLUME_NODE
91660.60000000,0.07700000,0.01900000,0.05800000,1741.55270000,5316.31680000,LOW_VOLUME_NODE
91660.70000000,0.03100000,0.01200000,0.01900000,1099.92960000,1741.55520000,LOW_VOLUME_NODE
91660.80000000,0.50400000,0.00300000,0.50100000,274.98270000,45922.11090000,LOW_VOLUME_NODE
91660.90000000,0.02200000,0.00800000,0.01400000,733.28800000,1283.25400000,LOW_VOLUME_NODE
91661.10000000,0.30700000,0.23500000,0.07200000,21540.36040000,6599.60070000,LOW_VOLUME_NODE
91661.20000000,0.08900000,0.07500000,0.01400000,6874.59750000,1283.25820000,LOW_VOLUME_NODE
91661.30000000,0.36600000,0.02400000,0.34200000,2199.87360000,31348.19880000,LOW_VOLUME_NODE
91661.40000000,0.08700000,0.01100000,0.07600000,1008.27650000,6966.27400000,LOW_VOLUME_NODE
91661.60000000,0.07700000,0.02000000,0.05700000,1833.23290000,5224.71430000,LOW_VOLUME_NODE
91661.70000000,0.17800000,0.01300000,0.16500000,1191.60340000,15124.19700000,LOW_VOLUME_NODE
91662.20000000,0.06300000,0.00900000,0.05400000,824.96070000,4949.76420000,LOW_VOLUME_NODE
91662.30000000,0.06900000,0.01400000,0.05500000,1283.27360000,5041.43200000,LOW_VOLUME_NODE
91662.40000000,0.09800000,0.09000000,0.00800000,8249.62500000,733.30000000,LOW_VOLUME_NODE
91662.60000000,0.18000000,0.05000000,0.13000000,4583.13190000,11916.14150000,LOW_VOLUME_NODE
91662.70000000,0.07400000,0.01000000,0.06400000,916.62800000,5866.41920000,LOW_VOLUME_NODE
91663.10000000,0.12300000,0.02300000,0.10000000,2108.25210000,9166.31070000,LOW_VOLUME_NODE
91663.30000000,0.03500000,0.01600000,0.01900000,1466.61440000,1741.60460000,LOW_VOLUME_NODE
91663.40000000,0.17800000,0.01600000,0.16200000,1466.61600000,14849.48700000,LOW_VOLUME_NODE
91663.60000000,0.04400000,0.01800000,0.02600000,1649.94540000,2383.25550000,LOW_VOLUME_NODE
91663.70000000,0.07900000,0.06100000,0.01800000,5591.49180000,1649.94840000,LOW_VOLUME_NODE
91663.80000000,0.15600000,0.01300000,0.14300000,1191.63070000,13107.93770000,LOW_VOLUME_NODE
91664.10000000,0.24900000,0.16600000,0.08300000,15216.24260000,7608.12220000,LOW_VOLUME_NODE
91664.20000000,0.01900000,0.00800000,0.01100000,733.31440000,1008.30730000,LOW_VOLUME_NODE
91664.40000000,0.22200000,0.05300000,0.16900000,4858.21850000,15491.30050000,LOW_VOLUME_NODE
91665.10000000,0.29400000,0.08000000,0.21400000,7333.20850000,19616.35070000,LOW_VOLUME_NODE
91665.40000000,0.07100000,0.06600000,0.00500000,6049.92300000,458.32750000,LOW_VOLUME_NODE
91665.60000000,0.20800000,0.06400000,0.14400000,5866.60150000,13199.85730000,LOW_VOLUME_NODE
91666.20000000,0.01300000,0.00500000,0.00800000,458.33150000,733.33040000,LOW_VOLUME_NODE
91666.30000000,0.07400000,0.02100000,0.05300000,1924.99440000,4858.31920000,LOW_VOLUME_NODE
91666.40000000,0.16100000,0.01200000,0.14900000,1099.99800000,13658.30850000,LOW_VOLUME_NODE
91666.60000000,0.48100000,0.30500000,0.17600000,27958.31710000,16133.32550000,LOW_VOLUME_NODE
91666.80000000,0.06500000,0.01100000,0.05400000,1008.33590000,4950.01260000,LOW_VOLUME_NODE
91666.90000000,0.22500000,0.04900000,0.17600000,4491.68300000,16133.39200000,LOW_VOLUME_NODE
91667.20000000,0.01900000,0.00500000,0.01400000,458.33650000,1283.34220000,LOW_VOLUME_NODE
91667.30000000,0.07900000,0.01400000,0.06500000,1283.34360000,5958.38100000,LOW_VOLUME_NODE
91667.40000000,0.08800000,0.07000000,0.01800000,6416.72500000,1650.01500000,LOW_VOLUME_NODE
91667.70000000,0.03300000,0.01000000,0.02300000,916.67800000,2108.35940000,LOW_VOLUME_NODE
91667.80000000,0.04400000,0.02300000,0.02100000,2108.36170000,1925.02590000,LOW_VOLUME_NODE
91667.90000000,0.47900000,0.19200000,0.28700000,17600.25600000,26308.71600000,LOW_VOLUME_NODE
91668.20000000,0.17600000,0.16100000,0.01500000,14758.59630000,1375.02450000,LOW_VOLUME_NODE
91669.20000000,0.21000000,0.06100000,0.14900000,5591.82730000,13658.72570000,LOW_VOLUME_NODE
91669.40000000,0.13300000,0.02000000,0.11300000,1833.39000000,10358.65350000,LOW_VOLUME_NODE
91669.60000000,0.44500000,0.02500000,0.42000000,2291.74060000,38501.23470000,LOW_VOLUME_NODE
91670.30000000,0.20700000,0.18800000,0.01900000,17234.03520000,1741.73760000,LOW_VOLUME_NODE
91670.40000000,0.12700000,0.00700000,0.12000000,641.69350000,11000.46000000,LOW_VOLUME_NODE
91670.70000000,0.20300000,0.12300000,0.08000000,11275.50840000,7333.66400000,LOW_VOLUME_NODE
91670.90000000,0.10600000,0.09600000,0.01000000,8800.41600000,916.71000000,LOW_VOLUME_NODE
91671.20000000,0.07500000,0.03400000,0.04100000,3116.82420000,3758.52330000,LOW_VOLUME_NODE
91671.40000000,0.22800000,0.12300000,0.10500000,11275.59450000,9625.50750000,LOW_VOLUME_NODE
91671.80000000,0.08600000,0.02800000,0.05800000,2566.81320000,5316.97020000,LOW_VOLUME_NODE
91671.90000000,0.24200000,0.01800000,0.22400000,1650.09600000,20534.52800000,LOW_VOLUME_NODE
91672.20000000,0.23700000,0.04700000,0.19000000,4308.59810000,17417.73700000,LOW_VOLUME_NODE
91672.40000000,0.44400000,0.39100000,0.05300000,35843.94750000,4858.64250000,LOW_VOLUME_NODE
91672.90000000,0.52200000,0.10800000,0.41400000,9900.68400000,37952.62200000,LOW_VOLUME_NODE
91674.30000000,0.04900000,0.01100000,0.03800000,1008.41840000,3483.62720000,LOW_VOLUME_NODE
91674.80000000,0.35300000,0.07100000,0.28200000,6508.91790000,25852.32180000,LOW_VOLUME_NODE
91675.20000000,0.14000000,0.05700000,0.08300000,5225.49210000,7609.04990000,LOW_VOLUME_NODE
91675.80000000,0.49700000,0.27800000,0.21900000,25485.90020000,20077.02210000,LOW_VOLUME_NODE
91675.90000000,0.32500000,0.17100000,0.15400000,15676.59600000,14118.10400000,LOW_VOLUME_NODE
91677.70000000,0.02200000,0.01900000,0.00300000,1741.87820000,275.03340000,LOW_VOLUME_NODE
91678.70000000,0.12200000,0.08700000,0.03500000,7976.05560000,3208.75800000,LOW_VOLUME_NODE
91678.80000000,0.38500000,0.14700000,0.23800000,13476.79830000,21819.57820000,LOW_VOLUME_NODE
91679.30000000,0.32400000,0.29000000,0.03400000,26587.02600000,3117.09960000,LOW_VOLUME_NODE
91679.40000000,0.03200000,0.03200000,0.00000000,2933.74400000,0.00000000,LOW_VOLUME_NODE
91680.70000000,0.36300000,0.21200000,0.15100000,19436.32960000,13843.80080000,LOW_VOLUME_NODE
91680.80000000,0.22900000,0.18000000,0.04900000,16502.56200000,4492.36410000,LOW_VOLUME_NODE
91681.20000000,0.13400000,0.11800000,0.01600000,10818.39340000,1466.90080000,LOW_VOLUME_NODE
91681.70000000,0.18100000,0.14100000,0.04000000,12927.13380000,3667.27200000,LOW_VOLUME_NODE
91681.80000000,0.12200000,0.00900000,0.11300000,825.13710000,10360.05470000,LOW_VOLUME_NODE
91681.90000000,0.20500000,0.16900000,0.03600000,15494.25800000,3300.55200000,LOW_VOLUME_NODE
91682.10000000,0.33600000,0.11800000,0.21800000,10818.49120000,19986.70960000,LOW_VOLUME_NODE
91682.30000000,0.18300000,0.02300000,0.16000000,2108.69520000,14669.18400000,LOW_VOLUME_NODE
91684.10000000,0.52200000,0.07000000,0.45200000,6417.89040000,41441.23090000,LOW_VOLUME_NODE
91684.20000000,0.04100000,0.02400000,0.01700000,2200.42320000,1558.63310000,LOW_VOLUME_NODE
91684.30000000,0.28200000,0.14300000,0.13900000,13110.86920000,12744.13160000,LOW_VOLUME_NODE
91684.70000000,0.41600000,0.20500000,0.21100000,18795.38400000,19345.49280000,LOW_VOLUME_NODE
91684.80000000,0.39200000,0.16600000,0.22600000,15219.69340000,20720.78740000,LOW_VOLUME_NODE
91685.40000000,0.27200000,0.12800000,0.14400000,11735.74400000,13202.71200000,LOW_VOLUME_NODE
91685.70000000,0.41500000,0.18400000,0.23100000,16870.18720000,21179.41980000,LOW_VOLUME_NODE
91686.20000000,0.51400000,0.13600000,0.37800000,12469.33680000,34657.42140000,LOW_VOLUME_NODE
91687.40000000,0.29400000,0.14000000,0.15400000,12836.25000000,14119.87500000,LOW_VOLUME_NODE
91687.70000000,0.42600000,0.04300000,0.38300000,3942.57540000,35116.42740000,LOW_VOLUME_NODE
91688.40000000,0.13700000,0.07500000,0.06200000,6876.63750000,5684.68700000,LOW_VOLUME_NODE
91688.70000000,0.20700000,0.02700000,0.18000000,2475.59760000,16503.98400000,LOW_VOLUME_NODE
91689.70000000,0.06500000,0.02800000,0.03700000,2567.31440000,3392.52260000,LOW_VOLUME_NODE
91690.70000000,0.20300000,0.06000000,0.14300000,5501.44800000,13111.78440000,LOW_VOLUME_NODE
91691.20000000,0.32800000,0.07200000,0.25600000,6601.77360000,23472.97280000,LOW_VOLUME_NODE
91691.40000000,0.34200000,0.06500000,0.27700000,5959.94750000,25398.54550000,LOW_VOLUME_NODE
91691.80000000,0.36700000,0.28300000,0.08400000,25948.80770000,7702.11960000,LOW_VOLUME_NODE
91692.20000000,0.23200000,0.11400000,0.11800000,10452.92220000,10819.69140000,LOW_VOLUME_NODE
91692.30000000,0.05600000,0.03100000,0.02500000,2842.46440000,2292.31000000,LOW_VOLUME_NODE
91692.70000000,0.12200000,0.10300000,0.01900000,9444.35840000,1742.16320000,LOW_VOLUME_NODE
91692.90000000,0.16900000,0.12900000,0.04000000,11828.39700000,3667.72000000,LOW_VOLUME_NODE
91693.10000000,0.34200000,0.12800000,0.21400000,11736.72330000,19622.32940000,LOW_VOLUME_NODE
91693.20000000,0.05700000,0.03400000,0.02300000,3117.57220000,2108.94590000,LOW_VOLUME_NODE
91693.80000000,0.26600000,0.01800000,0.24800000,1650.49020000,22740.08720000,LOW_VOLUME_NODE
91694.20000000,0.12800000,0.03800000,0.09000000,3484.38340000,8252.48700000,LOW_VOLUME_NODE
91694.70000000,0.45900000,0.07400000,0.38500000,6785.41520000,35302.49800000,LOW_VOLUME_NODE
91695.20000000,0.25300000,0.04300000,0.21000000,3942.89790000,19256.01300000,LOW_VOLUME_NODE
91695.70000000,0.50500000,0.03800000,0.46700000,3484.44040000,42821.93860000,LOW_VOLUME_NODE
91697.20000000,0.17700000,0.04300000,0.13400000,3942.98390000,12287.43820000,LOW_VOLUME_NODE
91697.60000000,0.36600000,0.21600000,0.15000000,19806.68400000,13754.64580000,LOW_VOLUME_NODE
91697.90000000,0.26900000,0.15800000,0.11100000,14488.28400000,10178.47800000,LOW_VOLUME_NODE
91698.80000000,0.03600000,0.00600000,0.03000000,550.19340000,2750.96700000,LOW_VOLUME_NODE
91698.90000000,0.17900000,0.16100000,0.01800000,14763.53900000,1650.58200000,LOW_VOLUME_NODE
91699.10000000,0.47500000,0.13600000,0.33900000,12471.08920000,31085.99930000,LOW_VOLUME_NODE
91699.40000000,0.41900000,0.31800000,0.10100000,29160.44100000,9261.64950000,LOW_VOLUME_NODE
91699.60000000,0.33800000,0.07300000,0.26500000,6694.07340000,24300.40840000,LOW_VOLUME_NODE
91699.70000000,0.36000000,0.13400000,0.22600000,12287.77320000,20724.15480000,LOW_VOLUME_NODE
91700.40000000,0.28000000,0.02400000,0.25600000,2200.81200000,23475.32800000,LOW_VOLUME_NODE
91700.60000000,0.26700000,0.05500000,0.21200000,5043.53550000,19440.52830000,LOW_VOLUME_NODE
91701.20000000,0.19700000,0.07000000,0.12700000,6419.09100000,11646.06510000,LOW_VOLUME_NODE
91701.30000000,0.15900000,0.03200000,0.12700000,2934.44480000,11646.07780000,LOW_VOLUME_NODE
91701.40000000,0.18400000,0.11300000,0.07100000,10362.26950000,6510.80650000,LOW_VOLUME_NODE
91701.60000000,0.24800000,0.10700000,0.14100000,9812.07520000,12929.93720000,LOW_VOLUME_NODE
91703.20000000,0.09300000,0.07000000,0.02300000,6419.23100000,2109.17590000,LOW_VOLUME_NODE
91703.30000000,0.20000000,0.11300000,0.08700000,10362.48420000,7978.19580000,LOW_VOLUME_NODE
91703.40000000,0.09700000,0.05400000,0.04300000,4951.98900000,3943.25050000,LOW_VOLUME_NODE
91703.70000000,0.22400000,0.04900000,0.17500000,4493.48620000,16048.16500000,LOW_VOLUME_NODE
91703.80000000,0.35500000,0.26500000,0.09000000,24301.53350000,8253.35100000,LOW_VOLUME_NODE
91703.90000000,0.33400000,0.16000000,0.17400000,14672.64000000,15956.49600000,LOW_VOLUME_NODE
91704.80000000,0.08000000,0.03800000,0.04200000,3484.78620000,3851.60580000,LOW_VOLUME_NODE
91704.90000000,0.14500000,0.08300000,0.06200000,7611.51500000,5685.71000000,LOW_VOLUME_NODE
91705.20000000,0.34400000,0.09800000,0.24600000,8987.11940000,22559.50380000,LOW_VOLUME_NODE
91705.80000000,0.22000000,0.03300000,0.18700000,3026.29470000,17149.00330000,LOW_VOLUME_NODE
91706.30000000,0.33800000,0.19800000,0.14000000,18157.86720000,12838.89600000,LOW_VOLUME_NODE
91706.40000000,0.12900000,0.03000000,0.09900000,2751.19500000,9078.94350000,LOW_VOLUME_NODE
91706.60000000,0.20300000,0.05700000,0.14600000,5227.27930000,13389.17030000,LOW_VOLUME_NODE
91706.70000000,0.13000000,0.08100000,0.04900000,7428.25080000,4493.63320000,LOW_VOLUME_NODE
91707.60000000,0.38500000,0.07600000,0.30900000,6969.77920000,28337.67000000,LOW_VOLUME_NODE
91707.80000000,0.50400000,0.05000000,0.45400000,4585.39500000,41635.38660000,LOW_VOLUME_NODE
91708.20000000,0.06800000,0.03200000,0.03600000,2934.66560000,3301.49880000,LOW_VOLUME_NODE
91708.90000000,0.22100000,0.13700000,0.08400000,12564.13300000,7703.55600000,LOW_VOLUME_NODE
91709.30000000,0.16200000,0.02100000,0.14100000,1925.89740000,12931.02540000,LOW_VOLUME_NODE
91709.40000000,0.02200000,0.01300000,0.00900000,1192.22350000,825.38550000,LOW_VOLUME_NODE
91711.60000000,0.37500000,0.05700000,0.31800000,5227.56300000,29164.30490000,LOW_VOLUME_NODE
91712.90000000,0.09300000,0.05000000,0.04300000,4585.65000000,3943.65900000,LOW_VOLUME_NODE
91713.30000000,0.14700000,0.06800000,0.07900000,6236.51120000,7245.35860000,LOW_VOLUME_NODE
91713.70000000,0.16600000,0.02400000,0.14200000,2201.13120000,13023.35960000,LOW_VOLUME_NODE
91713.80000000,0.03300000,0.00900000,0.02400000,825.42510000,2201.13360000,LOW_VOLUME_NODE
91713.90000000,0.49200000,0.01600000,0.47600000,1467.42400000,43655.86400000,LOW_VOLUME_NODE
91715.40000000,0.14400000,0.08500000,0.05900000,7795.81750000,5411.21450000,LOW_VOLUME_NODE
91715.70000000,0.28100000,0.11500000,0.16600000,10547.31700000,15224.82280000,LOW_VOLUME_NODE
91716.20000000,0.07200000,0.02600000,0.04600000,2384.62380000,4218.94980000,LOW_VOLUME_NODE
91716.30000000,0.07000000,0.05000000,0.02000000,4585.82000000,1834.32800000,LOW_VOLUME_NODE
91716.40000000,0.37100000,0.02400000,0.34700000,2201.19600000,31825.62550000,LOW_VOLUME_NODE
91716.70000000,0.07000000,0.03400000,0.03600000,3118.37120000,3301.80480000,LOW_VOLUME_NODE
91716.80000000,0.05900000,0.01700000,0.04200000,1559.18730000,3852.10980000,LOW_VOLUME_NODE
91716.90000000,0.09400000,0.02200000,0.07200000,2017.77400000,6603.62400000,LOW_VOLUME_NODE
91717.20000000,0.37000000,0.04300000,0.32700000,3943.84390000,29991.55710000,LOW_VOLUME_NODE
91717.80000000,0.32500000,0.08700000,0.23800000,7979.45730000,21828.86020000,LOW_VOLUME_NODE
91718.40000000,0.16400000,0.14800000,0.01600000,13574.33800000,1467.49600000,LOW_VOLUME_NODE
91719.20000000,0.09500000,0.03900000,0.05600000,3577.05270000,5136.28080000,LOW_VOLUME_NODE
91719.40000000,0.06700000,0.05000000,0.01700000,4585.97500000,1559.23150000,LOW_VOLUME_NODE
91719.70000000,0.39600000,0.02300000,0.37300000,2109.55540000,34211.48540000,LOW_VOLUME_NODE
91720.70000000,0.16100000,0.14200000,0.01900000,13024.35360000,1742.69520000,LOW_VOLUME_NODE
91721.80000000,0.14300000,0.01200000,0.13100000,1100.66280000,12015.56890000,LOW_VOLUME_NODE
91721.90000000,0.25900000,0.01100000,0.24800000,1008.94200000,22747.05600000,LOW_VOLUME_NODE
91723.70000000,0.14800000,0.01900000,0.12900000,1742.75220000,11832.37020000,LOW_VOLUME_NODE
91724.20000000,0.38100000,0.03300000,0.34800000,3026.90190000,31920.05640000,LOW_VOLUME_NODE
91726.20000000,0.05200000,0.01700000,0.03500000,1559.34710000,3210.42050000,LOW_VOLUME_NODE
91726.80000000,0.12500000,0.09900000,0.02600000,9080.96310000,2384.89940000,LOW_VOLUME_NODE
91727.40000000,0.13400000,0.11300000,0.02100000,10365.20750000,1926.27750000,LOW_VOLUME_NODE
91727.70000000,0.13500000,0.11200000,0.02300000,10273.51360000,2109.73940000,LOW_VOLUME_NODE
91727.80000000,0.43300000,0.02000000,0.41300000,1834.55800000,37883.62270000,LOW_VOLUME_NODE
91728.80000000,0.17700000,0.12500000,0.05200000,11466.11250000,4769.90280000,LOW_VOLUME_NODE
91729.30000000,0.19500000,0.14000000,0.05500000,12842.11600000,5045.11700000,LOW_VOLUME_NODE
91729.40000000,0.18900000,0.02600000,0.16300000,2384.96700000,14951.90850000,LOW_VOLUME_NODE
91730.30000000,0.38200000,0.09500000,0.28700000,8714.38800000,26326.62480000,LOW_VOLUME_NODE
91730.40000000,0.48800000,0.02000000,0.46800000,1834.61000000,42929.87400000,LOW_VOLUME_NODE
91731.20000000,0.03400000,0.01700000,0.01700000,1559.43210000,1559.43210000,LOW_VOLUME_NODE
91731.30000000,0.03900000,0.02700000,0.01200000,2476.74780000,1100.77680000,LOW_VOLUME_NODE
91731.40000000,0.23700000,0.01900000,0.21800000,1742.89850000,19997.46700000,LOW_VOLUME_NODE
91732.40000000,0.41700000,0.07900000,0.33800000,7246.86750000,31005.58500000,LOW_VOLUME_NODE
91733.10000000,0.51500000,0.09100000,0.42400000,8347.71950000,38894.86920000,LOW_VOLUME_NODE
91733.40000000,0.16800000,0.01600000,0.15200000,1467.73600000,13943.49200000,LOW_VOLUME_NODE
91734.20000000,0.06200000,0.00300000,0.05900000,275.20290000,5412.32370000,LOW_VOLUME_NODE
91734.30000000,0.35700000,0.13900000,0.21800000,12751.08160000,19998.09920000,LOW_VOLUME_NODE
91734.40000000,0.41400000,0.09000000,0.32400000,8256.10500000,29721.97800000,LOW_VOLUME_NODE
91734.80000000,0.26300000,0.09500000,0.16800000,8714.81550000,15411.46320000,LOW_VOLUME_NODE
91735.30000000,0.30200000,0.29100000,0.01100000,26695.00140000,1009.08940000,LOW_VOLUME_NODE
91735.40000000,0.52000000,0.01800000,0.50200000,1651.23900000,46051.22100000,LOW_VOLUME_NODE
91735.70000000,0.17600000,0.16300000,0.01300000,14952.93540000,1192.56540000,LOW_VOLUME_NODE
91735.90000000,0.06100000,0.01600000,0.04500000,1467.77600000,4128.12000000,LOW_VOLUME_NODE
91736.20000000,0.02700000,0.01400000,0.01300000,1284.30820000,1192.57190000,LOW_VOLUME_NODE
91737.70000000,0.07600000,0.04400000,0.03200000,4036.46320000,2935.60960000,LOW_VOLUME_NODE
91738.20000000,0.37100000,0.16700000,0.20400000,15320.29610000,18714.61320000,LOW_VOLUME_NODE
91739.30000000,0.51100000,0.21700000,0.29400000,19907.44980000,26971.38360000,LOW_VOLUME_NODE
91740.20000000,0.29300000,0.24500000,0.04800000,22476.37350000,4403.53440000,LOW_VOLUME_NODE
91740.70000000,0.14000000,0.02100000,0.11900000,1926.55680000,10917.15520000,LOW_VOLUME_NODE
91740.80000000,0.21600000,0.10400000,0.11200000,9541.05360000,10274.98080000,LOW_VOLUME_NODE
91741.70000000,0.15000000,0.09900000,0.05100000,9082.43820000,4678.83180000,LOW_VOLUME_NODE
91741.90000000,0.12800000,0.07200000,0.05600000,6605.42400000,5137.55200000,LOW_VOLUME_NODE
91742.90000000,0.17200000,0.15800000,0.01400000,14495.39400000,1284.40200000,LOW_VOLUME_NODE
91743.10000000,0.42600000,0.30800000,0.11800000,28256.90080000,10825.69420000,LOW_VOLUME_NODE
91743.70000000,0.36700000,0.18200000,0.18500000,16697.37160000,16972.60300000,LOW_VOLUME_NODE
91743.90000000,0.30300000,0.05900000,0.24400000,5412.89600000,22385.53600000,LOW_VOLUME_NODE
91744.30000000,0.27500000,0.12100000,0.15400000,11101.07240000,14128.63760000,LOW_VOLUME_NODE
91744.70000000,0.20600000,0.12500000,0.08100000,11468.10000000,7431.32880000,LOW_VOLUME_NODE
91744.80000000,0.04900000,0.02500000,0.02400000,2293.62250000,2201.87760000,LOW_VOLUME_NODE
91745.30000000,0.22600000,0.07400000,0.15200000,6789.15960000,13945.30080000,LOW_VOLUME_NODE
91745.40000000,0.10300000,0.07200000,0.03100000,6605.67600000,2844.11050000,LOW_VOLUME_NODE
91745.60000000,0.32000000,0.08800000,0.23200000,8073.61790000,21284.98170000,LOW_VOLUME_NODE
91747.30000000,0.43600000,0.18900000,0.24700000,17340.25860000,22661.60780000,LOW_VOLUME_NODE
91747.70000000,0.31300000,0.10300000,0.21000000,9450.02340000,19267.03800000,LOW_VOLUME_NODE
91747.80000000,0.36800000,0.29800000,0.07000000,27340.87420000,6422.35300000,LOW_VOLUME_NODE
91749.20000000,0.11900000,0.04700000,0.07200000,4312.21710000,6605.94960000,LOW_VOLUME_NODE
91749.30000000,0.23300000,0.06700000,0.16600000,6147.20980000,15230.40040000,LOW_VOLUME_NODE
91749.40000000,0.36900000,0.34200000,0.02700000,31378.32900000,2477.23650000,LOW_VOLUME_NODE
91750.20000000,0.14200000,0.11300000,0.02900000,10367.78390000,2660.75870000,LOW_VOLUME_NODE
91750.40000000,0.45400000,0.37200000,0.08200000,34131.18600000,7523.54100000,LOW_VOLUME_NODE
91750.70000000,0.11900000,0.10600000,0.01300000,9725.58480000,1192.76040000,LOW_VOLUME_NODE
91750.80000000,0.16000000,0.13000000,0.03000000,11927.61700000,2752.52700000,LOW_VOLUME_NODE
91751.20000000,0.46800000,0.25800000,0.21000000,23671.83540000,19267.77300000,LOW_VOLUME_NODE
91751.70000000,0.19700000,0.16800000,0.02900000,15414.30240000,2660.80220000,LOW_VOLUME_NODE
91751.90000000,0.25100000,0.20100000,0.05000000,18442.15200000,4587.60000000,LOW_VOLUME_NODE
91752.30000000,0.40000000,0.19500000,0.20500000,17891.71800000,18809.24200000,LOW_VOLUME_NODE
91754.40000000,0.23700000,0.18600000,0.05100000,17066.33700000,4679.47950000,LOW_VOLUME_NODE
91754.70000000,0.10100000,0.07600000,0.02500000,6973.36480000,2293.87000000,LOW_VOLUME_NODE
91755.30000000,0.11000000,0.06800000,0.04200000,6239.36720000,3853.72680000,LOW_VOLUME_NODE
91755.40000000,0.43400000,0.02800000,0.40600000,2569.15400000,37252.73300000,LOW_VOLUME_NODE
91755.90000000,0.35900000,0.06700000,0.29200000,6147.65200000,26792.75200000,LOW_VOLUME_NODE
91756.30000000,0.36300000,0.19100000,0.17200000,17525.47240000,15782.10080000,LOW_VOLUME_NODE
91756.40000000,0.43200000,0.02300000,0.40900000,2110.39950000,37528.40850000,LOW_VOLUME_NODE
91757.90000000,0.36600000,0.09100000,0.27500000,8349.97800000,25233.45000000,LOW_VOLUME_NODE
91758.10000000,0.23600000,0.13700000,0.09900000,12570.86160000,9084.05890000,LOW_VOLUME_NODE
91758.20000000,0.06600000,0.04600000,0.02000000,4220.88180000,1835.16600000,LOW_VOLUME_NODE
91758.80000000,0.15400000,0.10400000,0.05000000,9542.92560000,4587.94500000,LOW_VOLUME_NODE
91759.20000000,0.08500000,0.04000000,0.04500000,3670.37200000,4129.16850000,LOW_VOLUME_NODE
91759.30000000,0.19300000,0.16500000,0.02800000,15140.30100000,2569.26320000,LOW_VOLUME_NODE
91759.40000000,0.35400000,0.03000000,0.32400000,2752.78500000,29730.07800000,LOW_VOLUME_NODE
91759.70000000,0.30100000,0.24600000,0.05500000,22572.91080000,5046.78900000,LOW_VOLUME_NODE
91760.40000000,0.08500000,0.02000000,0.06500000,1835.21000000,5964.43250000,LOW_VOLUME_NODE
91763.20000000,0.07000000,0.04600000,0.02400000,4221.11180000,2202.31920000,LOW_VOLUME_NODE
91763.70000000,0.05600000,0.01700000,0.03900000,1559.98460000,3578.78820000,LOW_VOLUME_NODE
91764.80000000,0.20100000,0.15700000,0.04400000,14407.08930000,4037.65560000,LOW_VOLUME_NODE
91765.20000000,0.23700000,0.10600000,0.13100000,9727.12180000,12021.25430000,LOW_VOLUME_NODE
91766.20000000,0.12400000,0.10100000,0.02300000,9268.39630000,2110.62490000,LOW_VOLUME_NODE
91766.30000000,0.17300000,0.03700000,0.13600000,3395.35680000,12480.23040000,LOW_VOLUME_NODE
91766.90000000,0.30400000,0.17400000,0.13000000,15967.45800000,11929.71000000,LOW_VOLUME_NODE
91769.60000000,0.40600000,0.11000000,0.29600000,10094.66200000,27163.80700000,LOW_VOLUME_NODE
91771.40000000,0.40800000,0.05000000,0.35800000,4588.57500000,32854.19700000,LOW_VOLUME_NODE
91771.70000000,0.17600000,0.06200000,0.11400000,5689.85160000,10461.98520000,LOW_VOLUME_NODE
91771.80000000,0.40400000,0.02300000,0.38100000,2110.75370000,34965.09390000,LOW_VOLUME_NODE
91771.90000000,0.18600000,0.09200000,0.09400000,8443.02400000,8626.56800000,LOW_VOLUME_NODE
91776.70000000,0.31600000,0.01100000,0.30500000,1009.54480000,27991.92400000,LOW_VOLUME_NODE
91777.20000000,0.11300000,0.04800000,0.06500000,4405.31040000,5965.52450000,LOW_VOLUME_NODE
91778.70000000,0.32300000,0.24500000,0.07800000,22485.80600000,7158.74640000,LOW_VOLUME_NODE
91778.80000000,0.41900000,0.15900000,0.26000000,14592.84510000,23862.51400000,LOW_VOLUME_NODE
91778.90000000,0.44400000,0.41600000,0.02800000,38180.06400000,2569.81200000,LOW_VOLUME_NODE
91779.30000000,0.09300000,0.07000000,0.02300000,6424.55800000,2110.92620000,LOW_VOLUME_NODE
91779.40000000,0.44400000,0.31000000,0.13400000,28451.64500000,12298.45300000,LOW_VOLUME_NODE
91781.30000000,0.20900000,0.07000000,0.13900000,6424.69800000,12757.61460000,LOW_VOLUME_NODE
91783.30000000,0.10600000,0.05500000,0.05100000,5048.08700000,4680.95340000,LOW_VOLUME_NODE
91784.20000000,0.20100000,0.11600000,0.08500000,10646.97880000,7801.66550000,LOW_VOLUME_NODE
91785.80000000,0.25800000,0.17700000,0.08100000,16246.10430000,7434.65790000,LOW_VOLUME_NODE
91786.70000000,0.21600000,0.15100000,0.06500000,13859.80680000,5966.14200000,LOW_VOLUME_NODE
91786.80000000,0.09700000,0.05200000,0.04500000,4772.91880000,4130.41050000,LOW_VOLUME_NODE
91789.20000000,0.36900000,0.30300000,0.06600000,27812.15790000,6058.09380000,LOW_VOLUME_NODE
91789.70000000,0.32700000,0.26300000,0.06400000,24140.71740000,5874.54720000,LOW_VOLUME_NODE
91790.30000000,0.51400000,0.28800000,0.22600000,26435.63520000,20744.63040000,LOW_VOLUME_NODE
91791.40000000,0.20000000,0.10400000,0.09600000,9546.31600000,8811.98400000,LOW_VOLUME_NODE
91792.90000000,0.29800000,0.21400000,0.08400000,19643.70200000,7710.61200000,LOW_VOLUME_NODE
91795.10000000,0.37200000,0.16700000,0.20500000,15329.78750000,18818.00770000,LOW_VOLUME_NODE
91795.90000000,0.48700000,0.26600000,0.22100000,24417.73600000,20286.91600000,LOW_VOLUME_NODE
91796.70000000,0.48800000,0.25500000,0.23300000,23408.18400000,21388.65440000,LOW_VOLUME_NODE
91796.80000000,0.18200000,0.10700000,0.07500000,9822.26830000,6884.76750000,LOW_VOLUME_NODE
91798.60000000,0.46800000,0.34100000,0.12700000,31303.32440000,11658.42760000,LOW_VOLUME_NODE
91799.20000000,0.18400000,0.04100000,0.14300000,3763.77130000,13127.29990000,LOW_VOLUME_NODE
91800.30000000,0.40900000,0.03000000,0.37900000,2754.01200000,34792.35160000,LOW_VOLUME_NODE
91801.90000000,0.45700000,0.34500000,0.11200000,31671.69000000,10281.82400000,LOW_VOLUME_NODE
91806.90000000,0.22400000,0.09600000,0.12800000,8813.47200000,11751.29600000,LOW_VOLUME_NODE
91807.20000000,0.47400000,0.10500000,0.36900000,9639.76650000,33876.89370000,LOW_VOLUME_NODE
91807.30000000,0.46600000,0.04500000,0.42100000,4131.33300000,38650.91540000,LOW_VOLUME_NODE
91808.30000000,0.47000000,0.43700000,0.03300000,40120.27080000,3029.67720000,LOW_VOLUME_NODE
91809.40000000,0.41900000,0.21800000,0.20100000,20014.47100000,18453.70950000,LOW_VOLUME_NODE
91810.20000000,0.10100000,0.03000000,0.07100000,2754.30900000,6518.53130000,LOW_VOLUME_NODE
91812.30000000,0.25800000,0.04400000,0.21400000,4039.74560000,19647.85360000,LOW_VOLUME_NODE
91817.20000000,0.12600000,0.04500000,0.08100000,4131.77850000,7437.20130000,LOW_VOLUME_NODE
91817.40000000,0.36500000,0.22400000,0.14100000,20567.12000000,12946.26750000,LOW_VOLUME_NODE
91823.40000000,0.13100000,0.04100000,0.09000000,3764.76350000,8264.11500000,LOW_VOLUME_NODE
91824.20000000,0.35400000,0.15000000,0.20400000,13773.64500000,18732.15720000,LOW_VOLUME_NODE
91825.40000000,0.21200000,0.02500000,0.18700000,2295.63750000,17171.36850000,LOW_VOLUME_NODE
91844.30000000,0.49900000,0.07500000,0.42400000,6888.33000000,38942.02560000,LOW_VOLUME_NODE
91888.30000000,0.50400000,0.33900000,0.16500000,31150.16760000,15161.58600000,LOW_VOLUME_NODE
91909.30000000,0.51100000,0.09900000,0.41200000,9099.03060000,37866.67280000,LOW_VOLUME_NODE
91919.30000000,0.21200000,0.13600000,0.07600000,12501.03840000,6985.87440000,LOW_VOLUME_NODE
91936.80000000,0.38300000,0.33900000,0.04400000,31166.60910000,4045.22360000,LOW_VOLUME_NODE
91938.70000000,0.47500000,0.25700000,0.21800000,23628.27160000,20042.65840000,LOW_VOLUME_NODE
91946.90000000,0.13000000,0.07800000,0.05200000,7171.86600000,4781.24400000,LOW_VOLUME_NODE
91948.70000000,0.32400000,0.22100000,0.10300000,20320.68480000,9470.72640000,LOW_VOLUME_NODE
91956.40000000,0.27300000,0.10200000,0.17100000,9379.56300000,15724.56150000,LOW_VOLUME_NODE
91960.40000000,0.47800000,0.41100000,0.06700000,37795.76550000,6161.35350000,LOW_VOLUME_NODE
91961.80000000,0.19000000,0.03400000,0.15600000,3126.70460000,14346.05640000,LOW_VOLUME_NODE
91964.30000000,0.46600000,0.43700000,0.02900000,40188.44280000,2666.96760000,LOW_VOLUME_NODE
91965.80000000,0.51400000,0.44100000,0.07300000,40556.96190000,6713.51070000,LOW_VOLUME_NODE
91968.30000000,0.25200000,0.22800000,0.02400000,20968.79520000,2207.24160000,LOW_VOLUME_NODE
91968.40000000,0.33800000,0.30400000,0.03400000,27958.42400000,3126.92900000,LOW_VOLUME_NODE
91968.70000000,0.43400000,0.13400000,0.30000000,12323.81920000,27590.64000000,LOW_VOLUME_NODE
91968.80000000,0.48900000,0.44900000,0.04000000,41294.03610000,3678.75600000,LOW_VOLUME_NODE
91969.30000000,0.47800000,0.20200000,0.27600000,18577.81880000,25383.55440000,LOW_VOLUME_NODE
91969.40000000,0.31700000,0.16800000,0.14900000,15450.87600000,13703.45550000,LOW_VOLUME_NODE
91969.70000000,0.27500000,0.06200000,0.21300000,5702.12760000,19589.56740000,LOW_VOLUME_NODE
91972.90000000,0.40600000,0.03500000,0.37100000,3219.05500000,34121.98300000,LOW_VOLUME_NODE
91973.10000000,0.36600000,0.19900000,0.16700000,18302.66170000,15359.51130000,LOW_VOLUME_NODE
91974.80000000,0.48800000,0.30400000,0.18400000,27960.36960000,16923.38160000,LOW_VOLUME_NODE
91977.70000000,0.49400000,0.34300000,0.15100000,31548.38540000,13888.64780000,LOW_VOLUME_NODE
91978.80000000,0.28100000,0.04700000,0.23400000,4323.00830000,21523.06260000,LOW_VOLUME_NODE
91979.30000000,0.36600000,0.05900000,0.30700000,5426.78460000,28237.67580000,LOW_VOLUME_NODE
91979.40000000,0.11500000,0.07300000,0.04200000,6714.50350000,3863.13900000,LOW_VOLUME_NODE
91981.70000000,0.27900000,0.08600000,0.19300000,7910.43480000,17752.48740000,LOW_VOLUME_NODE
91983.20000000,0.20200000,0.13200000,0.07000000,12141.79560000,6438.83100000,LOW_VOLUME_NODE
91984.70000000,0.44200000,0.34200000,0.10000000,31458.80160000,9198.48000000,LOW_VOLUME_NODE
91984.80000000,0.16100000,0.13000000,0.03100000,11958.03700000,2851.53190000,LOW_VOLUME_NODE
91987.40000000,0.18100000,0.16400000,0.01700000,15085.95000000,1563.78750000,LOW_VOLUME_NODE
91991.20000000,0.32600000,0.18600000,0.14000000,17110.38180000,12878.78200000,LOW_VOLUME_NODE
91992.30000000,0.38600000,0.33900000,0.04700000,31185.42360000,4323.64280000,LOW_VOLUME_NODE
91993.70000000,0.43000000,0.10100000,0.32900000,9291.37380000,30265.96020000,LOW_VOLUME_NODE
91998.70000000,0.46700000,0.35700000,0.11000000,32843.57160000,10119.86800000,LOW_VOLUME_NODE
92000.70000000,0.25000000,0.14700000,0.10300000,13524.11760000,9476.08240000,LOW_VOLUME_NODE
92001.20000000,0.47800000,0.13100000,0.34700000,12052.17030000,31924.45110000,LOW_VOLUME_NODE
92001.40000000,0.37200000,0.01600000,0.35600000,1472.02400000,32752.53400000,LOW_VOLUME_NODE
92002.80000000,0.38600000,0.12400000,0.26200000,11408.35960000,24104.75980000,LOW_VOLUME_NODE
92003.20000000,0.50500000,0.22500000,0.28000000,20700.74250000,25760.92400000,LOW_VOLUME_NODE
92004.40000000,0.41100000,0.16800000,0.24300000,15456.75600000,22357.09350000,LOW_VOLUME_NODE
92004.80000000,0.32700000,0.26000000,0.06700000,23921.27400000,6164.32830000,LOW_VOLUME_NODE
92005.30000000,0.32400000,0.17500000,0.14900000,16100.94500000,13708.80460000,LOW_VOLUME_NODE
92005.40000000,0.21600000,0.18000000,0.03600000,16560.99000000,3312.19800000,LOW_VOLUME_NODE
92006.30000000,0.13700000,0.03000000,0.10700000,2760.19200000,9844.68480000,LOW_VOLUME_NODE
92006.80000000,0.19400000,0.06900000,0.12500000,6348.47610000,11500.86250000,LOW_VOLUME_NODE
92008.30000000,0.17100000,0.14800000,0.02300000,13617.24320000,2116.19320000,LOW_VOLUME_NODE
92008.40000000,0.27100000,0.15500000,0.11600000,14261.31750000,10672.98600000,LOW_VOLUME_NODE
92009.70000000,0.49100000,0.07800000,0.41300000,7176.76440000,38000.04740000,LOW_VOLUME_NODE
92010.20000000,0.36100000,0.26300000,0.09800000,24198.70890000,9017.00940000,LOW_VOLUME_NODE
92011.20000000,0.39700000,0.10400000,0.29300000,9569.17520000,26959.31090000,LOW_VOLUME_NODE
92012.80000000,0.37700000,0.26600000,0.11100000,24475.43140000,10213.43190000,LOW_VOLUME_NODE
92013.30000000,0.50100000,0.06600000,0.43500000,6072.88440000,40025.82900000,LOW_VOLUME_NODE
92014.60000000,0.44400000,0.22500000,0.21900000,20703.29210000,20151.20320000,LOW_VOLUME_NODE
92019.20000000,0.14800000,0.08000000,0.06800000,7361.54400000,6257.31240000,LOW_VOLUME_NODE
92019.30000000,0.09600000,0.05000000,0.04600000,4600.97000000,4232.89240000,LOW_VOLUME_NODE
92019.70000000,0.29900000,0.26000000,0.03900000,23925.14800000,3588.77220000,LOW_VOLUME_NODE
92020.20000000,0.46700000,0.17300000,0.29400000,15919.51190000,27053.96820000,LOW_VOLUME_NODE
92021.10000000,0.27200000,0.06200000,0.21000000,5705.31090000,19324.43410000,LOW_VOLUME_NODE
92022.20000000,0.51800000,0.26800000,0.25000000,24661.97640000,23005.57500000,LOW_VOLUME_NODE
92022.30000000,0.44600000,0.03200000,0.41400000,2944.71680000,38097.27360000,LOW_VOLUME_NODE
92023.40000000,0.32800000,0.08700000,0.24100000,8006.04450000,22177.66350000,LOW_VOLUME_NODE
92024.70000000,0.37600000,0.16800000,0.20800000,15460.16640000,19141.15840000,LOW_VOLUME_NODE
92024.80000000,0.26900000,0.07100000,0.19800000,6533.76790000,18220.93020000,LOW_VOLUME_NODE
92025.20000000,0.26100000,0.15900000,0.10200000,14632.02270000,9386.58060000,LOW_VOLUME_NODE
92025.60000000,0.42500000,0.34600000,0.07900000,31840.86930000,7270.02740000,LOW_VOLUME_NODE
92026.40000000,0.19900000,0.05200000,0.14700000,4785.37800000,13527.89550000,LOW_VOLUME_NODE
92028.70000000,0.20900000,0.14700000,0.06200000,13528.23360000,5705.78560000,LOW_VOLUME_NODE
92028.80000000,0.16500000,0.12500000,0.04000000,11503.61250000,3681.15600000,LOW_VOLUME_NODE
92029.40000000,0.31400000,0.06900000,0.24500000,6350.03550000,22547.22750000,LOW_VOLUME_NODE
92030.20000000,0.21300000,0.07800000,0.13500000,7178.36340000,12424.09050000,LOW_VOLUME_NODE
92030.70000000,0.20100000,0.15200000,0.04900000,13988.68160000,4509.50920000,LOW_VOLUME_NODE
92030.90000000,0.33400000,0.29500000,0.03900000,27149.14500000,3589.20900000,LOW_VOLUME_NODE
92031.70000000,0.47900000,0.06100000,0.41800000,5613.93980000,38469.29240000,LOW_VOLUME_NODE
92032.20000000,0.18300000,0.11200000,0.07100000,10307.61760000,6534.29330000,LOW_VOLUME_NODE
92032.40000000,0.25300000,0.08600000,0.16700000,7914.79500000,15369.42750000,LOW_VOLUME_NODE
92032.70000000,0.18500000,0.13300000,0.05200000,12240.36240000,4785.70560000,LOW_VOLUME_NODE
92033.40000000,0.44300000,0.38000000,0.06300000,34972.73000000,5798.11050000,LOW_VOLUME_NODE
92033.70000000,0.20900000,0.06900000,0.14000000,6350.33220000,12884.73200000,LOW_VOLUME_NODE
92034.20000000,0.20800000,0.13200000,0.07600000,12148.52760000,6994.60680000,LOW_VOLUME_NODE
92034.30000000,0.36200000,0.04500000,0.31700000,4141.54800000,29174.90480000,LOW_VOLUME_NODE
92035.60000000,0.35400000,0.26900000,0.08500000,24757.59110000,7823.03190000,LOW_VOLUME_NODE
92035.80000000,0.40900000,0.10100000,0.30800000,9295.62590000,28347.05720000,LOW_VOLUME_NODE
92037.40000000,0.11400000,0.05500000,0.05900000,5062.06250000,5430.21250000,LOW_VOLUME_NODE
92038.60000000,0.45700000,0.19200000,0.26500000,17671.41680000,24390.23180000,LOW_VOLUME_NODE
92039.30000000,0.29100000,0.19900000,0.09200000,18315.84060000,8467.62480000,LOW_VOLUME_NODE
92039.40000000,0.19600000,0.07000000,0.12600000,6442.76500000,11596.97700000,LOW_VOLUME_NODE
92041.80000000,0.33700000,0.22200000,0.11500000,20433.30180000,10584.81850000,LOW_VOLUME_NODE
92042.20000000,0.27500000,0.07700000,0.19800000,7087.25710000,18224.37540000,LOW_VOLUME_NODE
92042.30000000,0.34900000,0.27500000,0.07400000,25311.66000000,6811.13760000,LOW_VOLUME_NODE
92043.80000000,0.27900000,0.21100000,0.06800000,19421.26290000,6258.98520000,LOW_VOLUME_NODE
92043.90000000,0.32900000,0.20800000,0.12100000,19145.15200000,11137.32400000,LOW_VOLUME_NODE
92045.30000000,0.40700000,0.20100000,0.20600000,18501.12540000,18961.35240000,LOW_VOLUME_NODE
92045.90000000,0.37000000,0.22400000,0.14600000,20618.30400000,13438.71600000,LOW_VOLUME_NODE
92047.80000000,0.19800000,0.13400000,0.06400000,12334.41860000,5891.06560000,LOW_VOLUME_NODE
92048.80000000,0.40700000,0.36800000,0.03900000,33873.99520000,3589.90710000,LOW_VOLUME_NODE
92048.90000000,0.46000000,0.28500000,0.17500000,26233.96500000,16108.57500000,LOW_VOLUME_NODE
92049.30000000,0.11400000,0.07900000,0.03500000,7271.90260000,3221.72900000,LOW_VOLUME_NODE
92051.40000000,0.23900000,0.16900000,0.07000000,15556.70350000,6443.60500000,LOW_VOLUME_NODE
92052.70000000,0.42200000,0.18000000,0.24200000,16569.50400000,22276.77760000,LOW_VOLUME_NODE
92053.20000000,0.42900000,0.09400000,0.33500000,8653.01020000,30837.85550000,LOW_VOLUME_NODE
92053.40000000,0.45400000,0.39400000,0.06000000,36269.07900000,5523.21000000,LOW_VOLUME_NODE
92055.70000000,0.49000000,0.27300000,0.21700000,25131.23340000,19976.10860000,LOW_VOLUME_NODE
92056.90000000,0.34800000,0.26000000,0.08800000,23934.82000000,8101.01600000,LOW_VOLUME_NODE
92058.90000000,0.33500000,0.04300000,0.29200000,3958.53700000,26881.22800000,LOW_VOLUME_NODE
92059.70000000,0.30400000,0.16100000,0.14300000,14821.62780000,13164.55140000,LOW_VOLUME_NODE
92063.20000000,0.43900000,0.19300000,0.24600000,17768.21690000,22647.57180000,LOW_VOLUME_NODE
92068.20000000,0.45600000,0.05500000,0.40100000,5063.75650000,36919.38830000,LOW_VOLUME_NODE
92068.40000000,0.47700000,0.34300000,0.13400000,31579.49550000,12337.17900000,LOW_VOLUME_NODE
92071.30000000,0.49500000,0.17300000,0.32200000,15928.35220000,29646.99080000,LOW_VOLUME_NODE
92083.20000000,0.21000000,0.09200000,0.11800000,8471.66360000,10865.82940000,LOW_VOLUME_NODE
92086.30000000,0.46900000,0.34600000,0.12300000,31861.89440000,11326.62720000,LOW_VOLUME_NODE
92088.20000000,0.13700000,0.05600000,0.08100000,5156.94480000,7459.15230000,LOW_VOLUME_NODE
92089.20000000,0.26400000,0.21800000,0.04600000,20075.46740000,4236.10780000,LOW_VOLUME_NODE
92089.40000000,0.37100000,0.16300000,0.20800000,15010.58850000,19154.61600000,LOW_VOLUME_NODE
92090.70000000,0.39700000,0.12300000,0.27400000,11327.16840000,25232.87920000,LOW_VOLUME_NODE
92092.80000000,0.49100000,0.22400000,0.26700000,20628.80960000,24588.80430000,LOW_VOLUME_NODE
92097.40000000,0.46400000,0.29900000,0.16500000,27537.15250000,15196.08750000,LOW_VOLUME_NODE
92098.30000000,0.51300000,0.17600000,0.33700000,16209.31840000,31037.16080000,LOW_VOLUME_NODE
92107.40000000,0.38200000,0.21300000,0.16900000,19618.89750000,15566.16750000,LOW_VOLUME_NODE
92129.70000000,0.15900000,0.09200000,0.06700000,8475.94160000,6172.69660000,LOW_VOLUME_NODE
92131.20000000,0.47500000,0.10800000,0.36700000,9950.18040000,33812.18710000,LOW_VOLUME_NODE
93368.40000000,0.41800000,0.09200000,0.32600000,8589.90200000,30438.13100000,LOW_VOLUME_NODE
93409.60000000,0.51000000,0.26200000,0.24800000,24473.32760000,23165.59080000,LOW_VOLUME_NODE
93424.20000000,0.39500000,0.17300000,0.22200000,16162.40390000,20740.19460000,LOW_VOLUME_NODE
93573.20000000,0.42700000,0.32600000,0.10100000,30504.89580000,9450.90330000,LOW_VOLUME_NODE
93576.20000000,0.50400000,0.27700000,0.22700000,25920.63510000,21241.82010000,LOW_VOLUME_NODE
93582.30000000,0.34900000,0.23300000,0.11600000,21804.69920000,10855.55840000,LOW_VOLUME_NODE
93588.90000000,0.41000000,0.27800000,0.13200000,26017.74200000,12353.74800000,LOW_VOLUME_NODE
93602.30000000,0.41300000,0.10500000,0.30800000,9828.25200000,28829.53920000,LOW_VOLUME_NODE
93603.30000000,0.33800000,0.27000000,0.06800000,25272.91800000,6365.03120000,LOW_VOLUME_NODE
93603.40000000,0.33200000,0.28500000,0.04700000,26676.99750000,4399.36450000,LOW_VOLUME_NODE
93604.20000000,0.19500000,0.09400000,0.10100000,8798.80420000,9454.03430000,LOW_VOLUME_NODE
93607.70000000,0.43200000,0.28900000,0.14300000,27052.65420000,13385.91540000,LOW_VOLUME_NODE
93611.20000000,0.43100000,0.30300000,0.12800000,28364.22390000,11982.24640000,LOW_VOLUME_NODE
93611.30000000,0.21100000,0.03800000,0.17300000,3557.23320000,16194.77220000,LOW_VOLUME_NODE
93613.90000000,0.44300000,0.20000000,0.24300000,18722.80000000,22748.20200000,LOW_VOLUME_NODE
93625.90000000,0.48000000,0.24900000,0.23100000,23312.87400000,21627.60600000,LOW_VOLUME_NODE
93630.70000000,0.21100000,0.11800000,0.09300000,11048.43440000,8707.66440000,LOW_VOLUME_NODE
93648.30000000,0.51300000,0.30400000,0.20900000,28469.11360000,19572.51560000,LOW_VOLUME_NODE
93658.30000000,0.45200000,0.25800000,0.19400000,24163.86720000,18169.72960000,LOW_VOLUME_NODE
93675.20000000,0.23100000,0.09000000,0.14100000,8430.77700000,13208.21730000,LOW_VOLUME_NODE
93675.30000000,0.21500000,0.15100000,0.06400000,14144.98540000,5995.22560000,LOW_VOLUME_NODE
93677.40000000,0.49100000,0.18800000,0.30300000,17611.37000000,28384.28250000,LOW_VOLUME_NODE
93680.30000000,0.37800000,0.27300000,0.10500000,25574.74920000,9836.44200000,LOW_VOLUME_NODE
93685.30000000,0.16400000,0.06200000,0.10200000,5808.49480000,9555.91080000,LOW_VOLUME_NODE
93689.20000000,0.33500000,0.25900000,0.07600000,24265.52870000,7120.38680000,LOW_VOLUME_NODE
93691.40000000,0.31300000,0.19200000,0.12100000,17988.76800000,11336.67150000,LOW_VOLUME_NODE
93697.80000000,0.48500000,0.06600000,0.41900000,6184.06140000,39259.42010000,LOW_VOLUME_NODE
93706.70000000,0.44000000,0.17700000,0.26300000,16586.10360000,24644.88840000,LOW_VOLUME_NODE
93716.30000000,0.35400000,0.18500000,0.16900000,17337.53400000,15838.07160000,LOW_VOLUME_NODE
93719.30000000,0.38200000,0.25000000,0.13200000,23429.85000000,12370.96080000,LOW_VOLUME_NODE
93725.40000000,0.47700000,0.31500000,0.16200000,29523.53250000,15183.53100000,LOW_VOLUME_NODE
93730.30000000,0.28700000,0.09700000,0.19000000,9091.84880000,17808.77600000,LOW_VOLUME_NODE
93730.80000000,0.32500000,0.09200000,0.23300000,8623.24280000,21839.29970000,LOW_VOLUME_NODE
93733.80000000,0.46200000,0.05100000,0.41100000,4780.42890000,38524.63290000,LOW_VOLUME_NODE
93734.80000000,0.49700000,0.29500000,0.20200000,27651.79550000,18934.44980000,LOW_VOLUME_NODE
93747.40000000,0.27400000,0.20400000,0.07000000,19124.49000000,6562.32500000,LOW_VOLUME_NODE
93756.80000000,0.37700000,0.17400000,0.20300000,16313.70060000,19032.65070000,LOW_VOLUME_NODE
93758.80000000,0.44800000,0.04200000,0.40600000,3937.87380000,38066.11340000,LOW_VOLUME_NODE
93790.20000000,0.52200000,0.23200000,0.29000000,21759.34960000,27199.18700000,LOW_VOLUME_NODE
93791.20000000,0.47100000,0.33800000,0.13300000,31701.45940000,12474.24290000,LOW_VOLUME_NODE
93795.90000000,0.32300000,0.10900000,0.21400000,10223.76400000,20072.34400000,LOW_VOLUME_NODE
93797.20000000,0.29700000,0.11300000,0.18400000,10599.09490000,17258.70320000,LOW_VOLUME_NODE
93797.30000000,0.46500000,0.20800000,0.25700000,19509.85920000,24105.93180000,LOW_VOLUME_NODE
93799.20000000,0.51400000,0.08500000,0.42900000,7972.94050000,40239.89970000,LOW_VOLUME_NODE
93799.30000000,0.12200000,0.06600000,0.05600000,6190.76040000,5252.76640000,LOW_VOLUME_NODE
93799.40000000,0.14100000,0.05200000,0.08900000,4877.57400000,8348.15550000,LOW_VOLUME_NODE
93800.40000000,0.49000000,0.24800000,0.24200000,23262.52400000,22699.72100000,LOW_VOLUME_NODE
93801.30000000,0.25900000,0.09400000,0.16500000,8817.33160000,15477.23100000,LOW_VOLUME_NODE
93801.40000000,0.28300000,0.19800000,0.08500000,18572.69700000,7973.12750000,LOW_VOLUME_NODE
93802.20000000,0.26200000,0.09800000,0.16400000,9192.62540000,15383.57720000,LOW_VOLUME_NODE
93804.70000000,0.43100000,0.22000000,0.21100000,20637.05600000,19792.81280000,LOW_VOLUME_NODE
93805.20000000,0.50000000,0.20100000,0.29900000,18854.86530000,28047.78470000,LOW_VOLUME_NODE
93806.80000000,0.20800000,0.06200000,0.14600000,5816.02780000,13695.80740000,LOW_VOLUME_NODE
93807.20000000,0.33500000,0.03900000,0.29600000,3658.48470000,27766.96080000,LOW_VOLUME_NODE
93808.40000000,0.29900000,0.10800000,0.19100000,10131.31800000,17917.42350000,LOW_VOLUME_NODE
93808.90000000,0.45100000,0.33500000,0.11600000,31426.01500000,10881.84400000,LOW_VOLUME_NODE
93809.40000000,0.27700000,0.13200000,0.14500000,12382.85400000,13602.37750000,LOW_VOLUME_NODE
93810.20000000,0.21100000,0.08600000,0.12500000,8067.68580000,11726.28750000,LOW_VOLUME_NODE
93810.70000000,0.31700000,0.29400000,0.02300000,27580.37520000,2157.64840000,LOW_VOLUME_NODE
93811.20000000,0.24800000,0.15400000,0.09400000,14446.94020000,8818.26220000,LOW_VOLUME_NODE
93813.40000000,0.35900000,0.32400000,0.03500000,30395.57400000,3283.47250000,LOW_VOLUME_NODE
93813.70000000,0.31000000,0.25100000,0.05900000,23547.26380000,5535.01420000,LOW_VOLUME_NODE
93814.20000000,0.15200000,0.13000000,0.02200000,12195.85900000,2063.91460000,LOW_VOLUME_NODE
93814.70000000,0.34700000,0.05200000,0.29500000,4878.36960000,27675.36600000,LOW_VOLUME_NODE
93815.20000000,0.20300000,0.11900000,0.08400000,11164.02070000,7880.48520000,LOW_VOLUME_NODE
93815.30000000,0.39600000,0.24300000,0.15300000,22797.14220000,14353.75620000,LOW_VOLUME_NODE
93815.40000000,0.10700000,0.07500000,0.03200000,7036.16250000,3002.09600000,LOW_VOLUME_NODE
93817.20000000,0.10500000,0.08200000,0.02300000,7693.01860000,2157.79790000,LOW_VOLUME_NODE
93817.40000000,0.34900000,0.23100000,0.11800000,21671.84250000,11070.46500000,LOW_VOLUME_NODE
93818.40000000,0.25400000,0.17300000,0.08100000,16230.60050000,7599.29850000,LOW_VOLUME_NODE
93818.70000000,0.25200000,0.21700000,0.03500000,20358.67960000,3283.65800000,LOW_VOLUME_NODE
93819.10000000,0.47500000,0.36500000,0.11000000,34244.00260000,10320.10500000,LOW_VOLUME_NODE
93819.20000000,0.07700000,0.04700000,0.03000000,4409.50710000,2814.57900000,LOW_VOLUME_NODE
93819.40000000,0.41700000,0.23200000,0.18500000,21766.12400000,17356.60750000,LOW_VOLUME_NODE
93819.70000000,0.46300000,0.14000000,0.32300000,13134.77200000,30303.79540000,LOW_VOLUME_NODE
93820.30000000,0.07400000,0.03800000,0.03600000,3565.17520000,3377.53440000,LOW_VOLUME_NODE
93820.40000000,0.24300000,0.21200000,0.03100000,19889.94600000,2908.43550000,LOW_VOLUME_NODE
93821.70000000,0.40700000,0.17700000,0.23000000,16606.45860000,21579.01400000,LOW_VOLUME_NODE
93822.70000000,0.42000000,0.27300000,0.14700000,25613.62440000,13791.95160000,LOW_VOLUME_NODE
93823.40000000,0.22900000,0.15600000,0.07300000,14636.46600000,6849.11550000,LOW_VOLUME_NODE
93823.70000000,0.09900000,0.06700000,0.03200000,6286.19460000,3002.36160000,LOW_VOLUME_NODE
93824.40000000,0.08900000,0.04800000,0.04100000,4503.57600000,3846.80450000,LOW_VOLUME_NODE
93825.90000000,0.37300000,0.28600000,0.08700000,26834.23600000,8162.86200000,LOW_VOLUME_NODE
93826.20000000,0.30600000,0.23200000,0.07400000,21767.70160000,6943.14620000,LOW_VOLUME_NODE
93826.30000000,0.45100000,0.04500000,0.40600000,4222.18800000,38093.51840000,LOW_VOLUME_NODE
93826.80000000,0.42600000,0.38100000,0.04500000,35748.04890000,4222.21050000,LOW_VOLUME_NODE
93827.20000000,0.51200000,0.40600000,0.10600000,38093.88380000,9945.69380000,LOW_VOLUME_NODE
93827.40000000,0.52200000,0.10100000,0.42100000,9476.57750000,39501.37750000,LOW_VOLUME_NODE
93827.60000000,0.52200000,0.29900000,0.22300000,28054.47270000,20923.56100000,LOW_VOLUME_NODE
93827.70000000,0.45800000,0.24100000,0.21700000,22612.49980000,20360.63260000,LOW_VOLUME_NODE
93828.30000000,0.39600000,0.22700000,0.16900000,21299.04680000,15856.99960000,LOW_VOLUME_NODE
93828.40000000,0.37800000,0.22400000,0.15400000,21017.58400000,14449.58900000,LOW_VOLUME_NODE
93829.40000000,0.49800000,0.37700000,0.12100000,35373.72150000,11353.36950000,LOW_VOLUME_NODE
93831.70000000,0.14100000,0.03400000,0.10700000,3190.28120000,10040.00260000,LOW_VOLUME_NODE
93832.20000000,0.12200000,0.09200000,0.03000000,8632.57160000,2814.96900000,LOW_VOLUME_NODE
93834.30000000,0.44300000,0.22700000,0.21600000,21300.40880000,20268.23040000,LOW_VOLUME_NODE
93834.40000000,0.26600000,0.14900000,0.11700000,13981.34050000,10978.63650000,LOW_VOLUME_NODE
93835.20000000,0.22900000,0.05100000,0.17800000,4785.60030000,16702.68340000,LOW_VOLUME_NODE
93837.20000000,0.44900000,0.13800000,0.31100000,12949.54740000,29183.40030000,LOW_VOLUME_NODE
93837.40000000,0.32900000,0.15900000,0.17000000,14920.16250000,15952.37500000,LOW_VOLUME_NODE
93838.70000000,0.30800000,0.26500000,0.04300000,24867.28200000,4035.06840000,LOW_VOLUME_NODE
93842.30000000,0.42800000,0.36100000,0.06700000,33877.10640000,6287.44080000,LOW_VOLUME_NODE
93842.80000000,0.32500000,0.27000000,0.05500000,25337.58300000,5161.35950000,LOW_VOLUME_NODE
93843.80000000,0.25100000,0.13200000,0.11900000,12387.39480000,11167.42410000,LOW_VOLUME_NODE
93844.30000000,0.34900000,0.21700000,0.13200000,20364.23480000,12387.46080000,LOW_VOLUME_NODE
93844.40000000,0.32100000,0.26200000,0.05900000,24587.25900000,5536.82550000,LOW_VOLUME_NODE
93846.20000000,0.41600000,0.28400000,0.13200000,26652.34920000,12387.71160000,LOW_VOLUME_NODE
93846.80000000,0.38600000,0.22500000,0.16100000,21115.55250000,15109.35090000,LOW_VOLUME_NODE
93847.30000000,0.37000000,0.16600000,0.20400000,15578.66840000,19144.86960000,LOW_VOLUME_NODE
93847.90000000,0.51900000,0.10000000,0.41900000,9384.80000000,39322.31200000,LOW_VOLUME_NODE
93849.20000000,0.44200000,0.22000000,0.22200000,20646.84600000,20834.54460000,LOW_VOLUME_NODE
93850.30000000,0.35100000,0.13500000,0.21600000,12669.80400000,20271.68640000,LOW_VOLUME_NODE
93850.40000000,0.28900000,0.09400000,0.19500000,8821.94700000,18300.84750000,LOW_VOLUME_NODE
93851.40000000,0.45800000,0.20000000,0.25800000,18770.30000000,24213.68700000,LOW_VOLUME_NODE
93852.30000000,0.36100000,0.29300000,0.06800000,27498.75320000,6381.96320000,LOW_VOLUME_NODE
93854.80000000,0.28400000,0.10900000,0.17500000,10230.18410000,16424.60750000,LOW_VOLUME_NODE
93856.80000000,0.42900000,0.33000000,0.09900000,30972.77700000,9291.83310000,LOW_VOLUME_NODE
93861.30000000,0.36800000,0.27900000,0.08900000,26187.33060000,8353.66460000,LOW_VOLUME_NODE
93865.20000000,0.16400000,0.11500000,0.04900000,10794.50950000,4599.39970000,LOW_VOLUME_NODE
93865.30000000,0.09200000,0.03300000,0.05900000,3097.55820000,5538.05860000,LOW_VOLUME_NODE
93866.80000000,0.50300000,0.38700000,0.11600000,36326.49030000,10888.56040000,LOW_VOLUME_NODE
93868.20000000,0.30800000,0.24000000,0.06800000,22528.39200000,6383.04440000,LOW_VOLUME_NODE
93873.80000000,0.36500000,0.33600000,0.02900000,31541.63040000,2722.34310000,LOW_VOLUME_NODE
93873.90000000,0.30300000,0.07600000,0.22700000,7134.42400000,21309.39800000,LOW_VOLUME_NODE
93875.90000000,0.33700000,0.14100000,0.19600000,13236.51600000,18399.69600000,LOW_VOLUME_NODE
93877.30000000,0.22300000,0.14100000,0.08200000,13236.71340000,7697.94680000,LOW_VOLUME_NODE
93882.20000000,0.46400000,0.33100000,0.13300000,31075.04130000,12486.34590000,LOW_VOLUME_NODE
93885.40000000,0.51200000,0.06800000,0.44400000,6384.21400000,41685.16200000,LOW_VOLUME_NODE
93885.80000000,0.24700000,0.13300000,0.11400000,12486.82470000,10702.99260000,LOW_VOLUME_NODE
93886.70000000,0.24400000,0.06400000,0.18000000,6008.75520000,16899.62400000,LOW_VOLUME_NODE
93888.30000000,0.04000000,0.01900000,0.02100000,1783.87960000,1971.65640000,LOW_VOLUME_NODE
93888.80000000,0.18300000,0.03000000,0.15300000,2816.66700000,14365.00170000,LOW_VOLUME_NODE
93890.20000000,0.04200000,0.01600000,0.02600000,1502.24480000,2441.14780000,LOW_VOLUME_NODE
93892.20000000,0.49500000,0.03300000,0.46200000,3098.44590000,43378.24260000,LOW_VOLUME_NODE
93892.80000000,0.51900000,0.08200000,0.43700000,7699.21780000,41031.19730000,LOW_VOLUME_NODE
93893.80000000,0.20500000,0.08600000,0.11900000,8074.87540000,11173.37410000,LOW_VOLUME_NODE
93894.10000000,0.48300000,0.07400000,0.40900000,6948.16810000,38402.70150000,LOW_VOLUME_NODE
93894.20000000,0.45200000,0.30400000,0.14800000,28543.86720000,13896.35640000,LOW_VOLUME_NODE
93894.70000000,0.34300000,0.05400000,0.28900000,5070.31920000,27135.59720000,LOW_VOLUME_NODE
93895.20000000,0.31600000,0.09900000,0.21700000,9295.63470000,20375.28010000,LOW_VOLUME_NODE
93895.70000000,0.42100000,0.26900000,0.15200000,25257.97020000,14272.16160000,LOW_VOLUME_NODE
93897.40000000,0.13000000,0.02200000,0.10800000,2065.74500000,10140.93000000,LOW_VOLUME_NODE
93898.20000000,0.13100000,0.02600000,0.10500000,2441.35580000,9859.32150000,LOW_VOLUME_NODE
93900.70000000,0.44200000,0.13000000,0.31200000,12207.10400000,29297.04960000,LOW_VOLUME_NODE
93900.80000000,0.35900000,0.01300000,0.34600000,1220.71170000,32489.71140000,LOW_VOLUME_NODE
93900.90000000,0.30600000,0.27000000,0.03600000,25353.27000000,3380.43600000,LOW_VOLUME_NODE
93901.30000000,0.41100000,0.33800000,0.07300000,31738.67320000,6854.80220000,LOW_VOLUME_NODE
93901.40000000,0.25000000,0.11100000,0.13900000,10423.06650000,13052.30850000,LOW_VOLUME_NODE
93901.80000000,0.06600000,0.04000000,0.02600000,3756.07600000,2441.44940000,LOW_VOLUME_NODE
93901.90000000,0.18800000,0.06400000,0.12400000,6009.72800000,11643.84800000,LOW_VOLUME_NODE
93902.10000000,0.22300000,0.13200000,0.09100000,12395.08090000,8545.09290000,LOW_VOLUME_NODE
93902.60000000,0.42200000,0.07400000,0.34800000,6948.79710000,32678.13720000,LOW_VOLUME_NODE
93904.10000000,0.25000000,0.10500000,0.14500000,9859.93830000,13616.10050000,LOW_VOLUME_NODE
93904.20000000,0.05000000,0.02000000,0.03000000,1878.08600000,2817.12900000,LOW_VOLUME_NODE
93904.30000000,0.06700000,0.02600000,0.04100000,2441.51440000,3850.08040000,LOW_VOLUME_NODE
93904.40000000,0.14900000,0.13300000,0.01600000,12489.29850000,1502.47200000,LOW_VOLUME_NODE
93904.60000000,0.27600000,0.04200000,0.23400000,3943.99540000,21973.69840000,LOW_VOLUME_NODE
93904.70000000,0.15800000,0.08800000,0.07000000,8263.62240000,6573.33600000,LOW_VOLUME_NODE
93905.20000000,0.24700000,0.21100000,0.03600000,19814.01830000,3380.59080000,LOW_VOLUME_NODE
93905.30000000,0.17900000,0.15000000,0.02900000,14085.81000000,2723.25660000,LOW_VOLUME_NODE
93905.40000000,0.21200000,0.17100000,0.04100000,16057.84050000,3850.12550000,LOW_VOLUME_NODE
93905.60000000,0.21200000,0.18300000,0.02900000,17184.73170000,2723.26380000,LOW_VOLUME_NODE
93905.70000000,0.34400000,0.32200000,0.02200000,30237.66760000,2065.92760000,LOW_VOLUME_NODE
93906.60000000,0.20700000,0.11200000,0.09500000,10517.54270000,8921.12950000,LOW_VOLUME_NODE
93906.70000000,0.16700000,0.05600000,0.11100000,5258.78080000,10423.65480000,LOW_VOLUME_NODE
93907.20000000,0.32000000,0.01700000,0.30300000,1596.42410000,28453.91190000,LOW_VOLUME_NODE
93907.30000000,0.04000000,0.00600000,0.03400000,563.44440000,3192.85160000,LOW_VOLUME_NODE
93907.40000000,0.10700000,0.00800000,0.09900000,751.26000000,9296.84250000,LOW_VOLUME_NODE
93907.60000000,0.29900000,0.17500000,0.12400000,16433.83250000,11644.54520000,LOW_VOLUME_NODE
93907.70000000,0.25200000,0.02600000,0.22600000,2441.60280000,21223.16280000,LOW_VOLUME_NODE
93908.20000000,0.15800000,0.02900000,0.12900000,2723.34070000,12114.17070000,LOW_VOLUME_NODE
93908.90000000,0.19800000,0.06500000,0.13300000,6104.08500000,12489.89700000,LOW_VOLUME_NODE
93909.10000000,0.38600000,0.12100000,0.26500000,11363.00560000,24885.91610000,LOW_VOLUME_NODE
93909.20000000,0.08000000,0.05500000,0.02500000,5165.01150000,2347.73250000,LOW_VOLUME_NODE
93909.30000000,0.06200000,0.03200000,0.03000000,3005.10080000,2817.28200000,LOW_VOLUME_NODE
93909.40000000,0.10000000,0.09100000,0.00900000,8545.76450000,845.18550000,LOW_VOLUME_NODE
93909.60000000,0.44800000,0.09700000,0.35100000,9109.23200000,32962.27110000,LOW_VOLUME_NODE
93909.70000000,0.18200000,0.03800000,0.14400000,3568.57240000,13523.01120000,LOW_VOLUME_NODE
93909.80000000,0.21900000,0.15500000,0.06400000,14556.03450000,6010.23360000,LOW_VOLUME_NODE
93910.20000000,0.10300000,0.02400000,0.07900000,2253.84720000,7418.91370000,LOW_VOLUME_NODE
93910.40000000,0.32900000,0.25000000,0.07900000,23477.62500000,7418.92950000,LOW_VOLUME_NODE
93910.80000000,0.08700000,0.06100000,0.02600000,5728.56490000,2441.68340000,LOW_VOLUME_NODE
93910.90000000,0.29500000,0.17400000,0.12100000,16340.51400000,11363.23100000,LOW_VOLUME_NODE
93911.10000000,0.26700000,0.05400000,0.21300000,5071.20050000,20003.07570000,LOW_VOLUME_NODE
93911.20000000,0.34500000,0.03600000,0.30900000,3380.80680000,29018.59170000,LOW_VOLUME_NODE
93911.30000000,0.17700000,0.09700000,0.08000000,9109.40580000,7512.91200000,LOW_VOLUME_NODE
93911.40000000,0.07900000,0.06700000,0.01200000,6292.07050000,1126.93800000,LOW_VOLUME_NODE
93911.60000000,0.23300000,0.05800000,0.17500000,5446.87640000,16434.54560000,LOW_VOLUME_NODE
93911.70000000,0.30400000,0.28600000,0.01800000,26858.77480000,1690.41240000,LOW_VOLUME_NODE
93911.80000000,0.11900000,0.04400000,0.07500000,4132.12360000,7043.39250000,LOW_VOLUME_NODE
93912.70000000,0.03900000,0.00800000,0.03100000,751.30240000,2911.29680000,LOW_VOLUME_NODE
93912.80000000,0.07300000,0.02500000,0.04800000,2347.82250000,4507.81920000,LOW_VOLUME_NODE
93912.90000000,0.22200000,0.01000000,0.21200000,939.13000000,19909.55600000,LOW_VOLUME_NODE
93913.20000000,0.27500000,0.03800000,0.23700000,3568.70540000,22257.45210000,LOW_VOLUME_NODE
93913.30000000,0.25400000,0.18100000,0.07300000,16998.32540000,6855.67820000,LOW_VOLUME_NODE
93913.90000000,0.28300000,0.23300000,0.05000000,21881.96200000,4695.70000000,LOW_VOLUME_NODE
93914.10000000,0.16500000,0.04800000,0.11700000,4507.87920000,10987.95620000,LOW_VOLUME_NODE
93914.20000000,0.20300000,0.13500000,0.06800000,12678.43050000,6386.17240000,LOW_VOLUME_NODE
93914.30000000,0.17000000,0.07900000,0.09100000,7419.23760000,8546.21040000,LOW_VOLUME_NODE
93914.40000000,0.07300000,0.06600000,0.00700000,6198.35700000,657.40150000,LOW_VOLUME_NODE
93914.60000000,0.26000000,0.05900000,0.20100000,5540.96470000,18876.84190000,LOW_VOLUME_NODE
93914.70000000,0.10100000,0.05100000,0.05000000,4789.65480000,4695.74000000,LOW_VOLUME_NODE
93914.80000000,0.38000000,0.20400000,0.17600000,19158.63960000,16529.02240000,LOW_VOLUME_NODE
93915.80000000,0.14500000,0.11200000,0.03300000,10518.58080000,3099.22470000,LOW_VOLUME_NODE
93915.90000000,0.28600000,0.01900000,0.26700000,1784.40400000,25075.57200000,LOW_VOLUME_NODE
93916.10000000,0.39500000,0.18300000,0.21200000,17186.65840000,19910.22370000,LOW_VOLUME_NODE
93916.30000000,0.22600000,0.01400000,0.21200000,1314.82960000,19910.27680000,LOW_VOLUME_NODE
93916.60000000,0.36100000,0.18400000,0.17700000,17280.65870000,16623.24880000,LOW_VOLUME_NODE
93916.90000000,0.16000000,0.00900000,0.15100000,845.25300000,14181.46700000,LOW_VOLUME_NODE
93917.20000000,0.38600000,0.04800000,0.33800000,4508.03040000,31744.04740000,LOW_VOLUME_NODE
93917.30000000,0.11700000,0.07000000,0.04700000,6574.21800000,4414.11780000,LOW_VOLUME_NODE
93917.40000000,0.04700000,0.00500000,0.04200000,469.58750000,3944.53500000,LOW_VOLUME_NODE
93917.60000000,0.45000000,0.37000000,0.08000000,34749.53290000,7513.40970000,LOW_VOLUME_NODE
93917.70000000,0.05400000,0.03100000,0.02300000,2911.45180000,2160.10940000,LOW_VOLUME_NODE
93917.80000000,0.13200000,0.03400000,0.09800000,3193.20860000,9203.95420000,LOW_VOLUME_NODE
93917.90000000,0.17200000,0.09700000,0.07500000,9110.04600000,7043.85000000,LOW_VOLUME_NODE
93918.60000000,0.25200000,0.05600000,0.19600000,5259.44480000,18408.05370000,LOW_VOLUME_NODE
93919.20000000,0.07800000,0.02900000,0.04900000,2723.65970000,4602.04570000,LOW_VOLUME_NODE
93919.40000000,0.39200000,0.09700000,0.29500000,9110.19150000,27706.25250000,LOW_VOLUME_NODE
93920.70000000,0.05800000,0.03400000,0.02400000,3193.30720000,2254.09920000,LOW_VOLUME_NODE
93920.80000000,0.38200000,0.06100000,0.32100000,5729.17490000,30148.60890000,LOW_VOLUME_NODE
93921.20000000,0.23400000,0.13200000,0.10200000,12397.61160000,9579.97260000,LOW_VOLUME_NODE
93921.90000000,0.40100000,0.38400000,0.01700000,36066.04800000,1596.67400000,LOW_VOLUME_NODE
93922.10000000,0.30100000,0.24100000,0.06000000,22635.24770000,5635.32860000,LOW_VOLUME_NODE
93922.20000000,0.12100000,0.08600000,0.03500000,8077.31780000,3287.28050000,LOW_VOLUME_NODE
93922.30000000,0.11200000,0.07300000,0.03900000,6856.33520000,3662.97360000,LOW_VOLUME_NODE
93922.40000000,0.18500000,0.08300000,0.10200000,7795.56750000,9580.09500000,LOW_VOLUME_NODE
93922.70000000,0.31200000,0.16700000,0.14500000,15685.10760000,13618.80600000,LOW_VOLUME_NODE
93923.40000000,0.38500000,0.13600000,0.24900000,12773.59600000,23386.95150000,LOW_VOLUME_NODE
93923.70000000,0.16700000,0.05800000,0.10900000,5447.58040000,10237.69420000,LOW_VOLUME_NODE
93923.80000000,0.23300000,0.19700000,0.03600000,18503.00830000,3381.26040000,LOW_VOLUME_NODE
93924.10000000,0.13400000,0.08600000,0.04800000,8077.47740000,4508.35880000,LOW_VOLUME_NODE
93924.20000000,0.26600000,0.09600000,0.17000000,9016.73280000,15967.13100000,LOW_VOLUME_NODE
93924.80000000,0.42300000,0.27300000,0.15000000,25641.49770000,14088.73500000,LOW_VOLUME_NODE
93925.30000000,0.24500000,0.15900000,0.08600000,14934.13860000,8077.58440000,LOW_VOLUME_NODE
93925.40000000,0.11500000,0.09700000,0.01800000,9110.77350000,1690.65900000,LOW_VOLUME_NODE
93925.80000000,0.17900000,0.13700000,0.04200000,12867.84830000,3944.88780000,LOW_VOLUME_NODE
93926.30000000,0.13400000,0.07200000,0.06200000,6762.70080000,5823.43680000,LOW_VOLUME_NODE
93926.40000000,0.37700000,0.15100000,0.22600000,14182.90150000,21227.38900000,LOW_VOLUME_NODE
93926.70000000,0.39000000,0.26800000,0.12200000,25172.38240000,11459.06960000,LOW_VOLUME_NODE
93927.30000000,0.05600000,0.02600000,0.03000000,2442.11240000,2817.82200000,LOW_VOLUME_NODE
93927.70000000,0.08100000,0.06600000,0.01500000,6199.23480000,1408.91700000,LOW_VOLUME_NODE
93927.80000000,0.13800000,0.11700000,0.02100000,10989.56430000,1972.48590000,LOW_VOLUME_NODE
93927.90000000,0.35900000,0.08300000,0.27600000,7796.02400000,25924.12800000,LOW_VOLUME_NODE
93928.30000000,0.41200000,0.31200000,0.10000000,29305.66080000,9392.84000000,LOW_VOLUME_NODE
93928.70000000,0.16900000,0.09700000,0.07200000,9111.09360000,6762.87360000,LOW_VOLUME_NODE
93929.20000000,0.25000000,0.12800000,0.12200000,12022.95040000,11459.37460000,LOW_VOLUME_NODE
93929.40000000,0.46200000,0.43500000,0.02700000,40859.33250000,2536.09650000,LOW_VOLUME_NODE
93929.70000000,0.21900000,0.20400000,0.01500000,19161.67920000,1408.94700000,LOW_VOLUME_NODE
93929.80000000,0.11400000,0.05700000,0.05700000,5354.00430000,5354.00430000,LOW_VOLUME_NODE
93930.70000000,0.42100000,0.41200000,0.00900000,38699.48960000,845.37720000,LOW_VOLUME_NODE
93930.80000000,0.06600000,0.03200000,0.03400000,3005.78880000,3193.65060000,LOW_VOLUME_NODE
93930.90000000,0.18100000,0.14000000,0.04100000,13150.34000000,3851.17100000,LOW_VOLUME_NODE
93931.20000000,0.16000000,0.14600000,0.01400000,13713.96980000,1315.03820000,LOW_VOLUME_NODE
93931.30000000,0.23000000,0.03300000,0.19700000,3099.73620000,18504.48580000,LOW_VOLUME_NODE
93931.70000000,0.20000000,0.18000000,0.02000000,16907.72400000,1878.63600000,LOW_VOLUME_NODE
93931.80000000,0.06300000,0.03500000,0.02800000,3287.61650000,2630.09320000,LOW_VOLUME_NODE
93932.30000000,0.10900000,0.08400000,0.02500000,7890.32160000,2348.31000000,LOW_VOLUME_NODE
93932.70000000,0.17400000,0.05200000,0.12200000,4884.50560000,11459.80160000,LOW_VOLUME_NODE
93933.40000000,0.36400000,0.01500000,0.34900000,1409.00250000,32782.79150000,LOW_VOLUME_NODE
93934.30000000,0.29900000,0.19800000,0.10100000,18599.01120000,9487.37440000,LOW_VOLUME_NODE
93934.40000000,0.16700000,0.09800000,0.06900000,9205.58100000,6481.48050000,LOW_VOLUME_NODE
93935.20000000,0.03200000,0.02000000,0.01200000,1878.70600000,1127.22360000,LOW_VOLUME_NODE
93935.30000000,0.04200000,0.01600000,0.02600000,1502.96640000,2442.32040000,LOW_VOLUME_NODE
93935.40000000,0.38100000,0.12700000,0.25400000,11929.80850000,23859.61700000,LOW_VOLUME_NODE
93935.60000000,0.29700000,0.17100000,0.12600000,16062.99760000,11835.88800000,LOW_VOLUME_NODE
93935.70000000,0.03600000,0.02800000,0.00800000,2630.20240000,751.48640000,LOW_VOLUME_NODE
93936.70000000,0.15000000,0.07000000,0.08000000,6575.57600000,7514.94400000,LOW_VOLUME_NODE
93936.80000000,0.47200000,0.13600000,0.33600000,12775.41840000,31562.79840000,LOW_VOLUME_NODE
93937.20000000,0.03000000,0.00900000,0.02100000,845.43570000,1972.68330000,LOW_VOLUME_NODE
93937.30000000,0.15000000,0.01300000,0.13700000,1221.18620000,12869.42380000,LOW_VOLUME_NODE
93937.40000000,0.25700000,0.05400000,0.20300000,5072.62500000,19069.31250000,LOW_VOLUME_NODE
93937.60000000,0.19100000,0.08700000,0.10400000,8172.57580000,9769.51590000,LOW_VOLUME_NODE
93937.70000000,0.05800000,0.04800000,0.01000000,4509.01440000,939.37800000,LOW_VOLUME_NODE
93937.80000000,0.15300000,0.02100000,0.13200000,1972.69590000,12399.80280000,LOW_VOLUME_NODE
93938.70000000,0.13500000,0.03200000,0.10300000,3006.04160000,9675.69640000,LOW_VOLUME_NODE
93939.20000000,0.09400000,0.04200000,0.05200000,3945.45060000,4884.84360000,LOW_VOLUME_NODE
93939.40000000,0.11200000,0.04000000,0.07200000,3757.58000000,6763.64400000,LOW_VOLUME_NODE
93940.20000000,0.04800000,0.02200000,0.02600000,2066.68660000,2442.44780000,LOW_VOLUME_NODE
93940.30000000,0.04700000,0.02300000,0.02400000,2160.62920000,2254.56960000,LOW_VOLUME_NODE
93940.40000000,0.06500000,0.04900000,0.01600000,4603.08450000,1503.04800000,LOW_VOLUME_NODE
93941.20000000,0.35800000,0.35100000,0.00700000,32973.39630000,657.58910000,LOW_VOLUME_NODE
93941.30000000,0.16100000,0.03600000,0.12500000,3381.89040000,11742.67500000,LOW_VOLUME_NODE
93941.40000000,0.06400000,0.04300000,0.02100000,4039.48450000,1972.77150000,LOW_VOLUME_NODE
93941.70000000,0.43100000,0.11600000,0.31500000,10897.24880000,29591.66700000,LOW_VOLUME_NODE
93942.20000000,0.28300000,0.01200000,0.27100000,1127.30760000,25458.36330000,LOW_VOLUME_NODE
93942.30000000,0.34900000,0.06300000,0.28600000,5918.37120000,26867.52640000,LOW_VOLUME_NODE
93942.40000000,0.07000000,0.01200000,0.05800000,1127.31000000,5448.66500000,LOW_VOLUME_NODE
93942.60000000,0.29000000,0.07200000,0.21800000,6763.86950000,20479.50660000,LOW_VOLUME_NODE
93942.90000000,0.42600000,0.23300000,0.19300000,21888.71900000,18130.99900000,LOW_VOLUME_NODE
93943.20000000,0.34200000,0.16700000,0.17500000,15688.53110000,16440.07750000,LOW_VOLUME_NODE
93943.30000000,0.19000000,0.13300000,0.05700000,12494.47220000,5354.77380000,LOW_VOLUME_NODE
93943.90000000,0.34700000,0.28100000,0.06600000,26398.26400000,6200.30400000,LOW_VOLUME_NODE
93944.10000000,0.15600000,0.04700000,0.10900000,4415.37560000,10239.91610000,LOW_VOLUME_NODE
93944.20000000,0.28000000,0.11100000,0.16900000,10427.81730000,15876.58670000,LOW_VOLUME_NODE
93944.30000000,0.14400000,0.10700000,0.03700000,10052.05080000,3475.94280000,LOW_VOLUME_NODE
93944.40000000,0.18500000,0.04700000,0.13800000,4415.39150000,12964.34100000,LOW_VOLUME_NODE
93945.30000000,0.39100000,0.12000000,0.27100000,11273.44800000,25459.20340000,LOW_VOLUME_NODE
93945.90000000,0.13000000,0.11700000,0.01300000,10991.68200000,1221.29800000,LOW_VOLUME_NODE
93946.20000000,0.14000000,0.01600000,0.12400000,1503.14080000,11649.34120000,LOW_VOLUME_NODE
93946.30000000,0.32600000,0.03500000,0.29100000,3288.12400000,27338.40240000,LOW_VOLUME_NODE
93946.80000000,0.09200000,0.07200000,0.02000000,6764.17680000,1878.93800000,LOW_VOLUME_NODE
93946.90000000,0.25300000,0.12400000,0.12900000,11649.42800000,12119.16300000,LOW_VOLUME_NODE
93947.10000000,0.22900000,0.14300000,0.08600000,13434.43700000,8079.45540000,LOW_VOLUME_NODE
93947.20000000,0.25800000,0.10200000,0.15600000,9582.62460000,14655.77880000,LOW_VOLUME_NODE
93947.90000000,0.20100000,0.03600000,0.16500000,3382.12800000,15501.42000000,LOW_VOLUME_NODE
93948.20000000,0.32400000,0.07000000,0.25400000,6576.38100000,23862.86820000,LOW_VOLUME_NODE
93948.30000000,0.26300000,0.13800000,0.12500000,12964.87920000,11743.55000000,LOW_VOLUME_NODE
93948.40000000,0.28000000,0.02300000,0.25700000,2160.81550000,24144.76450000,LOW_VOLUME_NODE
93948.60000000,0.17900000,0.07900000,0.10000000,7421.94530000,9394.86180000,LOW_VOLUME_NODE
93948.70000000,0.25500000,0.02000000,0.23500000,1878.97600000,22077.96800000,LOW_VOLUME_NODE
93948.80000000,0.20300000,0.10600000,0.09700000,9958.58340000,9113.04330000,LOW_VOLUME_NODE
93948.90000000,0.47000000,0.44700000,0.02300000,41995.20300000,2160.82700000,LOW_VOLUME_NODE
93949.30000000,0.41500000,0.21900000,0.19600000,20574.91860000,18414.08240000,LOW_VOLUME_NODE
93949.40000000,0.27700000,0.10300000,0.17400000,9676.79850000,16347.21300000,LOW_VOLUME_NODE
93950.20000000,0.17900000,0.04700000,0.13200000,4415.66410000,12401.43960000,LOW_VOLUME_NODE
93950.30000000,0.18100000,0.11500000,0.06600000,10804.29600000,6200.72640000,LOW_VOLUME_NODE
93950.40000000,0.34600000,0.02000000,0.32600000,1879.01000000,30627.86300000,LOW_VOLUME_NODE
93950.70000000,0.10800000,0.01500000,0.09300000,1409.26200000,8737.42440000,LOW_VOLUME_NODE
93950.90000000,0.18300000,0.12000000,0.06300000,11274.12000000,5918.91300000,LOW_VOLUME_NODE
93951.10000000,0.38200000,0.07000000,0.31200000,6576.58170000,29312.77360000,LOW_VOLUME_NODE
93951.20000000,0.41900000,0.13200000,0.28700000,12401.57160000,26964.02310000,LOW_VOLUME_NODE
93951.30000000,0.11600000,0.03300000,0.08300000,3100.39620000,7797.96620000,LOW_VOLUME_NODE
93951.40000000,0.11800000,0.10100000,0.01700000,9489.10150000,1597.17550000,LOW_VOLUME_NODE
93951.60000000,0.21300000,0.08700000,0.12600000,8173.79670000,11837.90440000,LOW_VOLUME_NODE
93952.10000000,0.18100000,0.12000000,0.06100000,11274.25430000,5731.08360000,LOW_VOLUME_NODE
93952.20000000,0.07200000,0.02800000,0.04400000,2630.66440000,4133.90120000,LOW_VOLUME_NODE
93952.40000000,0.11200000,0.01700000,0.09500000,1597.19250000,8925.48750000,LOW_VOLUME_NODE
93953.20000000,0.14400000,0.11600000,0.02800000,10898.58280000,2630.69240000,LOW_VOLUME_NODE
93953.30000000,0.04200000,0.02400000,0.01800000,2254.88160000,1691.16120000,LOW_VOLUME_NODE
93953.40000000,0.07000000,0.05100000,0.01900000,4791.62850000,1785.11650000,LOW_VOLUME_NODE
93953.70000000,0.29800000,0.07300000,0.22500000,6858.62740000,21139.60500000,LOW_VOLUME_NODE
93953.80000000,0.15100000,0.04000000,0.11100000,3758.15600000,10428.88290000,LOW_VOLUME_NODE
93953.90000000,0.11600000,0.06100000,0.05500000,5731.19400000,5167.47000000,LOW_VOLUME_NODE
93954.10000000,0.23300000,0.14300000,0.09000000,13435.44020000,8455.87360000,LOW_VOLUME_NODE
93954.40000000,0.43100000,0.41300000,0.01800000,38803.20850000,1691.18100000,LOW_VOLUME_NODE
93954.80000000,0.34700000,0.01700000,0.33000000,1597.23330000,31005.11700000,LOW_VOLUME_NODE
93955.30000000,0.48500000,0.36000000,0.12500000,33823.94400000,11744.42500000,LOW_VOLUME_NODE
93955.60000000,0.20900000,0.16100000,0.04800000,15126.86590000,4509.87020000,LOW_VOLUME_NODE
93955.70000000,0.40000000,0.21700000,0.18300000,20388.40860000,17193.91140000,LOW_VOLUME_NODE
93955.80000000,0.11000000,0.09600000,0.01400000,9019.76640000,1315.38260000,LOW_VOLUME_NODE
93955.90000000,0.07400000,0.05300000,0.02100000,4979.66800000,1973.07600000,LOW_VOLUME_NODE
93956.20000000,0.37500000,0.04600000,0.32900000,4321.98980000,30911.62270000,LOW_VOLUME_NODE
93956.40000000,0.50700000,0.49700000,0.01000000,46696.38050000,939.56500000,LOW_VOLUME_NODE
93956.70000000,0.20900000,0.16900000,0.04000000,15878.69920000,3758.27200000,LOW_VOLUME_NODE
93956.80000000,0.32800000,0.07300000,0.25500000,6858.85370000,23959.00950000,LOW_VOLUME_NODE
93957.10000000,0.31200000,0.16500000,0.14700000,15502.93410000,13811.70630000,LOW_VOLUME_NODE
93957.20000000,0.16500000,0.14000000,0.02500000,13154.02200000,2348.93250000,LOW_VOLUME_NODE
93957.30000000,0.28500000,0.01500000,0.27000000,1409.36100000,25368.49800000,LOW_VOLUME_NODE
93957.70000000,0.46700000,0.44000000,0.02700000,41341.43200000,2536.86060000,LOW_VOLUME_NODE
93958.10000000,0.29500000,0.03700000,0.25800000,3476.45210000,24241.19260000,LOW_VOLUME_NODE
93958.20000000,0.17100000,0.01100000,0.16000000,1033.54130000,15033.32800000,LOW_VOLUME_NODE
93958.30000000,0.22800000,0.11700000,0.11100000,10993.13280000,10429.38240000,LOW_VOLUME_NODE
93958.40000000,0.02500000,0.02500000,0.00000000,2348.96250000,0.00000000,LOW_VOLUME_NODE
93958.60000000,0.25200000,0.17100000,0.08100000,16066.93400000,7610.65170000,LOW_VOLUME_NODE
93959.20000000,0.45900000,0.37700000,0.08200000,35422.65610000,7704.66260000,LOW_VOLUME_NODE
93959.30000000,0.48200000,0.45700000,0.02500000,42939.44580000,2348.98500000,LOW_VOLUME_NODE
93959.70000000,0.02500000,0.01000000,0.01500000,939.59800000,1409.39700000,LOW_VOLUME_NODE
93959.80000000,0.06500000,0.00300000,0.06200000,281.87970000,5825.51380000,LOW_VOLUME_NODE
93960.20000000,0.22100000,0.18700000,0.03400000,17570.57610000,3194.65020000,LOW_VOLUME_NODE
93960.40000000,0.47200000,0.05400000,0.41800000,5073.86700000,39275.48900000,LOW_VOLUME_NODE
93961.20000000,0.06600000,0.00300000,0.06300000,281.88390000,5919.56190000,LOW_VOLUME_NODE
93961.80000000,0.51000000,0.35800000,0.15200000,33638.36020000,14282.20880000,LOW_VOLUME_NODE
93962.40000000,0.03300000,0.01200000,0.02100000,1127.55000000,1973.21250000,LOW_VOLUME_NODE
93962.60000000,0.36000000,0.18900000,0.17100000,17758.93820000,16067.61470000,LOW_VOLUME_NODE
93962.70000000,0.39600000,0.12700000,0.26900000,11933.27560000,25275.99320000,LOW_VOLUME_NODE
93963.20000000,0.14700000,0.04100000,0.10600000,3852.49530000,9960.10980000,LOW_VOLUME_NODE
93963.30000000,0.08400000,0.08400000,0.00000000,7892.92560000,0.00000000,LOW_VOLUME_NODE
93963.40000000,0.02500000,0.01100000,0.01400000,1033.59850000,1315.48900000,LOW_VOLUME_NODE
93963.70000000,0.05600000,0.04900000,0.00700000,4604.22620000,657.74660000,LOW_VOLUME_NODE
93963.80000000,0.11000000,0.01400000,0.09600000,1315.49460000,9020.53440000,LOW_VOLUME_NODE
93963.90000000,0.03100000,0.02100000,0.01000000,1973.24400000,939.64000000,LOW_VOLUME_NODE
93964.40000000,0.03700000,0.01700000,0.02000000,1597.39650000,1879.29000000,LOW_VOLUME_NODE
93964.70000000,0.47000000,0.35900000,0.11100000,33733.36320000,10430.09280000,LOW_VOLUME_NODE
93964.80000000,0.04700000,0.04400000,0.00300000,4134.45560000,281.89470000,LOW_VOLUME_NODE
93964.90000000,0.04700000,0.02100000,0.02600000,1973.26500000,2443.09000000,LOW_VOLUME_NODE
93965.20000000,0.02000000,0.01300000,0.00700000,1221.54890000,657.75710000,LOW_VOLUME_NODE
93965.80000000,0.32300000,0.31500000,0.00800000,29599.25850000,751.72720000,LOW_VOLUME_NODE
93965.90000000,0.09000000,0.04500000,0.04500000,4228.47000000,4228.47000000,LOW_VOLUME_NODE
93966.30000000,0.49000000,0.28700000,0.20300000,26968.35680000,19075.17920000,LOW_VOLUME_NODE
93966.40000000,0.34000000,0.30700000,0.03300000,28847.71550000,3100.89450000,LOW_VOLUME_NODE
93966.70000000,0.05300000,0.03200000,0.02100000,3006.93760000,1973.30280000,LOW_VOLUME_NODE
93966.90000000,0.19000000,0.17900000,0.01100000,16820.09300000,1033.63700000,LOW_VOLUME_NODE
93967.30000000,0.17800000,0.12800000,0.05000000,12027.82720000,4698.37000000,LOW_VOLUME_NODE
93967.70000000,0.03700000,0.02000000,0.01700000,1879.35600000,1597.45260000,LOW_VOLUME_NODE
93967.80000000,0.48500000,0.44200000,0.04300000,41533.81180000,4040.61970000,LOW_VOLUME_NODE
93968.10000000,0.27100000,0.24400000,0.02700000,22928.21900000,2537.13970000,LOW_VOLUME_NODE
93968.20000000,0.34600000,0.03900000,0.30700000,3664.76370000,28848.26810000,LOW_VOLUME_NODE
93968.30000000,0.33200000,0.02800000,0.30400000,2631.11520000,28566.39360000,LOW_VOLUME_NODE
93968.40000000,0.11800000,0.01500000,0.10300000,1409.52750000,9678.75550000,LOW_VOLUME_NODE
93968.70000000,0.13500000,0.02400000,0.11100000,2255.25120000,10430.53680000,LOW_VOLUME_NODE
93968.90000000,0.38100000,0.27600000,0.10500000,25935.44400000,9866.74500000,LOW_VOLUME_NODE
93969.10000000,0.22100000,0.18800000,0.03300000,17666.20800000,3100.98150000,LOW_VOLUME_NODE
93969.20000000,0.23700000,0.00600000,0.23100000,563.81580000,21706.90830000,LOW_VOLUME_NODE
93969.30000000,0.26300000,0.04900000,0.21400000,4604.50060000,20109.45160000,LOW_VOLUME_NODE
93969.40000000,0.14200000,0.01100000,0.13100000,1033.66450000,12310.00450000,LOW_VOLUME_NODE
93969.60000000,0.43700000,0.10900000,0.32800000,10242.69570000,30822.03210000,LOW_VOLUME_NODE
93969.80000000,0.36900000,0.35800000,0.01100000,33641.22420000,1033.66890000,LOW_VOLUME_NODE
93969.90000000,0.15600000,0.11100000,0.04500000,10430.67000000,4228.65000000,LOW_VOLUME_NODE
93970.30000000,0.14800000,0.01800000,0.13000000,1691.46720000,12216.15200000,LOW_VOLUME_NODE
93970.40000000,0.01600000,0.00900000,0.00700000,845.73450000,657.79350000,LOW_VOLUME_NODE
93970.80000000,0.00200000,0.00200000,0.00000000,187.94180000,0.00000000,LOW_VOLUME_NODE
93970.90000000,0.11800000,0.10800000,0.01000000,10148.86800000,939.71000000,LOW_VOLUME_NODE
93971.20000000,0.15100000,0.03000000,0.12100000,2819.13900000,11370.52730000,LOW_VOLUME_NODE
93971.40000000,0.04600000,0.03700000,0.00900000,3476.94550000,845.74350000,LOW_VOLUME_NODE
93971.60000000,0.47200000,0.04300000,0.42900000,4040.78110000,40313.81800000,LOW_VOLUME_NODE
93971.70000000,0.15100000,0.10900000,0.04200000,10242.92620000,3946.81560000,LOW_VOLUME_NODE
93971.80000000,0.14500000,0.01800000,0.12700000,1691.49420000,11934.43130000,LOW_VOLUME_NODE
93971.90000000,0.21100000,0.20300000,0.00800000,19076.31600000,751.77600000,LOW_VOLUME_NODE
93972.10000000,0.12300000,0.09200000,0.03100000,8645.44010000,2913.13710000,LOW_VOLUME_NODE
93972.20000000,0.05500000,0.04700000,0.00800000,4416.69810000,751.77840000,LOW_VOLUME_NODE
93972.30000000,0.04500000,0.03700000,0.00800000,3476.97880000,751.77920000,LOW_VOLUME_NODE
93972.40000000,0.02200000,0.01100000,0.01100000,1033.69750000,1033.69750000,LOW_VOLUME_NODE
93972.80000000,0.04500000,0.02500000,0.02000000,2349.32250000,1879.45800000,LOW_VOLUME_NODE
93972.90000000,0.28600000,0.01600000,0.27000000,1503.56800000,25372.71000000,LOW_VOLUME_NODE
93973.20000000,0.12900000,0.01800000,0.11100000,1691.51940000,10431.03630000,LOW_VOLUME_NODE
93973.30000000,0.36400000,0.06700000,0.29700000,6296.21780000,27910.09980000,LOW_VOLUME_NODE
93973.40000000,0.08300000,0.05500000,0.02800000,5168.54250000,2631.25800000,LOW_VOLUME_NODE
93973.70000000,0.17100000,0.10800000,0.06300000,10149.17040000,5920.34940000,LOW_VOLUME_NODE
93974.10000000,0.25000000,0.11500000,0.13500000,10807.02260000,12686.51670000,LOW_VOLUME_NODE
93974.20000000,0.24400000,0.16700000,0.07700000,15693.70810000,7236.02110000,LOW_VOLUME_NODE
93974.30000000,0.08600000,0.07100000,0.01500000,6672.18240000,1409.61600000,LOW_VOLUME_NODE
93974.40000000,0.05800000,0.01600000,0.04200000,1503.59200000,3946.92900000,LOW_VOLUME_NODE
93975.10000000,0.45000000,0.43000000,0.02000000,40409.33310000,1879.50360000,LOW_VOLUME_NODE
93975.20000000,0.07300000,0.03300000,0.04000000,3101.18490000,3759.01200000,LOW_VOLUME_NODE
93975.30000000,0.01100000,0.00500000,0.00600000,469.87700000,563.85240000,LOW_VOLUME_NODE
93975.40000000,0.02400000,0.01400000,0.01000000,1315.65700000,939.75500000,LOW_VOLUME_NODE
93975.60000000,0.08400000,0.04600000,0.03800000,4322.88140000,3571.07610000,LOW_VOLUME_NODE
93975.70000000,0.15600000,0.10200000,0.05400000,9585.53160000,5074.69320000,LOW_VOLUME_NODE
93975.80000000,0.05100000,0.02400000,0.02700000,2255.42160000,2537.34930000,LOW_VOLUME_NODE
93975.90000000,0.01700000,0.01100000,0.00600000,1033.73600000,563.85600000,LOW_VOLUME_NODE
93976.10000000,0.22800000,0.20800000,0.02000000,19547.03870000,1879.52250000,LOW_VOLUME_NODE
93976.20000000,0.31500000,0.01200000,0.30300000,1127.71560000,28474.81890000,LOW_VOLUME_NODE
93976.60000000,0.17700000,0.15400000,0.02300000,14472.39700000,2161.46340000,LOW_VOLUME_NODE
93976.70000000,0.39900000,0.36500000,0.03400000,34301.53200000,3195.21120000,LOW_VOLUME_NODE
93976.80000000,0.51800000,0.00900000,0.50900000,845.79210000,47834.24210000,LOW_VOLUME_NODE
93976.90000000,0.44900000,0.29300000,0.15600000,27535.26100000,14660.41200000,LOW_VOLUME_NODE
93977.20000000,0.02200000,0.01200000,0.01000000,1127.72760000,939.77300000,LOW_VOLUME_NODE
93977.40000000,0.12000000,0.11100000,0.00900000,10431.50250000,845.79750000,LOW_VOLUME_NODE
93978.30000000,0.01600000,0.00800000,0.00800000,751.82720000,751.82720000,LOW_VOLUME_NODE
93978.90000000,0.45900000,0.45100000,0.00800000,42384.52900000,751.83200000,LOW_VOLUME_NODE
93979.20000000,0.38000000,0.33500000,0.04500000,31483.06550000,4229.06850000,LOW_VOLUME_NODE
93979.70000000,0.22400000,0.12400000,0.10000000,11653.49520000,9397.98000000,LOW_VOLUME_NODE
93980.10000000,0.18600000,0.14400000,0.04200000,13533.14240000,3947.16500000,LOW_VOLUME_NODE
93980.30000000,0.07100000,0.01900000,0.05200000,1785.62760000,4886.98080000,LOW_VOLUME_NODE
93980.70000000,0.15600000,0.01800000,0.13800000,1691.65440000,12969.35040000,LOW_VOLUME_NODE
93980.80000000,0.01300000,0.01100000,0.00200000,1033.78990000,187.96180000,LOW_VOLUME_NODE
93980.90000000,0.06400000,0.00300000,0.06100000,281.94300000,5732.84100000,LOW_VOLUME_NODE
93981.20000000,0.18100000,0.16700000,0.01400000,15694.87710000,1315.73820000,LOW_VOLUME_NODE
93981.60000000,0.52000000,0.43600000,0.08400000,40975.98660000,7894.45750000,LOW_VOLUME_NODE
93981.70000000,0.05900000,0.02000000,0.03900000,1879.63600000,3665.29020000,LOW_VOLUME_NODE
93982.10000000,0.13400000,0.11200000,0.02200000,10526.00390000,2067.60720000,LOW_VOLUME_NODE
93982.20000000,0.09600000,0.08700000,0.00900000,8176.46010000,845.84070000,LOW_VOLUME_NODE
93982.40000000,0.26200000,0.17300000,0.08900000,16258.97250000,8364.44250000,LOW_VOLUME_NODE
93983.30000000,0.33400000,0.32500000,0.00900000,30544.60500000,845.85060000,LOW_VOLUME_NODE
93983.40000000,0.02400000,0.01700000,0.00700000,1597.71950000,657.88450000,LOW_VOLUME_NODE
93983.80000000,0.37900000,0.37900000,0.00000000,35619.89810000,0.00000000,LOW_VOLUME_NODE
93984.40000000,0.37100000,0.36300000,0.00800000,34116.37350000,751.87600000,LOW_VOLUME_NODE
93984.70000000,0.13700000,0.12600000,0.01100000,11842.08480000,1033.83280000,LOW_VOLUME_NODE
93984.80000000,0.34800000,0.34300000,0.00500000,32236.82070000,469.92450000,LOW_VOLUME_NODE
93984.90000000,0.33100000,0.31200000,0.01900000,29323.32000000,1785.71500000,LOW_VOLUME_NODE
93985.20000000,0.02000000,0.01800000,0.00200000,1691.73540000,187.97060000,LOW_VOLUME_NODE
93985.30000000,0.06700000,0.06700000,0.00000000,6297.02180000,0.00000000,LOW_VOLUME_NODE
93985.40000000,0.51100000,0.47700000,0.03400000,44831.08350000,3195.50700000,LOW_VOLUME_NODE
93986.30000000,0.17400000,0.07500000,0.09900000,7048.98000000,9304.65360000,LOW_VOLUME_NODE
93986.40000000,0.04300000,0.03800000,0.00500000,3571.48700000,469.93250000,LOW_VOLUME_NODE
93986.70000000,0.31500000,0.30500000,0.01000000,28665.97400000,939.86800000,LOW_VOLUME_NODE
93987.20000000,0.37300000,0.13600000,0.23700000,12782.27280000,22274.99010000,LOW_VOLUME_NODE
93988.30000000,0.39200000,0.12300000,0.26900000,11560.57320000,25282.87960000,LOW_VOLUME_NODE
93988.40000000,0.15400000,0.10700000,0.04700000,10056.76950000,4417.45950000,LOW_VOLUME_NODE
93988.60000000,0.15500000,0.03900000,0.11600000,3665.55640000,10902.67970000,LOW_VOLUME_NODE
93988.70000000,0.44400000,0.34100000,0.10300000,32050.18080000,9680.84640000,LOW_VOLUME_NODE
93988.80000000,0.40000000,0.39600000,0.00400000,37219.60440000,375.95560000,LOW_VOLUME_NODE
93988.90000000,0.12400000,0.10000000,0.02400000,9398.90000000,2255.73600000,LOW_VOLUME_NODE
93989.10000000,0.37400000,0.12000000,0.25400000,11278.69990000,23873.25450000,LOW_VOLUME_NODE
93989.20000000,0.02000000,0.01200000,0.00800000,1127.87160000,751.91440000,LOW_VOLUME_NODE
93989.60000000,0.37900000,0.01700000,0.36200000,1597.82370000,34024.26950000,LOW_VOLUME_NODE
93990.90000000,0.27300000,0.25500000,0.01800000,23967.70500000,1691.83800000,LOW_VOLUME_NODE
93991.10000000,0.37100000,0.35000000,0.02100000,32896.88630000,1973.81330000,LOW_VOLUME_NODE
93991.80000000,0.27900000,0.25300000,0.02600000,23779.95070000,2443.78940000,LOW_VOLUME_NODE
93991.90000000,0.07600000,0.07400000,0.00200000,6955.40800000,187.98400000,LOW_VOLUME_NODE
93992.10000000,0.33700000,0.31800000,0.01900000,29889.51870000,1785.85020000,LOW_VOLUME_NODE
93992.20000000,0.12100000,0.07700000,0.04400000,7237.40710000,4135.66120000,LOW_VOLUME_NODE
93992.30000000,0.04000000,0.03300000,0.00700000,3101.74920000,657.94680000,LOW_VOLUME_NODE
93992.40000000,0.16800000,0.15300000,0.01500000,14380.85250000,1409.88750000,LOW_VOLUME_NODE
93992.70000000,0.07500000,0.05200000,0.02300000,4887.62560000,2161.83440000,LOW_VOLUME_NODE
93993.10000000,0.50800000,0.36300000,0.14500000,34119.51230000,13629.00140000,LOW_VOLUME_NODE
93993.30000000,0.49300000,0.48400000,0.00900000,45492.80560000,845.94060000,LOW_VOLUME_NODE
93993.40000000,0.01200000,0.00900000,0.00300000,845.94150000,281.98050000,LOW_VOLUME_NODE
93993.60000000,0.11400000,0.09800000,0.01600000,9211.38200000,1503.89840000,LOW_VOLUME_NODE
93993.70000000,0.14400000,0.12200000,0.02200000,11467.24360000,2067.86360000,LOW_VOLUME_NODE
93993.90000000,0.21900000,0.21100000,0.00800000,19832.73400000,751.95200000,LOW_VOLUME_NODE
93994.20000000,0.09200000,0.08600000,0.00600000,8083.50980000,563.96580000,LOW_VOLUME_NODE
93994.70000000,0.26600000,0.25800000,0.00800000,24250.65840000,751.95840000,LOW_VOLUME_NODE
93994.80000000,0.48100000,0.47600000,0.00500000,44741.57240000,469.97450000,LOW_VOLUME_NODE
93994.90000000,0.26400000,0.19600000,0.06800000,18423.02000000,6391.66000000,LOW_VOLUME_NODE
93995.10000000,0.15200000,0.03200000,0.12000000,3007.84470000,11279.41220000,LOW_VOLUME_NODE
93995.30000000,0.11200000,0.08700000,0.02500000,8177.59980000,2349.88500000,LOW_VOLUME_NODE
93995.40000000,0.39700000,0.39400000,0.00300000,37034.22700000,281.98650000,LOW_VOLUME_NODE
93995.60000000,0.38800000,0.38800000,0.00000000,36470.29360000,0.00000000,LOW_VOLUME_NODE
93995.70000000,0.02100000,0.00800000,0.01300000,751.96640000,1221.94540000,LOW_VOLUME_NODE
93995.80000000,0.09500000,0.08400000,0.01100000,7895.65560000,1033.95490000,LOW_VOLUME_NODE
93996.10000000,0.20700000,0.20500000,0.00200000,19269.20280000,187.99220000,LOW_VOLUME_NODE
93996.20000000,0.16100000,0.15500000,0.00600000,14569.42650000,563.97780000,LOW_VOLUME_NODE
93996.40000000,0.00800000,0.00300000,0.00500000,281.98950000,469.98250000,LOW_VOLUME_NODE
93996.60000000,0.05800000,0.04000000,0.01800000,3759.86550000,1691.93960000,LOW_VOLUME_NODE
93996.70000000,0.05100000,0.03700000,0.01400000,3477.88160000,1315.95520000,LOW_VOLUME_NODE
93996.90000000,0.03400000,0.02400000,0.01000000,2255.92800000,939.97000000,LOW_VOLUME_NODE
93997.10000000,0.02800000,0.02200000,0.00600000,2067.93670000,563.98260000,LOW_VOLUME_NODE
93997.30000000,0.18600000,0.15900000,0.02700000,14945.58660000,2537.92980000,LOW_VOLUME_NODE
93998.10000000,0.06900000,0.05800000,0.01100000,5451.89040000,1033.97990000,LOW_VOLUME_NODE
93998.20000000,0.01200000,0.00600000,0.00600000,563.98980000,563.98980000,LOW_VOLUME_NODE
93998.30000000,0.02500000,0.02000000,0.00500000,1879.96800000,469.99200000,LOW_VOLUME_NODE
93998.70000000,0.39000000,0.38200000,0.00800000,35907.54160000,751.99040000,LOW_VOLUME_NODE
93999.10000000,0.04400000,0.03900000,0.00500000,3665.96660000,469.99600000,LOW_VOLUME_NODE
93999.20000000,0.03800000,0.01000000,0.02800000,939.99300000,2631.98040000,LOW_VOLUME_NODE
93999.30000000,0.48100000,0.20700000,0.27400000,19457.87580000,25755.83560000,LOW_VOLUME_NODE
94000.60000000,0.11900000,0.11400000,0.00500000,10716.07840000,470.00300000,LOW_VOLUME_NODE
94000.70000000,0.00900000,0.00300000,0.00600000,282.00240000,564.00480000,LOW_VOLUME_NODE
94000.80000000,0.00800000,0.00200000,0.00600000,188.00180000,564.00540000,LOW_VOLUME_NODE
94001.10000000,0.03000000,0.00500000,0.02500000,470.00550000,2350.02890000,LOW_VOLUME_NODE
94001.20000000,0.00300000,0.00000000,0.00300000,0.00000000,282.00390000,LOW_VOLUME_NODE
94001.40000000,0.01300000,0.01300000,0.00000000,1222.01950000,0.00000000,LOW_VOLUME_NODE
94001.70000000,0.24100000,0.23400000,0.00700000,21996.42120000,658.01260000,LOW_VOLUME_NODE
94001.90000000,0.01000000,0.00800000,0.00200000,752.01600000,188.00400000,LOW_VOLUME_NODE
94002.10000000,0.10100000,0.00000000,0.10100000,0.00000000,9494.21260000,LOW_VOLUME_NODE
94002.20000000,0.01600000,0.01100000,0.00500000,1034.02530000,470.01150000,LOW_VOLUME_NODE
94002.30000000,0.00200000,0.00200000,0.00000000,188.00480000,0.00000000,LOW_VOLUME_NODE
94002.40000000,0.00800000,0.00300000,0.00500000,282.00750000,470.01250000,LOW_VOLUME_NODE
94002.60000000,0.01700000,0.01100000,0.00600000,1034.02970000,564.01590000,LOW_VOLUME_NODE
94002.70000000,0.01600000,0.00600000,0.01000000,564.01680000,940.02800000,LOW_VOLUME_NODE
94002.80000000,0.00500000,0.00200000,0.00300000,188.00580000,282.00870000,LOW_VOLUME_NODE
94002.90000000,0.03800000,0.03200000,0.00600000,3008.09600000,564.01800000,LOW_VOLUME_NODE
94003.10000000,0.10800000,0.08000000,0.02800000,7520.25540000,2632.08720000,LOW_VOLUME_NODE
94003.40000000,0.31900000,0.23100000,0.08800000,21714.80850000,8272.30800000,LOW_VOLUME_NODE
94003.60000000,0.10900000,0.02200000,0.08700000,2068.08040000,8178.31380000,LOW_VOLUME_NODE
94003.70000000,0.01300000,0.00200000,0.01100000,188.00760000,1034.04180000,LOW_VOLUME_NODE
94003.80000000,0.11500000,0.00600000,0.10900000,564.02340000,10246.42510000,LOW_VOLUME_NODE
94004.10000000,0.09200000,0.03400000,0.05800000,3196.14180000,5452.23780000,LOW_VOLUME_NODE
94004.20000000,0.09800000,0.09500000,0.00300000,8930.40850000,282.01290000,LOW_VOLUME_NODE
94004.30000000,0.02300000,0.00700000,0.01600000,658.03080000,1504.07040000,LOW_VOLUME_NODE
94004.40000000,0.00800000,0.00500000,0.00300000,470.02250000,282.01350000,LOW_VOLUME_NODE
94004.60000000,0.03300000,0.02500000,0.00800000,2350.11560000,752.03740000,LOW_VOLUME_NODE
94004.70000000,0.05600000,0.04600000,0.01000000,4324.22080000,940.04800000,LOW_VOLUME_NODE
94004.80000000,0.00500000,0.00000000,0.00500000,0.00000000,470.02450000,LOW_VOLUME_NODE
94004.90000000,0.24900000,0.22500000,0.02400000,21151.12500000,2256.12000000,LOW_VOLUME_NODE
94005.10000000,0.02300000,0.01400000,0.00900000,1316.07190000,846.04640000,LOW_VOLUME_NODE
94005.20000000,0.32300000,0.00300000,0.32000000,282.01590000,30081.69600000,LOW_VOLUME_NODE
94005.30000000,0.23300000,0.22700000,0.00600000,21339.22580000,564.03240000,LOW_VOLUME_NODE
94005.40000000,0.00400000,0.00400000,0.00000000,376.02200000,0.00000000,LOW_VOLUME_NODE
94005.60000000,0.01400000,0.00900000,0.00500000,846.05090000,470.02800000,LOW_VOLUME_NODE
94005.70000000,0.01200000,0.00600000,0.00600000,564.03480000,564.03480000,LOW_VOLUME_NODE
94005.90000000,0.00900000,0.00900000,0.00000000,846.05400000,0.00000000,LOW_VOLUME_NODE
94006.10000000,0.01000000,0.01000000,0.00000000,940.06170000,0.00000000,LOW_VOLUME_NODE
94006.20000000,0.01100000,0.00000000,0.01100000,0.00000000,1034.06930000,LOW_VOLUME_NODE
94006.30000000,0.15500000,0.00700000,0.14800000,658.04480000,13912.94720000,LOW_VOLUME_NODE
94006.60000000,0.10900000,0.10000000,0.00900000,9400.66590000,846.06000000,LOW_VOLUME_NODE
94006.70000000,0.08300000,0.01100000,0.07200000,1034.07480000,6768.48960000,LOW_VOLUME_NODE
94006.80000000,0.15300000,0.14200000,0.01100000,13348.97980000,1034.07590000,LOW_VOLUME_NODE
94006.90000000,0.00700000,0.00500000,0.00200000,470.03500000,188.01400000,LOW_VOLUME_NODE
94007.10000000,0.02200000,0.01000000,0.01200000,940.07170000,1128.08610000,LOW_VOLUME_NODE
94007.20000000,0.01800000,0.01500000,0.00300000,1410.10950000,282.02190000,LOW_VOLUME_NODE
94007.30000000,0.05500000,0.01000000,0.04500000,940.07400000,4230.33300000,LOW_VOLUME_NODE
94007.40000000,0.00400000,0.00000000,0.00400000,0.00000000,376.03000000,LOW_VOLUME_NODE
94007.70000000,0.01900000,0.00200000,0.01700000,188.01560000,1598.13260000,LOW_VOLUME_NODE
94007.90000000,0.02700000,0.02700000,0.00000000,2538.21600000,0.00000000,LOW_VOLUME_NODE
94008.10000000,0.02700000,0.01900000,0.00800000,1786.15510000,752.06560000,LOW_VOLUME_NODE
94008.20000000,0.00500000,0.00200000,0.00300000,188.01660000,282.02490000,LOW_VOLUME_NODE
94008.30000000,0.00200000,0.00000000,0.00200000,0.00000000,188.01680000,LOW_VOLUME_NODE
94008.40000000,0.00900000,0.00900000,0.00000000,846.07650000,0.00000000,LOW_VOLUME_NODE
94008.70000000,0.02700000,0.02400000,0.00300000,2256.21120000,282.02640000,LOW_VOLUME_NODE
94008.80000000,0.00200000,0.00200000,0.00000000,188.01780000,0.00000000,LOW_VOLUME_NODE
94008.90000000,0.01900000,0.00200000,0.01700000,188.01800000,1598.15300000,LOW_VOLUME_NODE
94009.20000000,0.06400000,0.05200000,0.01200000,4888.48360000,1128.11160000,LOW_VOLUME_NODE
94009.30000000,0.11600000,0.11600000,0.00000000,10905.09040000,0.00000000,LOW_VOLUME_NODE
94009.40000000,0.03700000,0.03700000,0.00000000,3478.35150000,0.00000000,LOW_VOLUME_NODE
94009.60000000,0.14500000,0.05600000,0.08900000,5264.53790000,8366.86330000,LOW_VOLUME_NODE
94009.70000000,0.01200000,0.01000000,0.00200000,940.09800000,188.01960000,LOW_VOLUME_NODE
94010.20000000,0.00800000,0.00800000,0.00000000,752.08240000,0.00000000,LOW_VOLUME_NODE
94010.30000000,0.00500000,0.00000000,0.00500000,0.00000000,470.05200000,LOW_VOLUME_NODE
94010.40000000,0.01300000,0.01000000,0.00300000,940.10500000,282.03150000,LOW_VOLUME_NODE
94010.70000000,0.03700000,0.03700000,0.00000000,3478.39960000,0.00000000,LOW_VOLUME_NODE
94010.80000000,0.16500000,0.16200000,0.00300000,15229.76580000,282.03270000,LOW_VOLUME_NODE
94010.90000000,0.33500000,0.00300000,0.33200000,282.03300000,31211.65200000,LOW_VOLUME_NODE
94011.10000000,0.19600000,0.08400000,0.11200000,7896.93630000,10529.24320000,LOW_VOLUME_NODE
94011.20000000,0.01000000,0.01000000,0.00000000,940.11300000,0.00000000,LOW_VOLUME_NODE
94011.30000000,0.09900000,0.00400000,0.09500000,376.04560000,8931.08300000,LOW_VOLUME_NODE
94011.40000000,0.05100000,0.04900000,0.00200000,4606.56350000,188.02300000,LOW_VOLUME_NODE
94011.60000000,0.05300000,0.04500000,0.00800000,4230.52230000,752.09330000,LOW_VOLUME_NODE
94011.80000000,0.04000000,0.02300000,0.01700000,2162.27370000,1598.20230000,LOW_VOLUME_NODE
94011.90000000,0.01900000,0.01900000,0.00000000,1786.22800000,0.00000000,LOW_VOLUME_NODE
94012.10000000,0.03500000,0.01600000,0.01900000,1504.19430000,1786.23180000,LOW_VOLUME_NODE
94012.20000000,0.09900000,0.00700000,0.09200000,658.08610000,8649.13160000,LOW_VOLUME_NODE
94012.30000000,0.20100000,0.00300000,0.19800000,282.03720000,18614.45520000,LOW_VOLUME_NODE
94012.40000000,0.00500000,0.00300000,0.00200000,282.03750000,188.02500000,LOW_VOLUME_NODE
94012.60000000,0.11500000,0.01500000,0.10000000,1410.18950000,9401.26970000,LOW_VOLUME_NODE
94013.20000000,0.25600000,0.05700000,0.19900000,5358.75810000,18708.64670000,LOW_VOLUME_NODE
94013.30000000,0.02600000,0.00000000,0.02600000,0.00000000,2444.34840000,LOW_VOLUME_NODE
94013.40000000,0.04600000,0.04400000,0.00200000,4136.59400000,188.02700000,LOW_VOLUME_NODE
94013.60000000,0.11300000,0.01700000,0.09600000,1598.23120000,9025.30580000,LOW_VOLUME_NODE
94013.70000000,0.00500000,0.00200000,0.00300000,188.02760000,282.04140000,LOW_VOLUME_NODE
94013.80000000,0.01400000,0.00600000,0.00800000,564.08340000,752.11120000,LOW_VOLUME_NODE
94013.90000000,0.44000000,0.22600000,0.21400000,21247.16400000,20118.99600000,LOW_VOLUME_NODE
94014.10000000,0.06100000,0.06100000,0.00000000,5734.86100000,0.00000000,LOW_VOLUME_NODE
94014.20000000,0.01000000,0.00400000,0.00600000,376.05720000,564.08580000,LOW_VOLUME_NODE
94014.30000000,0.05700000,0.05400000,0.00300000,5076.77760000,282.04320000,LOW_VOLUME_NODE
94014.60000000,0.24900000,0.23100000,0.01800000,21717.37280000,1692.26330000,LOW_VOLUME_NODE
94014.70000000,0.02000000,0.00500000,0.01500000,470.07400000,1410.22200000,LOW_VOLUME_NODE
94014.80000000,0.01200000,0.00500000,0.00700000,470.07450000,658.10430000,LOW_VOLUME_NODE
94014.90000000,0.26900000,0.02200000,0.24700000,2068.33000000,23221.70500000,LOW_VOLUME_NODE
94015.10000000,0.38900000,0.37700000,0.01200000,35443.69550000,1128.18160000,LOW_VOLUME_NODE
94015.20000000,0.01800000,0.00600000,0.01200000,564.09180000,1128.18360000,LOW_VOLUME_NODE
94015.30000000,0.01300000,0.00500000,0.00800000,470.07700000,752.12320000,LOW_VOLUME_NODE
94015.40000000,0.05300000,0.05000000,0.00300000,4700.77500000,282.04650000,LOW_VOLUME_NODE
94015.60000000,0.03100000,0.01900000,0.01200000,1786.29690000,1128.18800000,LOW_VOLUME_NODE
94015.70000000,0.15200000,0.00300000,0.14900000,282.04740000,14008.35420000,LOW_VOLUME_NODE
94016.10000000,0.01800000,0.00500000,0.01300000,470.08080000,1222.20960000,LOW_VOLUME_NODE
94016.20000000,0.01500000,0.01000000,0.00500000,940.16300000,470.08150000,LOW_VOLUME_NODE
94016.30000000,0.01100000,0.00600000,0.00500000,564.09840000,470.08200000,LOW_VOLUME_NODE
94016.40000000,0.01700000,0.00400000,0.01300000,376.06600000,1222.21450000,LOW_VOLUME_NODE
94016.80000000,0.01600000,0.00300000,0.01300000,282.05070000,1222.21970000,LOW_VOLUME_NODE
94016.90000000,0.07700000,0.01700000,0.06000000,1598.28900000,5641.02000000,LOW_VOLUME_NODE
94017.10000000,0.02300000,0.01200000,0.01100000,1128.20600000,1034.18870000,LOW_VOLUME_NODE
94017.20000000,0.01600000,0.00300000,0.01300000,282.05190000,1222.22490000,LOW_VOLUME_NODE
94017.30000000,0.03500000,0.01000000,0.02500000,940.17400000,2350.43500000,LOW_VOLUME_NODE
94017.40000000,0.00200000,0.00000000,0.00200000,0.00000000,188.03500000,LOW_VOLUME_NODE
94017.60000000,0.04200000,0.03500000,0.00700000,3290.61800000,658.12390000,LOW_VOLUME_NODE
94017.70000000,0.00800000,0.00600000,0.00200000,564.10680000,188.03560000,LOW_VOLUME_NODE
94017.90000000,0.41900000,0.16000000,0.25900000,15042.88000000,24350.66200000,LOW_VOLUME_NODE
94018.10000000,0.12100000,0.00600000,0.11500000,564.10890000,10812.08350000,LOW_VOLUME_NODE
94018.20000000,0.00500000,0.00000000,0.00500000,0.00000000,470.09150000,LOW_VOLUME_NODE
94018.30000000,0.14600000,0.09000000,0.05600000,8461.65600000,5265.03040000,LOW_VOLUME_NODE
94018.70000000,0.00200000,0.00200000,0.00000000,188.03760000,0.00000000,LOW_VOLUME_NODE
94018.80000000,0.01300000,0.00700000,0.00600000,658.13230000,564.11340000,LOW_VOLUME_NODE
94018.90000000,0.09900000,0.00500000,0.09400000,470.09500000,8837.78600000,LOW_VOLUME_NODE
94019.20000000,0.01500000,0.01300000,0.00200000,1222.25090000,188.03860000,LOW_VOLUME_NODE
94019.30000000,0.40800000,0.00900000,0.39900000,846.17460000,37513.74060000,LOW_VOLUME_NODE
94019.40000000,0.26800000,0.04800000,0.22000000,4512.93600000,20684.29000000,LOW_VOLUME_NODE
94019.60000000,0.09600000,0.09600000,0.00000000,9025.89060000,0.00000000,LOW_VOLUME_NODE
94019.80000000,0.12600000,0.01300000,0.11300000,1222.25870000,10624.24870000,LOW_VOLUME_NODE
94019.90000000,0.32100000,0.27400000,0.04700000,25761.48000000,4418.94000000,LOW_VOLUME_NODE
94020.10000000,0.01400000,0.01200000,0.00200000,1128.24240000,188.04020000,LOW_VOLUME_NODE
94020.20000000,0.09200000,0.00200000,0.09000000,188.04060000,8461.82700000,LOW_VOLUME_NODE
94020.30000000,0.11700000,0.05700000,0.06000000,5359.16280000,5641.22400000,LOW_VOLUME_NODE
94020.40000000,0.05200000,0.04800000,0.00400000,4512.98400000,376.08200000,LOW_VOLUME_NODE
94020.60000000,0.14400000,0.05000000,0.09400000,4701.03460000,8837.94580000,LOW_VOLUME_NODE
94020.70000000,0.03800000,0.03500000,0.00300000,3290.72800000,282.06240000,LOW_VOLUME_NODE
94020.80000000,0.04800000,0.03500000,0.01300000,3290.73150000,1222.27170000,LOW_VOLUME_NODE
94020.90000000,0.06200000,0.06200000,0.00000000,5829.30200000,0.00000000,LOW_VOLUME_NODE
94021.60000000,0.02100000,0.01400000,0.00700000,1316.30360000,658.15120000,LOW_VOLUME_NODE
94021.70000000,0.00900000,0.00600000,0.00300000,564.13080000,282.06540000,LOW_VOLUME_NODE
94021.80000000,0.01600000,0.00800000,0.00800000,752.17520000,752.17520000,LOW_VOLUME_NODE
94021.90000000,0.16700000,0.15700000,0.01000000,14761.45400000,940.22000000,LOW_VOLUME_NODE
94022.10000000,0.01300000,0.01300000,0.00000000,1222.28840000,0.00000000,LOW_VOLUME_NODE
94022.40000000,0.14200000,0.00400000,0.13800000,376.09000000,12975.10500000,LOW_VOLUME_NODE
94022.60000000,0.04300000,0.03700000,0.00600000,3478.83760000,564.13590000,LOW_VOLUME_NODE
94022.70000000,0.02600000,0.01300000,0.01300000,1222.29640000,1222.29640000,LOW_VOLUME_NODE
94022.90000000,0.13200000,0.12200000,0.01000000,11470.80600000,940.23000000,LOW_VOLUME_NODE
94023.10000000,0.03200000,0.02600000,0.00600000,2444.60170000,564.13860000,LOW_VOLUME_NODE
94023.30000000,0.01000000,0.00700000,0.00300000,658.16380000,282.07020000,LOW_VOLUME_NODE
94023.60000000,0.03400000,0.02000000,0.01400000,1880.47290000,1316.33070000,LOW_VOLUME_NODE
94023.70000000,0.03700000,0.02000000,0.01700000,1880.47600000,1598.40460000,LOW_VOLUME_NODE
94023.80000000,0.00400000,0.00200000,0.00200000,188.04780000,188.04780000,LOW_VOLUME_NODE
94023.90000000,0.04500000,0.02900000,0.01600000,2726.69600000,1504.38400000,LOW_VOLUME_NODE
94024.20000000,0.05100000,0.02400000,0.02700000,2256.58320000,2538.65610000,LOW_VOLUME_NODE
94024.60000000,0.34000000,0.33100000,0.00900000,31122.17540000,846.22160000,LOW_VOLUME_NODE
94024.70000000,0.26200000,0.25700000,0.00500000,24164.37360000,470.12400000,LOW_VOLUME_NODE
94024.80000000,0.06400000,0.06400000,0.00000000,6017.59360000,0.00000000,LOW_VOLUME_NODE
94025.20000000,0.04500000,0.00700000,0.03800000,658.17710000,3572.96140000,LOW_VOLUME_NODE
94025.30000000,0.00300000,0.00000000,0.00300000,0.00000000,282.07620000,LOW_VOLUME_NODE
94025.40000000,0.02000000,0.01600000,0.00400000,1504.40800000,376.10200000,LOW_VOLUME_NODE
94025.60000000,0.14600000,0.02100000,0.12500000,1974.53970000,11753.20000000,LOW_VOLUME_NODE
94025.70000000,0.00300000,0.00000000,0.00300000,0.00000000,282.07740000,LOW_VOLUME_NODE
94025.80000000,0.02700000,0.01600000,0.01100000,1504.41440000,1034.28490000,LOW_VOLUME_NODE
94025.90000000,0.02000000,0.01800000,0.00200000,1692.46800000,188.05200000,LOW_VOLUME_NODE
94026.10000000,0.03400000,0.03200000,0.00200000,3008.83620000,188.05220000,LOW_VOLUME_NODE
94026.20000000,0.26500000,0.01800000,0.24700000,1692.47340000,23224.49610000,LOW_VOLUME_NODE
94026.30000000,0.19900000,0.19900000,0.00000000,18711.25360000,0.00000000,LOW_VOLUME_NODE
94026.40000000,0.00700000,0.00300000,0.00400000,282.07950000,376.10600000,LOW_VOLUME_NODE
94026.60000000,0.04500000,0.04100000,0.00400000,3855.09260000,376.10680000,LOW_VOLUME_NODE
94026.90000000,0.02200000,0.02200000,0.00000000,2068.59400000,0.00000000,LOW_VOLUME_NODE
94027.20000000,0.03700000,0.03100000,0.00600000,2914.84630000,564.16380000,LOW_VOLUME_NODE
94027.30000000,0.12700000,0.12300000,0.00400000,11565.37020000,376.10960000,LOW_VOLUME_NODE
94027.80000000,0.06500000,0.06500000,0.00000000,6111.81350000,0.00000000,LOW_VOLUME_NODE
94027.90000000,0.01100000,0.00300000,0.00800000,282.08400000,752.22400000,LOW_VOLUME_NODE
94028.10000000,0.05600000,0.04700000,0.00900000,4419.32190000,846.25320000,LOW_VOLUME_NODE
94028.20000000,0.02000000,0.00800000,0.01200000,752.22640000,1128.33960000,LOW_VOLUME_NODE
94028.30000000,0.25500000,0.00200000,0.25300000,188.05680000,23789.18520000,LOW_VOLUME_NODE
94028.40000000,0.27200000,0.01400000,0.25800000,1316.39900000,24259.35300000,LOW_VOLUME_NODE
94028.70000000,0.09300000,0.03100000,0.06200000,2914.89280000,5829.78560000,LOW_VOLUME_NODE
94028.80000000,0.33400000,0.32200000,0.01200000,30277.30580000,1128.34680000,LOW_VOLUME_NODE
94028.90000000,0.02000000,0.01100000,0.00900000,1034.31900000,846.26100000,LOW_VOLUME_NODE
94029.10000000,0.23900000,0.23400000,0.00500000,22002.81000000,470.14580000,LOW_VOLUME_NODE
94029.20000000,0.09500000,0.00500000,0.09000000,470.14650000,8462.63700000,LOW_VOLUME_NODE
94029.30000000,0.09900000,0.09700000,0.00200000,9120.85180000,188.05880000,LOW_VOLUME_NODE
94029.40000000,0.39800000,0.39200000,0.00600000,36859.56400000,564.17700000,LOW_VOLUME_NODE
94029.60000000,0.21200000,0.11500000,0.09700000,10813.41370000,9120.88010000,LOW_VOLUME_NODE
94029.70000000,0.18400000,0.00700000,0.17700000,658.20860000,16643.27460000,LOW_VOLUME_NODE
94030.20000000,0.32200000,0.32000000,0.00200000,30089.69600000,188.06060000,LOW_VOLUME_NODE
94030.30000000,0.17900000,0.17400000,0.00500000,16361.28960000,470.15200000,LOW_VOLUME_NODE
94030.40000000,0.00700000,0.00000000,0.00700000,0.00000000,658.21350000,LOW_VOLUME_NODE
94030.70000000,0.32500000,0.32000000,0.00500000,30089.85600000,470.15400000,LOW_VOLUME_NODE
94030.80000000,0.33000000,0.32400000,0.00600000,30466.01160000,564.18540000,LOW_VOLUME_NODE
94030.90000000,0.14500000,0.03200000,0.11300000,3008.99200000,10625.50300000,LOW_VOLUME_NODE
94031.30000000,0.09200000,0.00000000,0.09200000,0.00000000,8650.88880000,LOW_VOLUME_NODE
94031.60000000,0.09500000,0.09200000,0.00300000,8650.90750000,282.09510000,LOW_VOLUME_NODE
94031.80000000,0.41300000,0.32000000,0.09300000,30090.20800000,8744.96670000,LOW_VOLUME_NODE
94031.90000000,0.42400000,0.41000000,0.01400000,38553.12000000,1316.44800000,LOW_VOLUME_NODE
94032.10000000,0.43400000,0.42300000,0.01100000,39775.58800000,1034.35400000,LOW_VOLUME_NODE
94032.20000000,0.38200000,0.37700000,0.00500000,35450.17710000,470.16150000,LOW_VOLUME_NODE
94032.30000000,0.49300000,0.48400000,0.00900000,45511.68160000,846.29160000,LOW_VOLUME_NODE
94032.40000000,0.11600000,0.09900000,0.01700000,9309.21750000,1598.55250000,LOW_VOLUME_NODE
94032.60000000,0.49200000,0.32400000,0.16800000,30466.56270000,15797.49360000,LOW_VOLUME_NODE
94032.90000000,0.32300000,0.32000000,0.00300000,30090.56000000,282.09900000,LOW_VOLUME_NODE
94033.20000000,0.10400000,0.09700000,0.00700000,9121.23010000,658.23310000,LOW_VOLUME_NODE
94033.40000000,0.00200000,0.00000000,0.00200000,0.00000000,188.06700000,LOW_VOLUME_NODE
94033.60000000,0.02900000,0.01600000,0.01300000,1504.53920000,1222.43730000,LOW_VOLUME_NODE
94033.90000000,0.34800000,0.34400000,0.00400000,32347.69600000,376.13600000,LOW_VOLUME_NODE
94034.30000000,0.32000000,0.32000000,0.00000000,30091.00800000,0.00000000,LOW_VOLUME_NODE
94034.40000000,0.00400000,0.00000000,0.00400000,0.00000000,376.13800000,LOW_VOLUME_NODE
94034.90000000,0.03100000,0.00600000,0.02500000,564.21000000,2350.87500000,LOW_VOLUME_NODE
94035.20000000,0.00200000,0.00200000,0.00000000,188.07060000,0.00000000,LOW_VOLUME_NODE
94035.30000000,0.36200000,0.32200000,0.04000000,30279.39880000,3761.41600000,LOW_VOLUME_NODE
94035.40000000,0.39800000,0.36900000,0.02900000,34699.09950000,2727.02950000,LOW_VOLUME_NODE
94035.80000000,0.00900000,0.00700000,0.00200000,658.25130000,188.07180000,LOW_VOLUME_NODE
94035.90000000,0.09600000,0.09600000,0.00000000,9027.45600000,0.00000000,LOW_VOLUME_NODE
94036.10000000,0.26500000,0.24200000,0.02300000,22756.76040000,2162.83110000,LOW_VOLUME_NODE
94036.20000000,0.04800000,0.00000000,0.04800000,0.00000000,4513.74240000,LOW_VOLUME_NODE
94036.30000000,0.05600000,0.00800000,0.04800000,752.29120000,4513.74720000,LOW_VOLUME_NODE
94036.70000000,0.04000000,0.03700000,0.00300000,3479.36160000,282.11040000,LOW_VOLUME_NODE
94036.80000000,0.00900000,0.00900000,0.00000000,846.33210000,0.00000000,LOW_VOLUME_NODE
94036.90000000,0.06100000,0.05700000,0.00400000,5360.10900000,376.14800000,LOW_VOLUME_NODE
94037.20000000,0.33500000,0.33000000,0.00500000,31032.30900000,470.18650000,LOW_VOLUME_NODE
94037.30000000,0.00500000,0.00200000,0.00300000,188.07480000,282.11220000,LOW_VOLUME_NODE
94037.80000000,0.18000000,0.00300000,0.17700000,282.11370000,16644.70830000,LOW_VOLUME_NODE
94038.40000000,0.32200000,0.32200000,0.00000000,30280.39700000,0.00000000,LOW_VOLUME_NODE
94038.60000000,0.50000000,0.34300000,0.15700000,32255.27250000,14764.06160000,LOW_VOLUME_NODE
94038.70000000,0.08900000,0.08600000,0.00300000,8087.33680000,282.11640000,LOW_VOLUME_NODE
94038.80000000,0.23700000,0.23400000,0.00300000,22005.10260000,282.11670000,LOW_VOLUME_NODE
94039.30000000,0.09100000,0.08900000,0.00200000,8369.50660000,188.07880000,LOW_VOLUME_NODE
94039.40000000,0.00200000,0.00200000,0.00000000,188.07900000,0.00000000,LOW_VOLUME_NODE
94039.60000000,0.03700000,0.03100000,0.00600000,2915.22950000,564.23790000,LOW_VOLUME_NODE
94039.90000000,0.16900000,0.14200000,0.02700000,13353.68000000,2539.08000000,LOW_VOLUME_NODE
94040.30000000,0.01500000,0.00600000,0.00900000,564.24240000,846.36360000,LOW_VOLUME_NODE
94040.80000000,0.08500000,0.07900000,0.00600000,7429.23110000,564.24540000,LOW_VOLUME_NODE
94040.90000000,0.24400000,0.23200000,0.01200000,21817.51200000,1128.49200000,LOW_VOLUME_NODE
94041.30000000,0.48700000,0.00700000,0.48000000,658.28980000,45139.87200000,LOW_VOLUME_NODE
94041.60000000,0.29200000,0.09800000,0.19400000,9216.07740000,18244.08980000,LOW_VOLUME_NODE
94042.30000000,0.09500000,0.00200000,0.09300000,188.08480000,8745.94320000,LOW_VOLUME_NODE
94042.40000000,0.08900000,0.08700000,0.00200000,8181.69750000,188.08500000,LOW_VOLUME_NODE
94042.80000000,0.00900000,0.00400000,0.00500000,376.17160000,470.21450000,LOW_VOLUME_NODE
94042.90000000,0.00400000,0.00400000,0.00000000,376.17200000,0.00000000,LOW_VOLUME_NODE
94043.30000000,0.18700000,0.08900000,0.09800000,8369.86260000,9216.25320000,LOW_VOLUME_NODE
94043.40000000,0.09700000,0.09700000,0.00000000,9122.21950000,0.00000000,LOW_VOLUME_NODE
94043.60000000,0.02400000,0.02100000,0.00300000,1974.91770000,282.13110000,LOW_VOLUME_NODE
94043.70000000,0.08800000,0.08600000,0.00200000,8087.76680000,188.08760000,LOW_VOLUME_NODE
94044.30000000,0.17100000,0.15600000,0.01500000,14670.92640000,1410.66600000,LOW_VOLUME_NODE
94044.40000000,0.21600000,0.08600000,0.13000000,8087.82700000,12225.78500000,LOW_VOLUME_NODE
94044.60000000,0.07300000,0.06200000,0.01100000,5830.76610000,1034.49110000,LOW_VOLUME_NODE
94045.10000000,0.41100000,0.40500000,0.00600000,38088.26680000,564.27060000,LOW_VOLUME_NODE
94045.20000000,0.00400000,0.00200000,0.00200000,188.09060000,188.09060000,LOW_VOLUME_NODE
94045.30000000,0.01400000,0.00700000,0.00700000,658.31780000,658.31780000,LOW_VOLUME_NODE
94045.40000000,0.00200000,0.00000000,0.00200000,0.00000000,188.09100000,LOW_VOLUME_NODE
94045.70000000,0.00700000,0.00400000,0.00300000,376.18320000,282.13740000,LOW_VOLUME_NODE
94046.10000000,0.02600000,0.02100000,0.00500000,1974.96890000,470.23100000,LOW_VOLUME_NODE
94046.30000000,0.14200000,0.00400000,0.13800000,376.18560000,12978.40320000,LOW_VOLUME_NODE
94046.40000000,0.00800000,0.00800000,0.00000000,752.37200000,0.00000000,LOW_VOLUME_NODE
94046.70000000,0.00600000,0.00600000,0.00000000,564.28080000,0.00000000,LOW_VOLUME_NODE
94046.80000000,0.02700000,0.02400000,0.00300000,2257.12560000,282.14070000,LOW_VOLUME_NODE
94046.90000000,0.02300000,0.02100000,0.00200000,1974.98700000,188.09400000,LOW_VOLUME_NODE
94047.10000000,0.00800000,0.00500000,0.00300000,470.23580000,282.14160000,LOW_VOLUME_NODE
94047.20000000,0.00200000,0.00200000,0.00000000,188.09460000,0.00000000,LOW_VOLUME_NODE
94047.30000000,0.01900000,0.01000000,0.00900000,940.47400000,846.42660000,LOW_VOLUME_NODE
94047.40000000,0.09900000,0.08700000,0.01200000,8182.13250000,1128.57000000,LOW_VOLUME_NODE
94047.80000000,0.01800000,0.01200000,0.00600000,1128.57480000,564.28740000,LOW_VOLUME_NODE
94047.90000000,0.01800000,0.01200000,0.00600000,1128.57600000,564.28800000,LOW_VOLUME_NODE
94048.10000000,0.03000000,0.03000000,0.00000000,2821.44330000,0.00000000,LOW_VOLUME_NODE
94048.20000000,0.03200000,0.03000000,0.00200000,2821.44900000,188.09660000,LOW_VOLUME_NODE
94048.30000000,0.09800000,0.09200000,0.00600000,8652.45280000,564.29040000,LOW_VOLUME_NODE
94048.60000000,0.26600000,0.26600000,0.00000000,25016.93690000,0.00000000,LOW_VOLUME_NODE
94048.70000000,0.00600000,0.00600000,0.00000000,564.29280000,0.00000000,LOW_VOLUME_NODE
94048.80000000,0.00900000,0.00300000,0.00600000,282.14670000,564.29340000,LOW_VOLUME_NODE
94048.90000000,0.25500000,0.25500000,0.00000000,23982.49500000,0.00000000,LOW_VOLUME_NODE
94049.10000000,0.07100000,0.07100000,0.00000000,6677.48660000,0.00000000,LOW_VOLUME_NODE
94049.20000000,0.20600000,0.20300000,0.00300000,19092.00790000,282.14790000,LOW_VOLUME_NODE
94049.30000000,0.52000000,0.51400000,0.00600000,48341.39160000,564.29640000,LOW_VOLUME_NODE
94049.70000000,0.01500000,0.00900000,0.00600000,846.44820000,564.29880000,LOW_VOLUME_NODE
94050.10000000,0.12000000,0.12000000,0.00000000,11286.01250000,0.00000000,LOW_VOLUME_NODE
94050.20000000,0.00500000,0.00500000,0.00000000,470.25150000,0.00000000,LOW_VOLUME_NODE
94050.30000000,0.00300000,0.00000000,0.00300000,0.00000000,282.15120000,LOW_VOLUME_NODE
94050.60000000,0.01800000,0.01800000,0.00000000,1692.91150000,0.00000000,LOW_VOLUME_NODE
94050.90000000,0.06500000,0.00300000,0.06200000,282.15300000,5831.16200000,LOW_VOLUME_NODE
94051.10000000,0.04300000,0.03300000,0.01000000,3103.68730000,940.51100000,LOW_VOLUME_NODE
94051.20000000,0.00700000,0.00500000,0.00200000,470.25650000,188.10260000,LOW_VOLUME_NODE
94051.30000000,0.00300000,0.00000000,0.00300000,0.00000000,282.15420000,LOW_VOLUME_NODE
94051.40000000,0.49600000,0.49600000,0.00000000,46649.54400000,0.00000000,LOW_VOLUME_NODE
94051.60000000,0.02700000,0.01900000,0.00800000,1786.98100000,752.41330000,LOW_VOLUME_NODE
94051.70000000,0.17100000,0.00000000,0.17100000,0.00000000,16082.85780000,LOW_VOLUME_NODE
94051.80000000,0.19600000,0.19400000,0.00200000,18246.06860000,188.10380000,LOW_VOLUME_NODE
94051.90000000,0.07100000,0.01000000,0.06100000,940.52000000,5737.17200000,LOW_VOLUME_NODE
94052.10000000,0.11800000,0.11500000,0.00300000,10816.00270000,282.15630000,LOW_VOLUME_NODE
94052.20000000,0.01300000,0.01300000,0.00000000,1222.67990000,0.00000000,LOW_VOLUME_NODE
94052.30000000,0.22300000,0.22000000,0.00300000,20691.52800000,282.15720000,LOW_VOLUME_NODE
94052.40000000,0.00600000,0.00600000,0.00000000,564.31500000,0.00000000,LOW_VOLUME_NODE
94052.60000000,0.13000000,0.12200000,0.00800000,11474.42390000,752.42100000,LOW_VOLUME_NODE
94052.70000000,0.00400000,0.00200000,0.00200000,188.10560000,188.10560000,LOW_VOLUME_NODE
94052.80000000,0.00300000,0.00300000,0.00000000,282.15870000,0.00000000,LOW_VOLUME_NODE
94052.90000000,0.00300000,0.00300000,0.00000000,282.15900000,0.00000000,LOW_VOLUME_NODE
94053.10000000,0.06900000,0.05300000,0.01600000,4984.81930000,1504.85040000,LOW_VOLUME_NODE
94053.40000000,0.00300000,0.00300000,0.00000000,282.16050000,0.00000000,LOW_VOLUME_NODE
94053.60000000,0.01300000,0.00300000,0.01000000,282.16110000,940.53700000,LOW_VOLUME_NODE
94053.70000000,0.12300000,0.12300000,0.00000000,11568.61740000,0.00000000,LOW_VOLUME_NODE
94053.80000000,0.29300000,0.28700000,0.00600000,26993.46930000,564.32340000,LOW_VOLUME_NODE
94053.90000000,0.00600000,0.00300000,0.00300000,282.16200000,282.16200000,LOW_VOLUME_NODE
94054.10000000,0.01600000,0.01600000,0.00000000,1504.86620000,0.00000000,LOW_VOLUME_NODE
94054.20000000,0.00600000,0.00300000,0.00300000,282.16290000,282.16290000,LOW_VOLUME_NODE
94054.30000000,0.01300000,0.01000000,0.00300000,940.54400000,282.16320000,LOW_VOLUME_NODE
94054.40000000,0.38500000,0.38500000,0.00000000,36210.98250000,0.00000000,LOW_VOLUME_NODE
94054.70000000,0.38700000,0.16300000,0.22400000,15330.93240000,21068.27520000,LOW_VOLUME_NODE
94055.10000000,0.03900000,0.03400000,0.00500000,3197.87530000,470.27550000,LOW_VOLUME_NODE
94055.20000000,0.21900000,0.21900000,0.00000000,20598.11070000,0.00000000,LOW_VOLUME_NODE
94055.30000000,0.23100000,0.23100000,0.00000000,21726.79740000,0.00000000,LOW_VOLUME_NODE
94055.40000000,0.52300000,0.52300000,0.00000000,49191.02650000,0.00000000,LOW_VOLUME_NODE
94055.60000000,0.09000000,0.09000000,0.00000000,8465.00780000,0.00000000,LOW_VOLUME_NODE
94055.70000000,0.01100000,0.00900000,0.00200000,846.50220000,188.11160000,LOW_VOLUME_NODE
94055.80000000,0.00600000,0.00300000,0.00300000,282.16770000,282.16770000,LOW_VOLUME_NODE
94055.90000000,0.01100000,0.00900000,0.00200000,846.50400000,188.11200000,LOW_VOLUME_NODE
94056.30000000,0.14600000,0.14300000,0.00300000,13450.06520000,282.16920000,LOW_VOLUME_NODE
94056.40000000,0.00700000,0.00400000,0.00300000,376.22600000,282.16950000,LOW_VOLUME_NODE
94056.60000000,0.07300000,0.05800000,0.01500000,5455.28800000,1410.84920000,LOW_VOLUME_NODE
94056.70000000,0.06100000,0.05500000,0.00600000,5173.12400000,564.34080000,LOW_VOLUME_NODE
94056.80000000,0.00200000,0.00200000,0.00000000,188.11380000,0.00000000,LOW_VOLUME_NODE
94056.90000000,0.00900000,0.00900000,0.00000000,846.51300000,0.00000000,LOW_VOLUME_NODE
94057.10000000,0.02800000,0.02800000,0.00000000,2633.60110000,0.00000000,LOW_VOLUME_NODE
94057.20000000,0.11200000,0.11200000,0.00000000,10534.41760000,0.00000000,LOW_VOLUME_NODE
94057.40000000,0.00300000,0.00300000,0.00000000,282.17250000,0.00000000,LOW_VOLUME_NODE
94057.70000000,0.02800000,0.02800000,0.00000000,2633.61840000,0.00000000,LOW_VOLUME_NODE
94057.80000000,0.00300000,0.00000000,0.00300000,0.00000000,282.17370000,LOW_VOLUME_NODE
94057.90000000,0.00300000,0.00300000,0.00000000,282.17400000,0.00000000,LOW_VOLUME_NODE
94058.30000000,0.47000000,0.46500000,0.00500000,43737.15600000,470.29200000,LOW_VOLUME_NODE
94058.40000000,0.00300000,0.00300000,0.00000000,282.17550000,0.00000000,LOW_VOLUME_NODE
94058.70000000,0.00800000,0.00600000,0.00200000,564.35280000,188.11760000,LOW_VOLUME_NODE
94058.80000000,0.01400000,0.01400000,0.00000000,1316.82460000,0.00000000,LOW_VOLUME_NODE
94059.10000000,0.02200000,0.01900000,0.00300000,1787.12450000,282.17730000,LOW_VOLUME_NODE
94059.20000000,0.08200000,0.08200000,0.00000000,7712.86260000,0.00000000,LOW_VOLUME_NODE
94059.30000000,0.00200000,0.00200000,0.00000000,188.11880000,0.00000000,LOW_VOLUME_NODE
94059.40000000,0.21400000,0.21100000,0.00300000,19846.55450000,282.17850000,LOW_VOLUME_NODE
94059.60000000,0.44600000,0.44600000,0.00000000,41950.62560000,0.00000000,LOW_VOLUME_NODE
94059.70000000,0.08400000,0.08400000,0.00000000,7901.02320000,0.00000000,LOW_VOLUME_NODE
94059.80000000,0.07000000,0.06200000,0.00800000,5831.71380000,752.47920000,LOW_VOLUME_NODE
94060.10000000,0.10500000,0.10300000,0.00200000,9688.19190000,188.12020000,LOW_VOLUME_NODE
94060.20000000,0.03300000,0.03300000,0.00000000,3103.98990000,0.00000000,LOW_VOLUME_NODE
94060.30000000,0.00200000,0.00200000,0.00000000,188.12080000,0.00000000,LOW_VOLUME_NODE
94060.60000000,0.38100000,0.38100000,0.00000000,35837.10150000,0.00000000,LOW_VOLUME_NODE
94060.70000000,0.32200000,0.32200000,0.00000000,30287.57760000,0.00000000,LOW_VOLUME_NODE
94060.90000000,0.00500000,0.00500000,0.00000000,470.30500000,0.00000000,LOW_VOLUME_NODE
94061.20000000,0.00300000,0.00300000,0.00000000,282.18390000,0.00000000,LOW_VOLUME_NODE
94061.30000000,0.03000000,0.02700000,0.00300000,2539.65780000,282.18420000,LOW_VOLUME_NODE
94061.40000000,0.00200000,0.00200000,0.00000000,188.12300000,0.00000000,LOW_VOLUME_NODE
94061.60000000,0.10700000,0.06400000,0.04300000,6019.94880000,4044.64880000,LOW_VOLUME_NODE
94061.70000000,0.01800000,0.01600000,0.00200000,1504.98880000,188.12360000,LOW_VOLUME_NODE
94061.80000000,0.00300000,0.00300000,0.00000000,282.18570000,0.00000000,LOW_VOLUME_NODE
94061.90000000,0.00300000,0.00300000,0.00000000,282.18600000,0.00000000,LOW_VOLUME_NODE
94062.10000000,0.06800000,0.06500000,0.00300000,6114.04260000,282.18630000,LOW_VOLUME_NODE
94062.20000000,0.00200000,0.00200000,0.00000000,188.12460000,0.00000000,LOW_VOLUME_NODE
94062.30000000,0.00300000,0.00300000,0.00000000,282.18720000,0.00000000,LOW_VOLUME_NODE
94062.40000000,0.07200000,0.07200000,0.00000000,6772.50000000,0.00000000,LOW_VOLUME_NODE
94062.60000000,0.01800000,0.01800000,0.00000000,1693.12830000,0.00000000,LOW_VOLUME_NODE
94062.70000000,0.00700000,0.00700000,0.00000000,658.43960000,0.00000000,LOW_VOLUME_NODE
94062.80000000,0.31500000,0.31300000,0.00200000,29441.68770000,188.12580000,LOW_VOLUME_NODE
94062.90000000,0.06700000,0.06500000,0.00200000,6114.09500000,188.12600000,LOW_VOLUME_NODE
94063.10000000,0.40400000,0.40200000,0.00200000,37813.36640000,188.12640000,LOW_VOLUME_NODE
94063.20000000,0.04200000,0.04200000,0.00000000,3950.65860000,0.00000000,LOW_VOLUME_NODE
94063.30000000,0.10000000,0.02100000,0.07900000,1975.33140000,7431.00860000,LOW_VOLUME_NODE
94063.40000000,0.00300000,0.00300000,0.00000000,282.19050000,0.00000000,LOW_VOLUME_NODE
94063.60000000,0.05300000,0.00300000,0.05000000,282.19080000,4703.18500000,LOW_VOLUME_NODE
94063.90000000,0.19500000,0.00000000,0.19500000,0.00000000,18342.48000000,LOW_VOLUME_NODE
94064.30000000,0.25400000,0.25400000,0.00000000,23892.35760000,0.00000000,LOW_VOLUME_NODE
94064.40000000,0.00400000,0.00200000,0.00200000,188.12900000,188.12900000,LOW_VOLUME_NODE
94064.60000000,0.02800000,0.02800000,0.00000000,2633.80880000,0.00000000,LOW_VOLUME_NODE
94064.70000000,0.02000000,0.01800000,0.00200000,1693.16640000,188.12960000,LOW_VOLUME_NODE
94064.80000000,0.01500000,0.01500000,0.00000000,1410.97350000,0.00000000,LOW_VOLUME_NODE
94064.90000000,0.00700000,0.00400000,0.00300000,376.26000000,282.19500000,LOW_VOLUME_NODE
94065.10000000,0.00400000,0.00100000,0.00300000,94.06520000,282.19530000,LOW_VOLUME_NODE
94065.20000000,0.00300000,0.00300000,0.00000000,282.19590000,0.00000000,LOW_VOLUME_NODE
94065.30000000,0.00600000,0.00400000,0.00200000,376.26160000,188.13080000,LOW_VOLUME_NODE
94065.40000000,0.00500000,0.00200000,0.00300000,188.13100000,282.19650000,LOW_VOLUME_NODE
94065.60000000,0.12000000,0.01100000,0.10900000,1034.72230000,10253.16130000,LOW_VOLUME_NODE
94065.80000000,0.21300000,0.00000000,0.21300000,0.00000000,20036.03670000,LOW_VOLUME_NODE
94065.90000000,0.02100000,0.01700000,0.00400000,1599.12200000,376.26400000,LOW_VOLUME_NODE
94066.10000000,0.01100000,0.00500000,0.00600000,470.33080000,564.39690000,LOW_VOLUME_NODE
94066.20000000,0.02800000,0.02800000,0.00000000,2633.85640000,0.00000000,LOW_VOLUME_NODE
94066.30000000,0.04400000,0.04100000,0.00300000,3856.72240000,282.19920000,LOW_VOLUME_NODE
94066.40000000,0.04700000,0.04700000,0.00000000,4421.12550000,0.00000000,LOW_VOLUME_NODE
94066.60000000,0.43100000,0.42900000,0.00200000,40354.57140000,188.13340000,LOW_VOLUME_NODE
94066.70000000,0.00300000,0.00000000,0.00300000,0.00000000,282.20040000,LOW_VOLUME_NODE
94066.90000000,0.09000000,0.08200000,0.00800000,7713.49400000,752.53600000,LOW_VOLUME_NODE
94067.60000000,0.00900000,0.00300000,0.00600000,282.20310000,564.40560000,LOW_VOLUME_NODE
94067.90000000,0.01500000,0.00800000,0.00700000,752.54400000,658.47600000,LOW_VOLUME_NODE
94068.10000000,0.01000000,0.00800000,0.00200000,752.54530000,188.13640000,LOW_VOLUME_NODE
94068.20000000,0.00500000,0.00500000,0.00000000,470.34150000,0.00000000,LOW_VOLUME_NODE
94068.30000000,0.00300000,0.00000000,0.00300000,0.00000000,282.20520000,LOW_VOLUME_NODE
94068.60000000,0.08000000,0.07800000,0.00200000,7337.35430000,188.13720000,LOW_VOLUME_NODE
94068.70000000,0.16400000,0.16200000,0.00200000,15239.14560000,188.13760000,LOW_VOLUME_NODE
94068.80000000,0.00300000,0.00000000,0.00300000,0.00000000,282.20670000,LOW_VOLUME_NODE
94068.90000000,0.08200000,0.07900000,0.00300000,7431.45100000,282.20700000,LOW_VOLUME_NODE
94069.10000000,0.08800000,0.00000000,0.08800000,0.00000000,8278.08960000,LOW_VOLUME_NODE
94069.20000000,0.00300000,0.00300000,0.00000000,282.20790000,0.00000000,LOW_VOLUME_NODE
94069.40000000,0.00200000,0.00200000,0.00000000,188.13900000,0.00000000,LOW_VOLUME_NODE
94069.60000000,0.00600000,0.00400000,0.00200000,376.27860000,188.13940000,LOW_VOLUME_NODE
94069.70000000,0.00900000,0.00600000,0.00300000,564.41880000,282.20940000,LOW_VOLUME_NODE
94069.80000000,0.00300000,0.00300000,0.00000000,282.20970000,0.00000000,LOW_VOLUME_NODE
94069.90000000,0.03800000,0.02900000,0.00900000,2728.03000000,846.63000000,LOW_VOLUME_NODE
94070.40000000,0.00900000,0.00600000,0.00300000,564.42300000,282.21150000,LOW_VOLUME_NODE
94070.60000000,0.10600000,0.10300000,0.00300000,9689.27490000,282.21210000,LOW_VOLUME_NODE
94070.70000000,0.00200000,0.00000000,0.00200000,0.00000000,188.14160000,LOW_VOLUME_NODE
94070.90000000,0.00300000,0.00000000,0.00300000,0.00000000,282.21300000,LOW_VOLUME_NODE
94071.10000000,0.20500000,0.14400000,0.06100000,13546.25280000,5738.34000000,LOW_VOLUME_NODE
94071.20000000,0.05700000,0.05700000,0.00000000,5362.06410000,0.00000000,LOW_VOLUME_NODE
94071.30000000,0.39500000,0.38900000,0.00600000,36593.77460000,564.42840000,LOW_VOLUME_NODE
94071.40000000,0.33500000,0.33500000,0.00000000,31513.95250000,0.00000000,LOW_VOLUME_NODE
94071.60000000,0.09200000,0.05600000,0.03600000,5268.01520000,3386.57790000,LOW_VOLUME_NODE
94071.70000000,0.16000000,0.16000000,0.00000000,15051.48800000,0.00000000,LOW_VOLUME_NODE
94071.90000000,0.30400000,0.29600000,0.00800000,27845.31200000,752.57600000,LOW_VOLUME_NODE
94072.40000000,0.05600000,0.00000000,0.05600000,0.00000000,5268.06000000,LOW_VOLUME_NODE
94072.70000000,0.00600000,0.00400000,0.00200000,376.29120000,188.14560000,LOW_VOLUME_NODE
94072.80000000,0.39800000,0.00200000,0.39600000,188.14580000,37252.86840000,LOW_VOLUME_NODE
94072.90000000,0.01100000,0.00400000,0.00700000,376.29200000,658.51100000,LOW_VOLUME_NODE
94073.10000000,0.01000000,0.00500000,0.00500000,470.36550000,470.36550000,LOW_VOLUME_NODE
94073.20000000,0.01600000,0.00000000,0.01600000,0.00000000,1505.17280000,LOW_VOLUME_NODE
94073.30000000,0.01100000,0.00800000,0.00300000,752.58720000,282.22020000,LOW_VOLUME_NODE
94073.40000000,0.00300000,0.00300000,0.00000000,282.22050000,0.00000000,LOW_VOLUME_NODE
94073.70000000,0.00900000,0.00600000,0.00300000,564.44280000,282.22140000,LOW_VOLUME_NODE
94074.10000000,0.02200000,0.02200000,0.00000000,2069.63240000,0.00000000,LOW_VOLUME_NODE
94074.20000000,0.08500000,0.00800000,0.07700000,752.59440000,7243.72110000,LOW_VOLUME_NODE
94074.30000000,0.37900000,0.37500000,0.00400000,35277.90000000,376.29760000,LOW_VOLUME_NODE
94074.60000000,0.01200000,0.00600000,0.00600000,564.44760000,564.44780000,LOW_VOLUME_NODE
94074.70000000,0.00200000,0.00000000,0.00200000,0.00000000,188.14960000,LOW_VOLUME_NODE
94075.10000000,0.01000000,0.00500000,0.00500000,470.37600000,470.37580000,LOW_VOLUME_NODE
94075.30000000,0.33100000,0.33100000,0.00000000,31138.95740000,0.00000000,LOW_VOLUME_NODE
94075.60000000,0.08200000,0.08200000,0.00000000,7714.20720000,0.00000000,LOW_VOLUME_NODE
94075.70000000,0.24700000,0.03500000,0.21200000,3292.65300000,19944.06960000,LOW_VOLUME_NODE
94075.80000000,0.00600000,0.00000000,0.00600000,0.00000000,564.45540000,LOW_VOLUME_NODE
94075.90000000,0.00900000,0.00400000,0.00500000,376.30400000,470.38000000,LOW_VOLUME_NODE
94076.10000000,0.01100000,0.01100000,0.00000000,1034.83790000,0.00000000,LOW_VOLUME_NODE
94076.20000000,0.00500000,0.00200000,0.00300000,188.15260000,282.22890000,LOW_VOLUME_NODE
94076.30000000,0.00900000,0.00000000,0.00900000,0.00000000,846.68760000,LOW_VOLUME_NODE
94076.40000000,0.04700000,0.00200000,0.04500000,188.15300000,4233.44250000,LOW_VOLUME_NODE
94076.60000000,0.32100000,0.00300000,0.31800000,282.23010000,29916.35880000,LOW_VOLUME_NODE
94076.70000000,0.00800000,0.00300000,0.00500000,282.23040000,470.38400000,LOW_VOLUME_NODE
94076.80000000,0.25700000,0.24800000,0.00900000,23331.07120000,846.69210000,LOW_VOLUME_NODE
94076.90000000,0.02200000,0.00900000,0.01300000,846.69300000,1223.00100000,LOW_VOLUME_NODE
94077.10000000,0.01000000,0.00500000,0.00500000,470.38600000,470.38570000,LOW_VOLUME_NODE
94077.30000000,0.33700000,0.00000000,0.33700000,0.00000000,31704.08380000,LOW_VOLUME_NODE
94077.80000000,0.00600000,0.00600000,0.00000000,564.46740000,0.00000000,LOW_VOLUME_NODE
94077.90000000,0.01300000,0.00000000,0.01300000,0.00000000,1223.01400000,LOW_VOLUME_NODE
94078.10000000,0.31900000,0.05000000,0.26900000,4703.90980000,25307.00970000,LOW_VOLUME_NODE
94078.40000000,0.01100000,0.00800000,0.00300000,752.62800000,282.23550000,LOW_VOLUME_NODE
94078.60000000,0.01000000,0.00500000,0.00500000,470.39300000,470.39350000,LOW_VOLUME_NODE
94078.70000000,0.00500000,0.00300000,0.00200000,282.23640000,188.15760000,LOW_VOLUME_NODE
94079.20000000,0.00500000,0.00300000,0.00200000,282.23790000,188.15860000,LOW_VOLUME_NODE
94079.30000000,0.09700000,0.09200000,0.00500000,8655.30480000,470.39700000,LOW_VOLUME_NODE
94079.40000000,0.09300000,0.09000000,0.00300000,8467.15500000,282.23850000,LOW_VOLUME_NODE
94079.70000000,0.08900000,0.08300000,0.00600000,7808.62340000,564.47880000,LOW_VOLUME_NODE
94080.20000000,0.13900000,0.00400000,0.13500000,376.32120000,12700.84050000,LOW_VOLUME_NODE
94080.30000000,0.21300000,0.21300000,0.00000000,20039.12520000,0.00000000,LOW_VOLUME_NODE
94080.40000000,0.00600000,0.00000000,0.00600000,0.00000000,564.48300000,LOW_VOLUME_NODE
94080.60000000,0.00900000,0.00900000,0.00000000,846.72540000,0.00000000,LOW_VOLUME_NODE
94080.70000000,0.21400000,0.00200000,0.21200000,188.16160000,19945.12960000,LOW_VOLUME_NODE
94080.80000000,0.00300000,0.00000000,0.00300000,0.00000000,282.24270000,LOW_VOLUME_NODE
94080.90000000,0.00600000,0.00000000,0.00600000,0.00000000,564.48600000,LOW_VOLUME_NODE
94081.10000000,0.02200000,0.00600000,0.01600000,564.48700000,1505.29790000,LOW_VOLUME_NODE
94081.30000000,0.00600000,0.00400000,0.00200000,376.32560000,188.16280000,LOW_VOLUME_NODE
94081.40000000,0.01200000,0.00900000,0.00300000,846.73350000,282.24450000,LOW_VOLUME_NODE
94081.60000000,0.01600000,0.01200000,0.00400000,1128.98000000,376.32660000,LOW_VOLUME_NODE
94081.80000000,0.04800000,0.04500000,0.00300000,4233.68550000,282.24570000,LOW_VOLUME_NODE
94081.90000000,0.00500000,0.00000000,0.00500000,0.00000000,470.41000000,LOW_VOLUME_NODE
94082.20000000,0.17400000,0.10800000,0.06600000,10160.88840000,6209.43180000,LOW_VOLUME_NODE
94082.40000000,0.00300000,0.00000000,0.00300000,0.00000000,282.24750000,LOW_VOLUME_NODE
94082.70000000,0.23100000,0.01900000,0.21200000,1787.57320000,19945.55360000,LOW_VOLUME_NODE
94082.80000000,0.15900000,0.00000000,0.15900000,0.00000000,14959.18110000,LOW_VOLUME_NODE
94082.90000000,0.38900000,0.00600000,0.38300000,564.49800000,36033.78900000,LOW_VOLUME_NODE
94083.20000000,0.03600000,0.01000000,0.02600000,940.83300000,2446.16580000,LOW_VOLUME_NODE
94083.30000000,0.00800000,0.00800000,0.00000000,752.66720000,0.00000000,LOW_VOLUME_NODE
94083.70000000,0.00600000,0.00600000,0.00000000,564.50280000,0.00000000,LOW_VOLUME_NODE
94083.80000000,0.01100000,0.00800000,0.00300000,752.67120000,282.25170000,LOW_VOLUME_NODE
94083.90000000,0.00600000,0.00000000,0.00600000,0.00000000,564.50400000,LOW_VOLUME_NODE
94084.10000000,0.02100000,0.01600000,0.00500000,1505.34610000,470.42070000,LOW_VOLUME_NODE
94084.20000000,0.00400000,0.00200000,0.00200000,188.16860000,188.16860000,LOW_VOLUME_NODE
94084.30000000,0.01700000,0.00200000,0.01500000,188.16880000,1411.26600000,LOW_VOLUME_NODE
94084.40000000,0.19300000,0.00000000,0.19300000,0.00000000,18158.30850000,LOW_VOLUME_NODE
94084.70000000,0.04400000,0.04100000,0.00300000,3857.47680000,282.25440000,LOW_VOLUME_NODE
94084.80000000,0.22200000,0.21900000,0.00300000,20604.59310000,282.25470000,LOW_VOLUME_NODE
94084.90000000,0.33600000,0.31700000,0.01900000,29824.94500000,1787.61500000,LOW_VOLUME_NODE
94085.10000000,0.01000000,0.00500000,0.00500000,470.42570000,470.42550000,LOW_VOLUME_NODE
94085.30000000,0.00800000,0.00600000,0.00200000,564.51240000,188.17080000,LOW_VOLUME_NODE
94085.40000000,0.13800000,0.13500000,0.00300000,12701.54250000,282.25650000,LOW_VOLUME_NODE
94085.60000000,0.03100000,0.00500000,0.02600000,470.42830000,2446.22760000,LOW_VOLUME_NODE
94085.70000000,0.01500000,0.00700000,0.00800000,658.60060000,752.68640000,LOW_VOLUME_NODE
94085.80000000,0.03000000,0.03000000,0.00000000,2822.57700000,0.00000000,LOW_VOLUME_NODE
94085.90000000,0.28400000,0.18500000,0.09900000,17405.91000000,9314.51400000,LOW_VOLUME_NODE
94086.10000000,0.13100000,0.04900000,0.08200000,4610.22330000,7715.06200000,LOW_VOLUME_NODE
94086.30000000,0.01600000,0.00600000,0.01000000,564.51840000,940.86400000,LOW_VOLUME_NODE
94086.40000000,0.00600000,0.00000000,0.00600000,0.00000000,564.51900000,LOW_VOLUME_NODE
94086.70000000,0.22200000,0.22200000,0.00000000,20887.26960000,0.00000000,LOW_VOLUME_NODE
94087.10000000,0.26600000,0.26400000,0.00200000,24838.99780000,188.17440000,LOW_VOLUME_NODE
94087.20000000,0.09300000,0.00200000,0.09100000,188.17460000,8561.94430000,LOW_VOLUME_NODE
94087.30000000,0.05900000,0.05600000,0.00300000,5268.89440000,282.26220000,LOW_VOLUME_NODE
94087.40000000,0.01400000,0.01100000,0.00300000,1034.96250000,282.26250000,LOW_VOLUME_NODE
94087.60000000,0.04400000,0.03500000,0.00900000,3293.06650000,846.78930000,LOW_VOLUME_NODE
94087.70000000,0.02100000,0.02100000,0.00000000,1975.84380000,0.00000000,LOW_VOLUME_NODE
94087.80000000,0.37000000,0.36300000,0.00700000,34153.90770000,658.61530000,LOW_VOLUME_NODE
94088.10000000,0.14700000,0.00300000,0.14400000,282.26460000,13548.70080000,LOW_VOLUME_NODE
94088.20000000,0.13700000,0.01100000,0.12600000,1034.97130000,11855.12580000,LOW_VOLUME_NODE
94088.30000000,0.01200000,0.00900000,0.00300000,846.79560000,282.26520000,LOW_VOLUME_NODE
94088.40000000,0.21900000,0.21600000,0.00300000,20323.11600000,282.26550000,LOW_VOLUME_NODE
94088.60000000,0.45600000,0.43600000,0.02000000,41022.65150000,1881.77330000,LOW_VOLUME_NODE
94088.70000000,0.16800000,0.16000000,0.00800000,15054.20800000,752.71040000,LOW_VOLUME_NODE
94088.80000000,0.47000000,0.47000000,0.00000000,44221.78300000,0.00000000,LOW_VOLUME_NODE
94088.90000000,0.32900000,0.00000000,0.32900000,0.00000000,30955.28100000,LOW_VOLUME_NODE
94089.10000000,0.10400000,0.09600000,0.00800000,9032.56320000,752.71330000,LOW_VOLUME_NODE
94089.20000000,0.02300000,0.00600000,0.01700000,564.53580000,1599.51810000,LOW_VOLUME_NODE
94089.30000000,0.00900000,0.00400000,0.00500000,376.35760000,470.44700000,LOW_VOLUME_NODE
94089.40000000,0.00300000,0.00000000,0.00300000,0.00000000,282.26850000,LOW_VOLUME_NODE
94089.70000000,0.00900000,0.00600000,0.00300000,564.53880000,282.26940000,LOW_VOLUME_NODE
94089.80000000,0.19700000,0.00200000,0.19500000,188.17980000,18347.53050000,LOW_VOLUME_NODE
94090.20000000,0.03500000,0.02700000,0.00800000,2540.43810000,752.72240000,LOW_VOLUME_NODE
94090.30000000,0.46900000,0.21200000,0.25700000,19947.16480000,24181.23280000,LOW_VOLUME_NODE
94090.90000000,0.14000000,0.04200000,0.09800000,3951.82200000,9220.91800000,LOW_VOLUME_NODE
94091.10000000,0.21300000,0.00600000,0.20700000,564.54660000,19476.86930000,LOW_VOLUME_NODE
94091.80000000,0.02300000,0.02100000,0.00200000,1975.92990000,188.18380000,LOW_VOLUME_NODE
94091.90000000,0.09700000,0.00300000,0.09400000,282.27600000,8844.64800000,LOW_VOLUME_NODE
94092.10000000,0.24600000,0.03200000,0.21400000,3010.94950000,20135.72200000,LOW_VOLUME_NODE
94092.20000000,0.21700000,0.21200000,0.00500000,19947.56760000,470.46150000,LOW_VOLUME_NODE
94092.30000000,0.21500000,0.21200000,0.00300000,19947.58880000,282.27720000,LOW_VOLUME_NODE
94092.40000000,0.00300000,0.00000000,0.00300000,0.00000000,282.27750000,LOW_VOLUME_NODE
94092.60000000,0.24600000,0.04700000,0.19900000,4422.35430000,18724.44700000,LOW_VOLUME_NODE
94092.70000000,0.01500000,0.00500000,0.01000000,470.46400000,940.92800000,LOW_VOLUME_NODE
94092.80000000,0.12300000,0.11800000,0.00500000,11102.96220000,470.46450000,LOW_VOLUME_NODE
94092.90000000,0.01600000,0.00600000,0.01000000,564.55800000,940.93000000,LOW_VOLUME_NODE
94093.10000000,0.02200000,0.01500000,0.00700000,1411.39700000,658.65220000,LOW_VOLUME_NODE
94093.20000000,0.32400000,0.32100000,0.00300000,30203.94930000,282.27990000,LOW_VOLUME_NODE
94093.30000000,0.22900000,0.22300000,0.00600000,20982.82820000,564.56040000,LOW_VOLUME_NODE
94093.40000000,0.00800000,0.00200000,0.00600000,188.18700000,564.56100000,LOW_VOLUME_NODE
94093.60000000,0.17700000,0.05100000,0.12600000,4798.77420000,11855.80600000,LOW_VOLUME_NODE
94093.80000000,0.20100000,0.13500000,0.06600000,12702.67650000,6210.19740000,LOW_VOLUME_NODE
94094.10000000,0.06100000,0.05400000,0.00700000,5081.08140000,658.65900000,LOW_VOLUME_NODE
94094.20000000,0.01200000,0.00700000,0.00500000,658.66010000,470.47150000,LOW_VOLUME_NODE
94094.30000000,0.08800000,0.08500000,0.00300000,7998.02400000,282.28320000,LOW_VOLUME_NODE
94094.40000000,0.04700000,0.04200000,0.00500000,3951.96900000,470.47250000,LOW_VOLUME_NODE
94094.70000000,0.16500000,0.00000000,0.16500000,0.00000000,15525.64200000,LOW_VOLUME_NODE
94094.80000000,0.00600000,0.00400000,0.00200000,376.37960000,188.18980000,LOW_VOLUME_NODE
94094.90000000,0.03800000,0.00700000,0.03100000,658.66500000,2916.94500000,LOW_VOLUME_NODE
94095.10000000,0.17600000,0.16200000,0.01400000,15243.42210000,1317.33250000,LOW_VOLUME_NODE
94095.20000000,0.00600000,0.00000000,0.00600000,0.00000000,564.57180000,LOW_VOLUME_NODE
94095.30000000,0.00200000,0.00000000,0.00200000,0.00000000,188.19080000,LOW_VOLUME_NODE
94095.80000000,0.08000000,0.00500000,0.07500000,470.47950000,7057.19250000,LOW_VOLUME_NODE
94095.90000000,0.20800000,0.00200000,0.20600000,188.19200000,19383.77600000,LOW_VOLUME_NODE
94096.40000000,0.48500000,0.39400000,0.09100000,37074.02100000,8562.78150000,LOW_VOLUME_NODE
94096.60000000,0.01700000,0.01000000,0.00700000,940.96700000,658.67690000,LOW_VOLUME_NODE
94096.70000000,0.02000000,0.00000000,0.02000000,0.00000000,1881.93600000,LOW_VOLUME_NODE
94096.80000000,0.40000000,0.03400000,0.36600000,3199.29460000,34439.46540000,LOW_VOLUME_NODE
94096.90000000,0.13700000,0.00200000,0.13500000,188.19400000,12703.09500000,LOW_VOLUME_NODE
94097.10000000,0.00900000,0.00600000,0.00300000,564.58260000,282.29160000,LOW_VOLUME_NODE
94097.20000000,0.09200000,0.00000000,0.09200000,0.00000000,8656.95160000,LOW_VOLUME_NODE
94097.30000000,0.00400000,0.00000000,0.00400000,0.00000000,376.38960000,LOW_VOLUME_NODE
94097.40000000,0.01100000,0.00000000,0.01100000,0.00000000,1035.07250000,LOW_VOLUME_NODE
94097.60000000,0.32600000,0.32400000,0.00200000,30487.65420000,188.19540000,LOW_VOLUME_NODE
94097.70000000,0.09800000,0.00300000,0.09500000,282.29340000,8939.29100000,LOW_VOLUME_NODE
94097.80000000,0.01100000,0.00000000,0.01100000,0.00000000,1035.07690000,LOW_VOLUME_NODE
94097.90000000,0.12200000,0.03100000,0.09100000,2917.03800000,8562.91800000,LOW_VOLUME_NODE
94098.10000000,0.15900000,0.00600000,0.15300000,564.58860000,14397.01790000,LOW_VOLUME_NODE
94098.20000000,0.08200000,0.07600000,0.00600000,7151.47080000,564.58980000,LOW_VOLUME_NODE
94098.30000000,0.08100000,0.07800000,0.00300000,7339.67520000,282.29520000,LOW_VOLUME_NODE
94098.40000000,0.10500000,0.00600000,0.09900000,564.59100000,9315.75150000,LOW_VOLUME_NODE
94098.60000000,0.09900000,0.00400000,0.09500000,376.39480000,8939.36750000,LOW_VOLUME_NODE
94098.70000000,0.02300000,0.01400000,0.00900000,1317.38320000,846.88920000,LOW_VOLUME_NODE
94098.80000000,0.02800000,0.02600000,0.00200000,2446.57140000,188.19780000,LOW_VOLUME_NODE
94098.90000000,0.16300000,0.07400000,0.08900000,6963.32600000,8374.81100000,LOW_VOLUME_NODE
94099.10000000,0.01800000,0.00500000,0.01300000,470.49570000,1223.28920000,LOW_VOLUME_NODE
94099.20000000,0.09600000,0.09000000,0.00600000,8468.93700000,564.59580000,LOW_VOLUME_NODE
94099.40000000,0.01800000,0.01100000,0.00700000,1035.09450000,658.69650000,LOW_VOLUME_NODE
94099.60000000,0.21300000,0.20500000,0.00800000,19290.43400000,752.79710000,LOW_VOLUME_NODE
94099.70000000,0.21600000,0.12500000,0.09100000,11762.47500000,8563.08180000,LOW_VOLUME_NODE
94100.10000000,0.19100000,0.09600000,0.09500000,9033.61780000,8939.51010000,LOW_VOLUME_NODE
94100.20000000,0.00300000,0.00000000,0.00300000,0.00000000,282.30090000,LOW_VOLUME_NODE
94100.30000000,0.01500000,0.01500000,0.00000000,1411.50600000,0.00000000,LOW_VOLUME_NODE
94100.40000000,0.00500000,0.00000000,0.00500000,0.00000000,470.50250000,LOW_VOLUME_NODE
94100.60000000,0.31100000,0.00600000,0.30500000,564.60420000,28700.70470000,LOW_VOLUME_NODE
94100.80000000,0.10000000,0.10000000,0.00000000,9410.09000000,0.00000000,LOW_VOLUME_NODE
94100.90000000,0.21600000,0.20400000,0.01200000,19196.60400000,1129.21200000,LOW_VOLUME_NODE
94101.10000000,0.32400000,0.02000000,0.30400000,1882.02230000,28606.73470000,LOW_VOLUME_NODE
94101.20000000,0.00700000,0.00400000,0.00300000,376.40520000,282.30390000,LOW_VOLUME_NODE
94101.30000000,0.02900000,0.02900000,0.00000000,2728.94060000,0.00000000,LOW_VOLUME_NODE
94101.40000000,0.00500000,0.00000000,0.00500000,0.00000000,470.50750000,LOW_VOLUME_NODE
94101.70000000,0.00600000,0.00000000,0.00600000,0.00000000,564.61080000,LOW_VOLUME_NODE
94101.80000000,0.00500000,0.00000000,0.00500000,0.00000000,470.50950000,LOW_VOLUME_NODE
94101.90000000,0.17700000,0.08800000,0.08900000,8280.97600000,8375.07800000,LOW_VOLUME_NODE
94102.10000000,0.02300000,0.01800000,0.00500000,1693.83860000,470.51100000,LOW_VOLUME_NODE
94102.30000000,0.01500000,0.00300000,0.01200000,282.30720000,1129.22880000,LOW_VOLUME_NODE
94102.40000000,0.01900000,0.01600000,0.00300000,1505.64000000,282.30750000,LOW_VOLUME_NODE
94102.60000000,0.11600000,0.01400000,0.10200000,1317.43750000,9598.46660000,LOW_VOLUME_NODE
94102.70000000,0.30400000,0.29900000,0.00500000,28136.73720000,470.51400000,LOW_VOLUME_NODE
94103.10000000,0.22000000,0.00200000,0.21800000,188.20640000,20514.49730000,LOW_VOLUME_NODE
94103.20000000,0.12200000,0.11600000,0.00600000,10915.98280000,564.61980000,LOW_VOLUME_NODE
94103.30000000,0.00300000,0.00000000,0.00300000,0.00000000,282.31020000,LOW_VOLUME_NODE
94103.40000000,0.00600000,0.00300000,0.00300000,282.31050000,282.31050000,LOW_VOLUME_NODE
94103.90000000,0.02100000,0.00600000,0.01500000,564.62400000,1411.56000000,LOW_VOLUME_NODE
94104.20000000,0.02200000,0.02200000,0.00000000,2070.29460000,0.00000000,LOW_VOLUME_NODE
94104.30000000,0.01600000,0.00700000,0.00900000,658.73080000,846.93960000,LOW_VOLUME_NODE
94104.40000000,0.02000000,0.01700000,0.00300000,1599.77650000,282.31350000,LOW_VOLUME_NODE
94104.60000000,0.02500000,0.02000000,0.00500000,1882.09370000,470.52320000,LOW_VOLUME_NODE
94105.20000000,0.00500000,0.00500000,0.00000000,470.52650000,0.00000000,LOW_VOLUME_NODE
94105.30000000,0.27900000,0.27900000,0.00000000,26255.40660000,0.00000000,LOW_VOLUME_NODE
94105.60000000,0.21100000,0.00800000,0.20300000,752.84480000,19103.45680000,LOW_VOLUME_NODE
94105.80000000,0.00200000,0.00000000,0.00200000,0.00000000,188.21180000,LOW_VOLUME_NODE
94105.90000000,0.06900000,0.06300000,0.00600000,5928.67800000,564.63600000,LOW_VOLUME_NODE
94106.10000000,0.13000000,0.11000000,0.02000000,10351.68180000,1882.12370000,LOW_VOLUME_NODE
94106.20000000,0.12800000,0.12600000,0.00200000,11857.39380000,188.21260000,LOW_VOLUME_NODE
94106.30000000,0.02700000,0.02500000,0.00200000,2352.66000000,188.21280000,LOW_VOLUME_NODE
94106.70000000,0.02700000,0.02400000,0.00300000,2258.56320000,282.32040000,LOW_VOLUME_NODE
94106.90000000,0.01300000,0.00500000,0.00800000,470.53500000,752.85600000,LOW_VOLUME_NODE
94107.30000000,0.00800000,0.00500000,0.00300000,470.53700000,282.32220000,LOW_VOLUME_NODE
94107.40000000,0.01200000,0.00300000,0.00900000,282.32250000,846.96750000,LOW_VOLUME_NODE
94107.80000000,0.09700000,0.08800000,0.00900000,8281.49520000,846.97110000,LOW_VOLUME_NODE
94107.90000000,0.12900000,0.08300000,0.04600000,7810.96400000,4328.96800000,LOW_VOLUME_NODE
94108.30000000,0.40800000,0.40800000,0.00000000,38396.22720000,0.00000000,LOW_VOLUME_NODE
94108.40000000,0.22800000,0.22000000,0.00800000,20703.87000000,752.86800000,LOW_VOLUME_NODE
94108.70000000,0.00500000,0.00500000,0.00000000,470.54400000,0.00000000,LOW_VOLUME_NODE
94108.80000000,0.17100000,0.00000000,0.17100000,0.00000000,16092.62190000,LOW_VOLUME_NODE
94109.10000000,0.22900000,0.22000000,0.00900000,20704.02330000,846.98240000,LOW_VOLUME_NODE
94109.20000000,0.06300000,0.06300000,0.00000000,5928.88590000,0.00000000,LOW_VOLUME_NODE
94109.40000000,0.01800000,0.01000000,0.00800000,941.09500000,752.87600000,LOW_VOLUME_NODE
94109.70000000,0.03400000,0.03400000,0.00000000,3199.73320000,0.00000000,LOW_VOLUME_NODE
94109.80000000,0.11500000,0.11500000,0.00000000,10822.63850000,0.00000000,LOW_VOLUME_NODE
94110.20000000,0.05500000,0.00300000,0.05200000,282.33090000,4893.73560000,LOW_VOLUME_NODE
94110.30000000,0.00600000,0.00000000,0.00600000,0.00000000,564.66240000,LOW_VOLUME_NODE
94110.40000000,0.11600000,0.02500000,0.09100000,2352.76250000,8564.05550000,LOW_VOLUME_NODE
94110.60000000,0.08300000,0.00600000,0.07700000,564.66380000,7246.51650000,LOW_VOLUME_NODE
94110.70000000,0.45800000,0.45800000,0.00000000,43102.74640000,0.00000000,LOW_VOLUME_NODE
94110.80000000,0.25500000,0.25000000,0.00500000,23527.72500000,470.55450000,LOW_VOLUME_NODE
94111.20000000,0.01800000,0.01200000,0.00600000,1129.33560000,564.66780000,LOW_VOLUME_NODE
94111.30000000,0.11500000,0.00600000,0.10900000,564.66840000,10258.14260000,LOW_VOLUME_NODE
94111.60000000,0.03700000,0.03100000,0.00600000,2917.46170000,564.66960000,LOW_VOLUME_NODE
94111.70000000,0.50800000,0.49900000,0.00900000,46961.78820000,847.00620000,LOW_VOLUME_NODE
94111.90000000,0.29800000,0.25700000,0.04100000,24186.78400000,3858.59200000,LOW_VOLUME_NODE
94112.20000000,0.43900000,0.43300000,0.00600000,40750.62590000,564.67380000,LOW_VOLUME_NODE
94112.80000000,0.01000000,0.00000000,0.01000000,0.00000000,941.12900000,LOW_VOLUME_NODE
94112.90000000,0.01800000,0.01100000,0.00700000,1035.24300000,658.79100000,LOW_VOLUME_NODE
94113.30000000,0.01000000,0.00200000,0.00800000,188.22680000,752.90720000,LOW_VOLUME_NODE
94113.70000000,0.06700000,0.00000000,0.06700000,0.00000000,6305.62460000,LOW_VOLUME_NODE
94113.80000000,0.30700000,0.30400000,0.00300000,28610.62560000,282.34170000,LOW_VOLUME_NODE
94113.90000000,0.01200000,0.00300000,0.00900000,282.34200000,847.02600000,LOW_VOLUME_NODE
94114.30000000,0.02000000,0.01700000,0.00300000,1599.94480000,282.34320000,LOW_VOLUME_NODE
94114.40000000,0.05300000,0.04800000,0.00500000,4517.49600000,470.57250000,LOW_VOLUME_NODE
94115.20000000,0.23400000,0.23200000,0.00200000,21834.74960000,188.23060000,LOW_VOLUME_NODE
94115.30000000,0.02100000,0.01000000,0.01100000,941.15400000,1035.26940000,LOW_VOLUME_NODE
94115.40000000,0.48200000,0.11200000,0.37000000,10540.93600000,34822.73500000,LOW_VOLUME_NODE
94115.60000000,0.26400000,0.24800000,0.01600000,23340.68060000,1505.84990000,LOW_VOLUME_NODE
94115.70000000,0.21900000,0.20300000,0.01600000,19105.50740000,1505.85280000,LOW_VOLUME_NODE
94115.80000000,0.04500000,0.04300000,0.00200000,4046.98370000,188.23180000,LOW_VOLUME_NODE
94115.90000000,0.25500000,0.25300000,0.00200000,23811.34800000,188.23200000,LOW_VOLUME_NODE
94116.20000000,0.24200000,0.24000000,0.00200000,22587.91200000,188.23260000,LOW_VOLUME_NODE
94116.60000000,0.04500000,0.03600000,0.00900000,3388.20080000,847.05000000,LOW_VOLUME_NODE
94116.80000000,0.10700000,0.10500000,0.00200000,9882.27450000,188.23380000,LOW_VOLUME_NODE
94116.90000000,0.32000000,0.32000000,0.00000000,30117.44000000,0.00000000,LOW_VOLUME_NODE
94117.20000000,0.00700000,0.00500000,0.00200000,470.58650000,188.23460000,LOW_VOLUME_NODE
94117.30000000,0.00300000,0.00000000,0.00300000,0.00000000,282.35220000,LOW_VOLUME_NODE
94117.80000000,0.00300000,0.00000000,0.00300000,0.00000000,282.35370000,LOW_VOLUME_NODE
94117.90000000,0.52200000,0.52200000,0.00000000,49129.59600000,0.00000000,LOW_VOLUME_NODE
94118.20000000,0.02300000,0.02300000,0.00000000,2164.72090000,0.00000000,LOW_VOLUME_NODE
94118.40000000,0.13700000,0.13700000,0.00000000,12894.23450000,0.00000000,LOW_VOLUME_NODE
94118.70000000,0.23300000,0.00400000,0.22900000,376.47520000,21553.20520000,LOW_VOLUME_NODE
94118.80000000,0.46700000,0.46400000,0.00300000,43671.16960000,282.35670000,LOW_VOLUME_NODE
94118.90000000,0.01100000,0.01100000,0.00000000,1035.30900000,0.00000000,LOW_VOLUME_NODE
94119.20000000,0.02100000,0.01900000,0.00200000,1788.26670000,188.23860000,LOW_VOLUME_NODE
94119.30000000,0.00500000,0.00000000,0.00500000,0.00000000,470.59700000,LOW_VOLUME_NODE
94119.40000000,0.32400000,0.32400000,0.00000000,30494.71800000,0.00000000,LOW_VOLUME_NODE
94119.70000000,0.00300000,0.00300000,0.00000000,282.35940000,0.00000000,LOW_VOLUME_NODE
94119.80000000,0.01400000,0.01100000,0.00300000,1035.31890000,282.35970000,LOW_VOLUME_NODE
94119.90000000,0.43700000,0.41900000,0.01800000,39436.28000000,1694.16000000,LOW_VOLUME_NODE
94120.10000000,0.04700000,0.04100000,0.00600000,3858.92410000,564.72060000,LOW_VOLUME_NODE
94120.20000000,0.11400000,0.11200000,0.00200000,10541.47360000,188.24060000,LOW_VOLUME_NODE
94120.30000000,0.00800000,0.00000000,0.00800000,0.00000000,752.96320000,LOW_VOLUME_NODE
94120.40000000,0.39100000,0.39100000,0.00000000,36801.11550000,0.00000000,LOW_VOLUME_NODE
94120.60000000,0.35600000,0.35100000,0.00500000,33036.34090000,470.60300000,LOW_VOLUME_NODE
94120.70000000,0.00800000,0.00800000,0.00000000,752.96640000,0.00000000,LOW_VOLUME_NODE
94120.80000000,0.02900000,0.02900000,0.00000000,2729.50610000,0.00000000,LOW_VOLUME_NODE
94120.90000000,0.26000000,0.26000000,0.00000000,24471.46000000,0.00000000,LOW_VOLUME_NODE
94121.20000000,0.00200000,0.00200000,0.00000000,188.24260000,0.00000000,LOW_VOLUME_NODE
94121.30000000,0.04100000,0.04100000,0.00000000,3858.97740000,0.00000000,LOW_VOLUME_NODE
94121.40000000,0.01900000,0.01900000,0.00000000,1788.30850000,0.00000000,LOW_VOLUME_NODE
94121.60000000,0.33700000,0.33100000,0.00600000,31154.28250000,564.73020000,LOW_VOLUME_NODE
94121.70000000,0.34600000,0.34600000,0.00000000,32566.14280000,0.00000000,LOW_VOLUME_NODE
94121.80000000,0.11200000,0.11200000,0.00000000,10541.65280000,0.00000000,LOW_VOLUME_NODE
94121.90000000,0.02400000,0.01500000,0.00900000,1411.83000000,847.09800000,LOW_VOLUME_NODE
94122.10000000,0.09900000,0.09000000,0.00900000,8470.98900000,847.09950000,LOW_VOLUME_NODE
94122.20000000,0.17600000,0.16000000,0.01600000,15059.56800000,1505.95680000,LOW_VOLUME_NODE
94122.60000000,0.01100000,0.00500000,0.00600000,470.61320000,564.73620000,LOW_VOLUME_NODE
94122.70000000,0.01000000,0.00700000,0.00300000,658.85960000,282.36840000,LOW_VOLUME_NODE
94122.90000000,0.09200000,0.08900000,0.00300000,8376.94700000,282.36900000,LOW_VOLUME_NODE
94123.40000000,0.00300000,0.00000000,0.00300000,0.00000000,282.37050000,LOW_VOLUME_NODE
94123.60000000,0.02900000,0.02700000,0.00200000,2541.33750000,188.24740000,LOW_VOLUME_NODE
94123.80000000,0.01000000,0.01000000,0.00000000,941.23900000,0.00000000,LOW_VOLUME_NODE
94123.90000000,0.29000000,0.28700000,0.00300000,27013.58800000,282.37200000,LOW_VOLUME_NODE
94124.10000000,0.21500000,0.21500000,0.00000000,20236.70250000,0.00000000,LOW_VOLUME_NODE
94124.40000000,0.09800000,0.09300000,0.00500000,8753.57850000,470.62250000,LOW_VOLUME_NODE
94124.60000000,0.17000000,0.17000000,0.00000000,16001.19840000,0.00000000,LOW_VOLUME_NODE
94124.70000000,0.00500000,0.00200000,0.00300000,188.24960000,282.37440000,LOW_VOLUME_NODE
94124.90000000,0.34100000,0.32700000,0.01400000,30778.87500000,1317.75000000,LOW_VOLUME_NODE
94125.10000000,0.14000000,0.13800000,0.00200000,12989.26490000,188.25020000,LOW_VOLUME_NODE
94125.20000000,0.12100000,0.11500000,0.00600000,10824.40950000,564.75180000,LOW_VOLUME_NODE
94125.30000000,0.14100000,0.12100000,0.02000000,11389.17340000,1882.50800000,LOW_VOLUME_NODE
94125.40000000,0.04000000,0.02500000,0.01500000,2353.13750000,1411.88250000,LOW_VOLUME_NODE
94125.60000000,0.00600000,0.00600000,0.00000000,564.75360000,0.00000000,LOW_VOLUME_NODE
94125.70000000,0.00300000,0.00000000,0.00300000,0.00000000,282.37740000,LOW_VOLUME_NODE
94125.80000000,0.00200000,0.00200000,0.00000000,188.25180000,0.00000000,LOW_VOLUME_NODE
94125.90000000,0.08300000,0.08000000,0.00300000,7530.08000000,282.37800000,LOW_VOLUME_NODE
94126.10000000,0.12000000,0.09000000,0.03000000,8471.34940000,2823.78300000,LOW_VOLUME_NODE
94126.20000000,0.39700000,0.39700000,0.00000000,37368.14110000,0.00000000,LOW_VOLUME_NODE
94126.30000000,0.00400000,0.00400000,0.00000000,376.50560000,0.00000000,LOW_VOLUME_NODE
94126.40000000,0.01300000,0.00000000,0.01300000,0.00000000,1223.64450000,LOW_VOLUME_NODE
94126.60000000,0.08800000,0.06000000,0.02800000,5647.60200000,2635.54530000,LOW_VOLUME_NODE
94126.70000000,0.15700000,0.15500000,0.00200000,14589.65400000,188.25360000,LOW_VOLUME_NODE
94126.80000000,0.02200000,0.00800000,0.01400000,753.01520000,1317.77660000,LOW_VOLUME_NODE
94126.90000000,0.00500000,0.00200000,0.00300000,188.25400000,282.38100000,LOW_VOLUME_NODE
94127.10000000,0.19200000,0.18600000,0.00600000,17507.65880000,564.76290000,LOW_VOLUME_NODE
94127.20000000,0.08800000,0.08800000,0.00000000,8283.20240000,0.00000000,LOW_VOLUME_NODE
94127.30000000,0.00900000,0.00700000,0.00200000,658.89180000,188.25480000,LOW_VOLUME_NODE
94127.80000000,0.03100000,0.02900000,0.00200000,2729.70910000,188.25580000,LOW_VOLUME_NODE
94128.20000000,0.00500000,0.00500000,0.00000000,470.64150000,0.00000000,LOW_VOLUME_NODE
94128.30000000,0.44800000,0.44800000,0.00000000,42169.52320000,0.00000000,LOW_VOLUME_NODE
94128.40000000,0.02900000,0.02300000,0.00600000,2164.95550000,564.77100000,LOW_VOLUME_NODE
94128.60000000,0.18700000,0.18700000,0.00000000,17602.04910000,0.00000000,LOW_VOLUME_NODE
94128.90000000,0.23200000,0.22200000,0.01000000,20896.63800000,941.29000000,LOW_VOLUME_NODE
94129.20000000,0.05500000,0.05500000,0.00000000,5177.11150000,0.00000000,LOW_VOLUME_NODE
94129.30000000,0.00100000,0.00100000,0.00000000,94.12940000,0.00000000,LOW_VOLUME_NODE
94129.70000000,0.00600000,0.00400000,0.00200000,376.51920000,188.25960000,LOW_VOLUME_NODE
94129.80000000,0.15300000,0.15000000,0.00300000,14119.48500000,282.38970000,LOW_VOLUME_NODE
94130.10000000,0.14200000,0.09100000,0.05100000,8565.84790000,4800.64020000,LOW_VOLUME_NODE
94130.20000000,0.32500000,0.32500000,0.00000000,30592.34750000,0.00000000,LOW_VOLUME_NODE
94130.40000000,0.21500000,0.21500000,0.00000000,20238.05750000,0.00000000,LOW_VOLUME_NODE
94130.60000000,0.01000000,0.01000000,0.00000000,941.30640000,0.00000000,LOW_VOLUME_NODE
94130.80000000,0.00600000,0.00000000,0.00600000,0.00000000,564.78540000,LOW_VOLUME_NODE
94130.90000000,0.03300000,0.03300000,0.00000000,3106.32300000,0.00000000,LOW_VOLUME_NODE
94131.10000000,0.33000000,0.32600000,0.00400000,30686.76840000,376.52480000,LOW_VOLUME_NODE
94131.20000000,0.08600000,0.08600000,0.00000000,8095.29180000,0.00000000,LOW_VOLUME_NODE
94131.40000000,0.09900000,0.09900000,0.00000000,9319.01850000,0.00000000,LOW_VOLUME_NODE
94131.60000000,0.10800000,0.10500000,0.00300000,9883.82850000,282.39510000,LOW_VOLUME_NODE
94131.70000000,0.25900000,0.25900000,0.00000000,24380.13620000,0.00000000,LOW_VOLUME_NODE
94131.80000000,0.12100000,0.11500000,0.00600000,10825.16850000,564.79140000,LOW_VOLUME_NODE
94131.90000000,0.03200000,0.03200000,0.00000000,3012.22400000,0.00000000,LOW_VOLUME_NODE
94132.10000000,0.06900000,0.06600000,0.00300000,6212.71940000,282.39630000,LOW_VOLUME_NODE
94132.20000000,0.08800000,0.08800000,0.00000000,8283.64240000,0.00000000,LOW_VOLUME_NODE
94132.30000000,0.42600000,0.40300000,0.02300000,37935.35720000,2165.04520000,LOW_VOLUME_NODE
94132.60000000,0.11600000,0.11300000,0.00300000,10636.98380000,282.39780000,LOW_VOLUME_NODE
94132.70000000,0.00600000,0.00000000,0.00600000,0.00000000,564.79680000,LOW_VOLUME_NODE
94133.10000000,0.27000000,0.26700000,0.00300000,25133.53790000,282.39930000,LOW_VOLUME_NODE
94133.20000000,0.02500000,0.02300000,0.00200000,2165.06590000,188.26660000,LOW_VOLUME_NODE
94133.30000000,0.17400000,0.16200000,0.01200000,15249.61080000,1129.60080000,LOW_VOLUME_NODE
94133.60000000,0.15700000,0.04400000,0.11300000,4141.87860000,10637.09680000,LOW_VOLUME_NODE
94133.70000000,0.00800000,0.00800000,0.00000000,753.07040000,0.00000000,LOW_VOLUME_NODE
94134.10000000,0.19600000,0.19300000,0.00300000,18167.90060000,282.40230000,LOW_VOLUME_NODE
94134.40000000,0.05100000,0.04500000,0.00600000,4236.05250000,564.80700000,LOW_VOLUME_NODE
94134.60000000,0.14600000,0.05600000,0.09000000,5271.53830000,8472.12250000,LOW_VOLUME_NODE
94134.70000000,0.44600000,0.44400000,0.00200000,41795.85120000,188.26960000,LOW_VOLUME_NODE
94134.80000000,0.01700000,0.00000000,0.01700000,0.00000000,1600.29330000,LOW_VOLUME_NODE
94135.10000000,0.31200000,0.01500000,0.29700000,1412.02770000,27958.12470000,LOW_VOLUME_NODE
94135.40000000,0.06400000,0.00000000,0.06400000,0.00000000,6024.67200000,LOW_VOLUME_NODE
94135.60000000,0.01600000,0.01400000,0.00200000,1317.89840000,188.27120000,LOW_VOLUME_NODE
94135.70000000,0.15600000,0.10500000,0.05100000,9884.25900000,4800.92580000,LOW_VOLUME_NODE
94135.80000000,0.23000000,0.12500000,0.10500000,11766.98750000,9884.26950000,LOW_VOLUME_NODE
94136.10000000,0.00600000,0.00600000,0.00000000,564.81660000,0.00000000,LOW_VOLUME_NODE
94136.20000000,0.00200000,0.00200000,0.00000000,188.27260000,0.00000000,LOW_VOLUME_NODE
94136.30000000,0.00300000,0.00000000,0.00300000,0.00000000,282.40920000,LOW_VOLUME_NODE
94136.60000000,0.18300000,0.16000000,0.02300000,15061.87200000,2165.14180000,LOW_VOLUME_NODE
94136.70000000,0.21100000,0.00000000,0.21100000,0.00000000,19862.86480000,LOW_VOLUME_NODE
94136.80000000,0.01800000,0.01500000,0.00300000,1412.05350000,282.41070000,LOW_VOLUME_NODE
94136.90000000,0.02500000,0.02500000,0.00000000,2353.42500000,0.00000000,LOW_VOLUME_NODE
94137.10000000,0.01200000,0.01200000,0.00000000,1129.64520000,0.00000000,LOW_VOLUME_NODE
94137.20000000,0.00200000,0.00200000,0.00000000,188.27460000,0.00000000,LOW_VOLUME_NODE
94137.30000000,0.00800000,0.00500000,0.00300000,470.68700000,282.41220000,LOW_VOLUME_NODE
94137.40000000,0.34100000,0.00000000,0.34100000,0.00000000,32100.88750000,LOW_VOLUME_NODE
94137.60000000,0.21600000,0.21400000,0.00200000,20145.46760000,188.27520000,LOW_VOLUME_NODE
94137.80000000,0.00300000,0.00300000,0.00000000,282.41370000,0.00000000,LOW_VOLUME_NODE
94137.90000000,0.20900000,0.20700000,0.00200000,19486.56600000,188.27600000,LOW_VOLUME_NODE
94138.20000000,0.00300000,0.00300000,0.00000000,282.41490000,0.00000000,LOW_VOLUME_NODE
94138.30000000,0.00600000,0.00600000,0.00000000,564.83040000,0.00000000,LOW_VOLUME_NODE
94138.40000000,0.17600000,0.08800000,0.08800000,8284.18800000,8284.18800000,LOW_VOLUME_NODE
94138.80000000,0.18600000,0.18600000,0.00000000,17509.83540000,0.00000000,LOW_VOLUME_NODE
94138.90000000,0.00400000,0.00400000,0.00000000,376.55600000,0.00000000,LOW_VOLUME_NODE
94139.10000000,0.18200000,0.17900000,0.00300000,16850.89890000,282.41730000,LOW_VOLUME_NODE
94139.20000000,0.47800000,0.47800000,0.00000000,44998.58540000,0.00000000,LOW_VOLUME_NODE
94139.30000000,0.09100000,0.00600000,0.08500000,564.83640000,8001.84900000,LOW_VOLUME_NODE
94139.70000000,0.10400000,0.10400000,0.00000000,9790.53920000,0.00000000,LOW_VOLUME_NODE
94139.80000000,0.00800000,0.00800000,0.00000000,753.11920000,0.00000000,LOW_VOLUME_NODE
94139.90000000,0.19000000,0.18200000,0.00800000,17133.48000000,753.12000000,LOW_VOLUME_NODE
94140.10000000,0.11500000,0.11500000,0.00000000,10826.12250000,0.00000000,LOW_VOLUME_NODE
94140.20000000,0.00300000,0.00300000,0.00000000,282.42090000,0.00000000,LOW_VOLUME_NODE
94140.30000000,0.03500000,0.03500000,0.00000000,3294.91400000,0.00000000,LOW_VOLUME_NODE
94140.40000000,0.00200000,0.00200000,0.00000000,188.28100000,0.00000000,LOW_VOLUME_NODE
94140.60000000,0.11500000,0.11300000,0.00200000,10637.89910000,188.28120000,LOW_VOLUME_NODE
94140.80000000,0.51500000,0.25300000,0.26200000,23817.64770000,24664.91580000,LOW_VOLUME_NODE
94141.20000000,0.08700000,0.08400000,0.00300000,7907.86920000,282.42390000,LOW_VOLUME_NODE
94141.30000000,0.33100000,0.33100000,0.00000000,31160.80340000,0.00000000,LOW_VOLUME_NODE
94141.70000000,0.24900000,0.24700000,0.00200000,23253.02460000,188.28360000,LOW_VOLUME_NODE
94141.90000000,0.02700000,0.00300000,0.02400000,282.42600000,2259.40800000,LOW_VOLUME_NODE
94142.20000000,0.21500000,0.21300000,0.00200000,20052.30990000,188.28460000,LOW_VOLUME_NODE
94142.30000000,0.18500000,0.18500000,0.00000000,17416.34400000,0.00000000,LOW_VOLUME_NODE
94142.40000000,0.49400000,0.48500000,0.00900000,45659.11250000,847.28250000,LOW_VOLUME_NODE
94142.70000000,0.03200000,0.01000000,0.02200000,941.42800000,2071.14160000,LOW_VOLUME_NODE
94142.90000000,0.01300000,0.01100000,0.00200000,1035.57300000,188.28600000,LOW_VOLUME_NODE
94143.30000000,0.06700000,0.03300000,0.03400000,3106.73220000,3200.87560000,LOW_VOLUME_NODE
94143.70000000,0.00600000,0.00600000,0.00000000,564.86280000,0.00000000,LOW_VOLUME_NODE
94143.90000000,0.50300000,0.50300000,0.00000000,47354.43200000,0.00000000,LOW_VOLUME_NODE
94144.10000000,0.00700000,0.00700000,0.00000000,659.00900000,0.00000000,LOW_VOLUME_NODE
94144.20000000,0.01900000,0.01900000,0.00000000,1788.74170000,0.00000000,LOW_VOLUME_NODE
94144.30000000,0.39400000,0.39400000,0.00000000,37092.89360000,0.00000000,LOW_VOLUME_NODE
94144.40000000,0.00500000,0.00500000,0.00000000,470.72250000,0.00000000,LOW_VOLUME_NODE
94144.60000000,0.25400000,0.25400000,0.00000000,23912.73740000,0.00000000,LOW_VOLUME_NODE
94144.70000000,0.00200000,0.00200000,0.00000000,188.28960000,0.00000000,LOW_VOLUME_NODE
94144.80000000,0.00900000,0.00900000,0.00000000,847.30410000,0.00000000,LOW_VOLUME_NODE
94144.90000000,0.25700000,0.25700000,0.00000000,24195.26500000,0.00000000,LOW_VOLUME_NODE
94145.10000000,0.00300000,0.00300000,0.00000000,282.43560000,0.00000000,LOW_VOLUME_NODE
94145.20000000,0.10400000,0.10400000,0.00000000,9791.11120000,0.00000000,LOW_VOLUME_NODE
94145.30000000,0.29600000,0.29600000,0.00000000,27867.03840000,0.00000000,LOW_VOLUME_NODE
94145.40000000,0.13200000,0.00000000,0.13200000,0.00000000,12427.20600000,LOW_VOLUME_NODE
94145.70000000,0.10800000,0.00200000,0.10600000,188.29160000,9979.45480000,LOW_VOLUME_NODE
94145.80000000,0.00200000,0.00200000,0.00000000,188.29180000,0.00000000,LOW_VOLUME_NODE
94145.90000000,0.03100000,0.03100000,0.00000000,2918.52600000,0.00000000,LOW_VOLUME_NODE
94146.30000000,0.02800000,0.02800000,0.00000000,2636.09920000,0.00000000,LOW_VOLUME_NODE
94146.40000000,0.15000000,0.15000000,0.00000000,14121.97500000,0.00000000,LOW_VOLUME_NODE
94146.90000000,0.02900000,0.02900000,0.00000000,2730.26300000,0.00000000,LOW_VOLUME_NODE
94147.10000000,0.04600000,0.04600000,0.00000000,4330.77080000,0.00000000,LOW_VOLUME_NODE
94147.20000000,0.25300000,0.03400000,0.21900000,3201.00820000,20618.25870000,LOW_VOLUME_NODE
94147.30000000,0.34800000,0.02000000,0.32800000,1882.94800000,30880.34720000,LOW_VOLUME_NODE
94147.80000000,0.07000000,0.07000000,0.00000000,6590.35300000,0.00000000,LOW_VOLUME_NODE
94147.90000000,0.00400000,0.00400000,0.00000000,376.59200000,0.00000000,LOW_VOLUME_NODE
94148.10000000,0.40400000,0.40400000,0.00000000,38035.87280000,0.00000000,LOW_VOLUME_NODE
94148.20000000,0.01800000,0.01800000,0.00000000,1694.66940000,0.00000000,LOW_VOLUME_NODE
94148.60000000,0.00200000,0.00200000,0.00000000,188.29720000,0.00000000,LOW_VOLUME_NODE
94148.70000000,0.00300000,0.00300000,0.00000000,282.44640000,0.00000000,LOW_VOLUME_NODE
94148.90000000,0.30800000,0.30800000,0.00000000,28997.89200000,0.00000000,LOW_VOLUME_NODE
94149.10000000,0.16000000,0.16000000,0.00000000,15063.85600000,0.00000000,LOW_VOLUME_NODE
94149.20000000,0.01600000,0.01600000,0.00000000,1506.38880000,0.00000000,LOW_VOLUME_NODE
94149.30000000,0.03200000,0.03200000,0.00000000,3012.78080000,0.00000000,LOW_VOLUME_NODE
94149.40000000,0.00500000,0.00500000,0.00000000,470.74750000,0.00000000,LOW_VOLUME_NODE
94149.60000000,0.36100000,0.36100000,0.00000000,33988.03600000,0.00000000,LOW_VOLUME_NODE
94149.70000000,0.00400000,0.00400000,0.00000000,376.59920000,0.00000000,LOW_VOLUME_NODE
94149.80000000,0.01000000,0.01000000,0.00000000,941.49900000,0.00000000,LOW_VOLUME_NODE
94150.10000000,0.03000000,0.03000000,0.00000000,2824.50580000,0.00000000,LOW_VOLUME_NODE
94150.20000000,0.03900000,0.03900000,0.00000000,3671.86170000,0.00000000,LOW_VOLUME_NODE
94150.30000000,0.14100000,0.14100000,0.00000000,13275.20640000,0.00000000,LOW_VOLUME_NODE
94150.60000000,0.00200000,0.00200000,0.00000000,188.30140000,0.00000000,LOW_VOLUME_NODE
94150.70000000,0.11300000,0.11300000,0.00000000,10639.04040000,0.00000000,LOW_VOLUME_NODE
94151.10000000,0.00200000,0.00200000,0.00000000,188.30220000,0.00000000,LOW_VOLUME_NODE
94151.30000000,0.00200000,0.00200000,0.00000000,188.30280000,0.00000000,LOW_VOLUME_NODE
94151.70000000,0.06500000,0.06500000,0.00000000,6119.86700000,0.00000000,LOW_VOLUME_NODE
94151.80000000,0.40100000,0.40100000,0.00000000,37754.91190000,0.00000000,LOW_VOLUME_NODE
94151.90000000,0.27900000,0.27900000,0.00000000,26268.40800000,0.00000000,LOW_VOLUME_NODE
94152.10000000,0.01200000,0.01200000,0.00000000,1129.82520000,0.00000000,LOW_VOLUME_NODE
94152.60000000,0.17400000,0.17400000,0.00000000,16382.55800000,0.00000000,LOW_VOLUME_NODE
94152.70000000,0.34100000,0.34100000,0.00000000,32106.10480000,0.00000000,LOW_VOLUME_NODE
94152.80000000,0.16900000,0.16900000,0.00000000,15911.84010000,0.00000000,LOW_VOLUME_NODE
94153.30000000,0.28000000,0.28000000,0.00000000,26362.95200000,0.00000000,LOW_VOLUME_NODE
94153.40000000,0.01000000,0.01000000,0.00000000,941.53500000,0.00000000,LOW_VOLUME_NODE
94153.60000000,0.00700000,0.00700000,0.00000000,659.07540000,0.00000000,LOW_VOLUME_NODE
94153.70000000,0.01000000,0.01000000,0.00000000,941.53800000,0.00000000,LOW_VOLUME_NODE
94154.10000000,0.00200000,0.00200000,0.00000000,188.30840000,0.00000000,LOW_VOLUME_NODE
94154.20000000,0.00800000,0.00800000,0.00000000,753.23440000,0.00000000,LOW_VOLUME_NODE
94154.40000000,0.10200000,0.10200000,0.00000000,9603.75900000,0.00000000,LOW_VOLUME_NODE
94154.60000000,0.01000000,0.01000000,0.00000000,941.54700000,0.00000000,LOW_VOLUME_NODE
94154.70000000,0.00300000,0.00300000,0.00000000,282.46440000,0.00000000,LOW_VOLUME_NODE
94154.90000000,0.01100000,0.01100000,0.00000000,1035.70500000,0.00000000,LOW_VOLUME_NODE
94155.60000000,0.28000000,0.28000000,0.00000000,26363.59600000,0.00000000,LOW_VOLUME_NODE
94155.80000000,0.01200000,0.01200000,0.00000000,1129.87080000,0.00000000,LOW_VOLUME_NODE
94155.90000000,0.00300000,0.00300000,0.00000000,282.46800000,0.00000000,LOW_VOLUME_NODE
94156.10000000,0.00300000,0.00300000,0.00000000,282.46830000,0.00000000,LOW_VOLUME_NODE
94156.20000000,0.13600000,0.13600000,0.00000000,12805.25680000,0.00000000,LOW_VOLUME_NODE
94156.40000000,0.00600000,0.00600000,0.00000000,564.93900000,0.00000000,LOW_VOLUME_NODE
94156.60000000,0.00200000,0.00200000,0.00000000,188.31340000,0.00000000,LOW_VOLUME_NODE
94156.70000000,0.00400000,0.00400000,0.00000000,376.62720000,0.00000000,LOW_VOLUME_NODE
94156.80000000,0.00200000,0.00200000,0.00000000,188.31380000,0.00000000,LOW_VOLUME_NODE
94156.90000000,0.00200000,0.00200000,0.00000000,188.31400000,0.00000000,LOW_VOLUME_NODE
94157.10000000,0.00200000,0.00200000,0.00000000,188.31440000,0.00000000,LOW_VOLUME_NODE
94157.30000000,0.05100000,0.05100000,0.00000000,4802.02740000,0.00000000,LOW_VOLUME_NODE
94157.60000000,0.02300000,0.02300000,0.00000000,2165.62690000,0.00000000,LOW_VOLUME_NODE
94157.80000000,0.10200000,0.10200000,0.00000000,9604.10580000,0.00000000,LOW_VOLUME_NODE
94158.20000000,0.10900000,0.10900000,0.00000000,10263.25470000,0.00000000,LOW_VOLUME_NODE
94158.30000000,0.00500000,0.00500000,0.00000000,470.79200000,0.00000000,LOW_VOLUME_NODE
94158.70000000,0.22200000,0.22200000,0.00000000,20903.25360000,0.00000000,LOW_VOLUME_NODE
94158.80000000,0.00200000,0.00200000,0.00000000,188.31780000,0.00000000,LOW_VOLUME_NODE
94158.90000000,0.01300000,0.01300000,0.00000000,1224.06700000,0.00000000,LOW_VOLUME_NODE
94159.20000000,0.00400000,0.00400000,0.00000000,376.63720000,0.00000000,LOW_VOLUME_NODE
94159.30000000,0.08900000,0.08900000,0.00000000,8380.18660000,0.00000000,LOW_VOLUME_NODE
94159.40000000,0.29800000,0.29800000,0.00000000,28059.53100000,0.00000000,LOW_VOLUME_NODE
94159.70000000,0.02600000,0.02600000,0.00000000,2448.15480000,0.00000000,LOW_VOLUME_NODE
94159.80000000,0.00200000,0.00200000,0.00000000,188.31980000,0.00000000,LOW_VOLUME_NODE
94159.90000000,0.05100000,0.05100000,0.00000000,4802.16000000,0.00000000,LOW_VOLUME_NODE
94160.10000000,0.38900000,0.38900000,0.00000000,36628.28640000,0.00000000,LOW_VOLUME_NODE
94160.20000000,0.00700000,0.00700000,0.00000000,659.12210000,0.00000000,LOW_VOLUME_NODE
94160.60000000,0.06700000,0.06700000,0.00000000,6308.76090000,0.00000000,LOW_VOLUME_NODE
94160.70000000,0.11000000,0.11000000,0.00000000,10357.68800000,0.00000000,LOW_VOLUME_NODE
94161.20000000,0.05700000,0.05700000,0.00000000,5367.19410000,0.00000000,LOW_VOLUME_NODE
94161.30000000,0.02600000,0.02600000,0.00000000,2448.19640000,0.00000000,LOW_VOLUME_NODE
94161.40000000,0.16700000,0.16700000,0.00000000,15724.97050000,0.00000000,LOW_VOLUME_NODE
94161.60000000,0.00400000,0.00400000,0.00000000,376.64640000,0.00000000,LOW_VOLUME_NODE
94161.70000000,0.00200000,0.00200000,0.00000000,188.32360000,0.00000000,LOW_VOLUME_NODE
94161.80000000,0.00700000,0.00700000,0.00000000,659.13330000,0.00000000,LOW_VOLUME_NODE
94161.90000000,0.02900000,0.02900000,0.00000000,2730.69800000,0.00000000,LOW_VOLUME_NODE
94162.20000000,0.00500000,0.00500000,0.00000000,470.81150000,0.00000000,LOW_VOLUME_NODE
94162.30000000,0.05300000,0.05300000,0.00000000,4990.60720000,0.00000000,LOW_VOLUME_NODE
94162.40000000,0.00900000,0.00900000,0.00000000,847.46250000,0.00000000,LOW_VOLUME_NODE
94162.60000000,0.00500000,0.00500000,0.00000000,470.81320000,0.00000000,LOW_VOLUME_NODE
94162.80000000,0.00200000,0.00200000,0.00000000,188.32580000,0.00000000,LOW_VOLUME_NODE
94163.10000000,0.11900000,0.11900000,0.00000000,11205.41240000,0.00000000,LOW_VOLUME_NODE
94163.40000000,0.00200000,0.00200000,0.00000000,188.32700000,0.00000000,LOW_VOLUME_NODE
94163.60000000,0.16200000,0.16200000,0.00000000,15254.51080000,0.00000000,LOW_VOLUME_NODE
94163.70000000,0.28000000,0.28000000,0.00000000,26365.86400000,0.00000000,LOW_VOLUME_NODE
94163.80000000,0.16700000,0.16700000,0.00000000,15725.37130000,0.00000000,LOW_VOLUME_NODE
94163.90000000,0.03500000,0.03500000,0.00000000,3295.74000000,0.00000000,LOW_VOLUME_NODE
94164.10000000,0.01600000,0.01600000,0.00000000,1506.62700000,0.00000000,LOW_VOLUME_NODE
94164.20000000,0.02800000,0.02800000,0.00000000,2636.60040000,0.00000000,LOW_VOLUME_NODE
94164.30000000,0.03200000,0.03200000,0.00000000,3013.26080000,0.00000000,LOW_VOLUME_NODE
94164.60000000,0.45800000,0.45800000,0.00000000,43127.39240000,0.00000000,LOW_VOLUME_NODE
94164.80000000,0.02800000,0.02800000,0.00000000,2636.61720000,0.00000000,LOW_VOLUME_NODE
94164.90000000,0.10500000,0.10500000,0.00000000,9887.32500000,0.00000000,LOW_VOLUME_NODE
94165.10000000,0.34800000,0.34800000,0.00000000,32769.48960000,0.00000000,LOW_VOLUME_NODE
94165.40000000,0.07600000,0.07600000,0.00000000,7156.57800000,0.00000000,LOW_VOLUME_NODE
94165.60000000,0.36800000,0.36800000,0.00000000,34652.97260000,0.00000000,LOW_VOLUME_NODE
94165.70000000,0.05500000,0.05500000,0.00000000,5179.11900000,0.00000000,LOW_VOLUME_NODE
94165.90000000,0.03400000,0.03400000,0.00000000,3201.64400000,0.00000000,LOW_VOLUME_NODE
94166.10000000,0.00200000,0.00200000,0.00000000,188.33240000,0.00000000,LOW_VOLUME_NODE
94166.60000000,0.05300000,0.05300000,0.00000000,4990.83310000,0.00000000,LOW_VOLUME_NODE
94166.70000000,0.03300000,0.03300000,0.00000000,3107.50440000,0.00000000,LOW_VOLUME_NODE
94166.80000000,0.09100000,0.09100000,0.00000000,8569.18790000,0.00000000,LOW_VOLUME_NODE
94166.90000000,0.00800000,0.00800000,0.00000000,753.33600000,0.00000000,LOW_VOLUME_NODE
94167.60000000,0.05600000,0.05600000,0.00000000,5273.38560000,0.00000000,LOW_VOLUME_NODE
94167.70000000,0.00300000,0.00300000,0.00000000,282.50340000,0.00000000,LOW_VOLUME_NODE
94167.90000000,0.05800000,0.05800000,0.00000000,5461.74400000,0.00000000,LOW_VOLUME_NODE
94168.20000000,0.00500000,0.00500000,0.00000000,470.84150000,0.00000000,LOW_VOLUME_NODE
94168.30000000,0.22500000,0.22500000,0.00000000,21187.89000000,0.00000000,LOW_VOLUME_NODE
94168.40000000,0.02000000,0.02000000,0.00000000,1883.37000000,0.00000000,LOW_VOLUME_NODE
94168.60000000,0.03000000,0.03000000,0.00000000,2825.05800000,0.00000000,LOW_VOLUME_NODE
94168.70000000,0.01700000,0.01700000,0.00000000,1600.86960000,0.00000000,LOW_VOLUME_NODE
94168.80000000,0.06800000,0.06800000,0.00000000,6403.48520000,0.00000000,LOW_VOLUME_NODE
94168.90000000,0.06400000,0.06400000,0.00000000,6026.81600000,0.00000000,LOW_VOLUME_NODE
94169.10000000,0.03300000,0.03300000,0.00000000,3107.58060000,0.00000000,LOW_VOLUME_NODE
94169.20000000,0.01400000,0.01400000,0.00000000,1318.37020000,0.00000000,LOW_VOLUME_NODE
94169.90000000,0.21400000,0.21400000,0.00000000,20152.38000000,0.00000000,LOW_VOLUME_NODE
94170.10000000,0.23900000,0.23900000,0.00000000,22506.67750000,0.00000000,LOW_VOLUME_NODE
94170.20000000,0.00300000,0.00300000,0.00000000,282.51090000,0.00000000,LOW_VOLUME_NODE
94170.30000000,0.01200000,0.01200000,0.00000000,1130.04480000,0.00000000,LOW_VOLUME_NODE
94170.40000000,0.04100000,0.04100000,0.00000000,3860.99050000,0.00000000,LOW_VOLUME_NODE
94170.70000000,0.05300000,0.05300000,0.00000000,4991.05240000,0.00000000,LOW_VOLUME_NODE
94170.80000000,0.05600000,0.05600000,0.00000000,5273.57040000,0.00000000,LOW_VOLUME_NODE
94170.90000000,0.00700000,0.00700000,0.00000000,659.19700000,0.00000000,LOW_VOLUME_NODE
94171.10000000,0.07400000,0.07400000,0.00000000,6968.66880000,0.00000000,LOW_VOLUME_NODE
94171.20000000,0.03700000,0.03700000,0.00000000,3484.33810000,0.00000000,LOW_VOLUME_NODE
94171.30000000,0.17300000,0.17300000,0.00000000,16291.65220000,0.00000000,LOW_VOLUME_NODE
94171.40000000,0.01800000,0.01800000,0.00000000,1695.08700000,0.00000000,LOW_VOLUME_NODE
94171.60000000,0.00200000,0.00200000,0.00000000,188.34320000,0.00000000,LOW_VOLUME_NODE
94171.70000000,0.00300000,0.00300000,0.00000000,282.51540000,0.00000000,LOW_VOLUME_NODE
94171.90000000,0.00200000,0.00200000,0.00000000,188.34400000,0.00000000,LOW_VOLUME_NODE
94172.10000000,0.05900000,0.05900000,0.00000000,5556.15950000,0.00000000,LOW_VOLUME_NODE
94172.20000000,0.05300000,0.05300000,0.00000000,4991.13190000,0.00000000,LOW_VOLUME_NODE
94172.30000000,0.07600000,0.07600000,0.00000000,7157.10240000,0.00000000,LOW_VOLUME_NODE
94172.70000000,0.00200000,0.00200000,0.00000000,188.34560000,0.00000000,LOW_VOLUME_NODE
94172.80000000,0.01100000,0.01100000,0.00000000,1035.90190000,0.00000000,LOW_VOLUME_NODE
94172.90000000,0.00900000,0.00900000,0.00000000,847.55700000,0.00000000,LOW_VOLUME_NODE
94173.30000000,0.01100000,0.01100000,0.00000000,1035.90740000,0.00000000,LOW_VOLUME_NODE
94173.40000000,0.00400000,0.00400000,0.00000000,376.69400000,0.00000000,LOW_VOLUME_NODE
94173.80000000,0.07500000,0.07500000,0.00000000,7063.04250000,0.00000000,LOW_VOLUME_NODE
94173.90000000,0.00200000,0.00200000,0.00000000,188.34800000,0.00000000,LOW_VOLUME_NODE
94174.10000000,0.16400000,0.16400000,0.00000000,15444.56030000,0.00000000,LOW_VOLUME_NODE
94174.60000000,0.00200000,0.00200000,0.00000000,188.34940000,0.00000000,LOW_VOLUME_NODE
94174.80000000,0.00600000,0.00600000,0.00000000,565.04940000,0.00000000,LOW_VOLUME_NODE
94175.10000000,0.39900000,0.39900000,0.00000000,37575.90480000,0.00000000,LOW_VOLUME_NODE
94175.30000000,0.01300000,0.01300000,0.00000000,1224.28020000,0.00000000,LOW_VOLUME_NODE
94175.60000000,0.06100000,0.06100000,0.00000000,5744.71610000,0.00000000,LOW_VOLUME_NODE
94175.90000000,0.00400000,0.00400000,0.00000000,376.70400000,0.00000000,LOW_VOLUME_NODE
94176.30000000,0.05800000,0.05800000,0.00000000,5462.23120000,0.00000000,LOW_VOLUME_NODE
94176.40000000,0.16000000,0.16000000,0.00000000,15068.24000000,0.00000000,LOW_VOLUME_NODE
94176.60000000,0.00300000,0.00300000,0.00000000,282.53010000,0.00000000,LOW_VOLUME_NODE
94176.90000000,0.02200000,0.02200000,0.00000000,2071.89400000,0.00000000,LOW_VOLUME_NODE
94177.10000000,0.07700000,0.07700000,0.00000000,7251.63770000,0.00000000,LOW_VOLUME_NODE
94177.20000000,0.00200000,0.00200000,0.00000000,188.35460000,0.00000000,LOW_VOLUME_NODE
94177.60000000,0.02900000,0.02900000,0.00000000,2731.15240000,0.00000000,LOW_VOLUME_NODE
94177.80000000,0.04500000,0.04500000,0.00000000,4238.00550000,0.00000000,LOW_VOLUME_NODE
94177.90000000,0.05200000,0.05200000,0.00000000,4897.25600000,0.00000000,LOW_VOLUME_NODE
94178.10000000,0.12600000,0.12600000,0.00000000,11866.45290000,0.00000000,LOW_VOLUME_NODE
94178.30000000,0.01200000,0.01200000,0.00000000,1130.14080000,0.00000000,LOW_VOLUME_NODE
94178.60000000,0.00300000,0.00300000,0.00000000,282.53610000,0.00000000,LOW_VOLUME_NODE
94178.90000000,0.01800000,0.01800000,0.00000000,1695.22200000,0.00000000,LOW_VOLUME_NODE
94179.10000000,0.04000000,0.04000000,0.00000000,3767.16420000,0.00000000,LOW_VOLUME_NODE
94179.60000000,0.24400000,0.24400000,0.00000000,22979.84680000,0.00000000,LOW_VOLUME_NODE
94179.70000000,0.00900000,0.00900000,0.00000000,847.61820000,0.00000000,LOW_VOLUME_NODE
94179.90000000,0.01700000,0.01700000,0.00000000,1601.06000000,0.00000000,LOW_VOLUME_NODE
94180.10000000,0.00900000,0.00900000,0.00000000,847.62180000,0.00000000,LOW_VOLUME_NODE
94180.30000000,0.00200000,0.00200000,0.00000000,188.36080000,0.00000000,LOW_VOLUME_NODE
94180.60000000,0.00900000,0.00900000,0.00000000,847.62540000,0.00000000,LOW_VOLUME_NODE
94180.90000000,0.24600000,0.24600000,0.00000000,23168.52600000,0.00000000,LOW_VOLUME_NODE
94181.10000000,0.10200000,0.10200000,0.00000000,9606.47220000,0.00000000,LOW_VOLUME_NODE
94181.20000000,0.00500000,0.00500000,0.00000000,470.90650000,0.00000000,LOW_VOLUME_NODE
94181.40000000,0.01400000,0.01400000,0.00000000,1318.54100000,0.00000000,LOW_VOLUME_NODE
94181.60000000,0.00400000,0.00400000,0.00000000,376.72680000,0.00000000,LOW_VOLUME_NODE
94181.90000000,0.03800000,0.03800000,0.00000000,3578.91600000,0.00000000,LOW_VOLUME_NODE
94182.10000000,0.23800000,0.23800000,0.00000000,22415.36360000,0.00000000,LOW_VOLUME_NODE
94182.20000000,0.02200000,0.02200000,0.00000000,2072.01060000,0.00000000,LOW_VOLUME_NODE
94182.30000000,0.00200000,0.00200000,0.00000000,188.36480000,0.00000000,LOW_VOLUME_NODE
94182.40000000,0.03200000,0.03200000,0.00000000,3013.84000000,0.00000000,LOW_VOLUME_NODE
94182.60000000,0.02600000,0.02600000,0.00000000,2448.74760000,0.00000000,LOW_VOLUME_NODE
94182.70000000,0.04500000,0.04500000,0.00000000,4238.22600000,0.00000000,LOW_VOLUME_NODE
94182.80000000,0.00500000,0.00500000,0.00000000,470.91450000,0.00000000,LOW_VOLUME_NODE
94182.90000000,0.00300000,0.00300000,0.00000000,282.54900000,0.00000000,LOW_VOLUME_NODE
94183.20000000,0.00200000,0.00200000,0.00000000,188.36660000,0.00000000,LOW_VOLUME_NODE
94183.30000000,0.00200000,0.00200000,0.00000000,188.36680000,0.00000000,LOW_VOLUME_NODE
94183.70000000,0.00400000,0.00400000,0.00000000,376.73520000,0.00000000,LOW_VOLUME_NODE
94183.90000000,0.18900000,0.18900000,0.00000000,17800.77600000,0.00000000,LOW_VOLUME_NODE
94184.10000000,0.00700000,0.00700000,0.00000000,659.28940000,0.00000000,LOW_VOLUME_NODE
94184.20000000,0.00200000,0.00200000,0.00000000,188.36860000,0.00000000,LOW_VOLUME_NODE
94184.40000000,0.00500000,0.00500000,0.00000000,470.92250000,0.00000000,LOW_VOLUME_NODE
94184.60000000,0.52000000,0.52000000,0.00000000,48975.99200000,0.00000000,LOW_VOLUME_NODE
94184.80000000,0.00900000,0.00900000,0.00000000,847.66410000,0.00000000,LOW_VOLUME_NODE
94184.90000000,0.48700000,0.48700000,0.00000000,45868.09500000,0.00000000,LOW_VOLUME_NODE
